student_id;student_name;kampus;skill;score
J0001;Laila Kusuma;Jakarta;agile;87.4
J0001;Laila Kusuma;Jakarta;algorithm design;94.9
J0001;Laila Kusuma;Jakarta;api;81.3
J0001;Laila Kusuma;Jakarta;basic programming;94.9
J0001;Laila Kusuma;Jakarta;basis data / database;97.6
J0001;Laila Kusuma;Jakarta;cloud computing;65.1
J0001;Laila Kusuma;Jakarta;cobit;94.9
J0001;Laila Kusuma;Jakarta;data mining;68.8
J0001;Laila Kusuma;Jakarta;data warehouse;76.6
J0001;Laila Kusuma;Jakarta;decision tree;90.6
J0001;Laila Kusuma;Jakarta;design thinking;77.3
J0001;Laila Kusuma;Jakarta;erd (entity relationship diagram);53.1
J0001;Laila Kusuma;Jakarta;erp (enterprise resource planning);96.9
J0001;Laila Kusuma;Jakarta;etl (extract transform load);71.8
J0001;Laila Kusuma;Jakarta;firewall;76.1
J0001;Laila Kusuma;Jakarta;git;90.2
J0001;Laila Kusuma;Jakarta;graphql;60.0
J0001;Laila Kusuma;Jakarta;html;57.8
J0001;Laila Kusuma;Jakarta;information systems;96.6
J0001;Laila Kusuma;Jakarta;jaringan komputer;75.3
J0001;Laila Kusuma;Jakarta;klasifikasi (data);98.4
J0001;Laila Kusuma;Jakarta;kpi (key performance indicator);66.5
J0001;Laila Kusuma;Jakarta;kriptografi;80.1
J0001;Laila Kusuma;Jakarta;linux;51.3
J0001;Laila Kusuma;Jakarta;machine learning;88.4
J0001;Laila Kusuma;Jakarta;mysql;95.3
J0001;Laila Kusuma;Jakarta;neural network;89.8
J0001;Laila Kusuma;Jakarta;nosql;82.3
J0001;Laila Kusuma;Jakarta;oop (object oriented programming);96.4
J0001;Laila Kusuma;Jakarta;osi layer;63.9
J0001;Laila Kusuma;Jakarta;otorisasi;66.4
J0001;Laila Kusuma;Jakarta;php;84.9
J0001;Laila Kusuma;Jakarta;prototyping;92.8
J0001;Laila Kusuma;Jakarta;pseudocode;77.0
J0001;Laila Kusuma;Jakarta;python;70.6
J0001;Laila Kusuma;Jakarta;regresi;92.8
J0001;Laila Kusuma;Jakarta;rest api;83.7
J0001;Laila Kusuma;Jakarta;routing;94.5
J0001;Laila Kusuma;Jakarta;sap;90.2
J0001;Laila Kusuma;Jakarta;scm (supply chain management);98.0
J0001;Laila Kusuma;Jakarta;scrum;63.4
J0001;Laila Kusuma;Jakarta;sql;82.1
J0001;Laila Kusuma;Jakarta;statistika/probabilitas;97.3
J0001;Laila Kusuma;Jakarta;switching;65.9
J0001;Laila Kusuma;Jakarta;tcp/ip;97.0
J0001;Laila Kusuma;Jakarta;uml (unified modeling language);77.0
J0001;Laila Kusuma;Jakarta;vulnerability assessment;93.3
J0002;Wulan Syahputra;Jakarta;agile;88.8
J0002;Wulan Syahputra;Jakarta;algorithm design;90.0
J0002;Wulan Syahputra;Jakarta;basic programming;90.0
J0002;Wulan Syahputra;Jakarta;basis data / database;92.7
J0002;Wulan Syahputra;Jakarta;cloud computing;95.8
J0002;Wulan Syahputra;Jakarta;cobit;70.1
J0002;Wulan Syahputra;Jakarta;data mining;94.9
J0002;Wulan Syahputra;Jakarta;data warehouse;56.4
J0002;Wulan Syahputra;Jakarta;decision tree;83.1
J0002;Wulan Syahputra;Jakarta;erp (enterprise resource planning);81.6
J0002;Wulan Syahputra;Jakarta;etl (extract transform load);97.6
J0002;Wulan Syahputra;Jakarta;firewall;63.1
J0002;Wulan Syahputra;Jakarta;flowchart;67.2
J0002;Wulan Syahputra;Jakarta;git;72.2
J0002;Wulan Syahputra;Jakarta;graphql;52.4
J0002;Wulan Syahputra;Jakarta;html;89.3
J0002;Wulan Syahputra;Jakarta;information systems;99.7
J0002;Wulan Syahputra;Jakarta;jaringan komputer;68.3
J0002;Wulan Syahputra;Jakarta;klasifikasi (data);98.3
J0002;Wulan Syahputra;Jakarta;kpi (key performance indicator);94.2
J0002;Wulan Syahputra;Jakarta;kriptografi;61.5
J0002;Wulan Syahputra;Jakarta;linux;89.5
J0002;Wulan Syahputra;Jakarta;machine learning;98.3
J0002;Wulan Syahputra;Jakarta;microsoft excel;93.5
J0002;Wulan Syahputra;Jakarta;neural network;66.4
J0002;Wulan Syahputra;Jakarta;nosql;87.1
J0002;Wulan Syahputra;Jakarta;oop (object oriented programming);88.2
J0002;Wulan Syahputra;Jakarta;osi layer;53.7
J0002;Wulan Syahputra;Jakarta;otorisasi;97.9
J0002;Wulan Syahputra;Jakarta;php;89.1
J0002;Wulan Syahputra;Jakarta;prototyping;85.3
J0002;Wulan Syahputra;Jakarta;pseudocode;54.9
J0002;Wulan Syahputra;Jakarta;regresi;59.9
J0002;Wulan Syahputra;Jakarta;routing;93.0
J0002;Wulan Syahputra;Jakarta;sap;91.4
J0002;Wulan Syahputra;Jakarta;scm (supply chain management);69.2
J0002;Wulan Syahputra;Jakarta;sql;80.8
J0002;Wulan Syahputra;Jakarta;statistika/probabilitas;97.3
J0002;Wulan Syahputra;Jakarta;switching;98.7
J0002;Wulan Syahputra;Jakarta;tcp/ip;78.1
J0002;Wulan Syahputra;Jakarta;uml (unified modeling language);88.9
J0002;Wulan Syahputra;Jakarta;vulnerability assessment;81.4
J0003;Galih Kusuma;Jakarta;agile;95.2
J0003;Galih Kusuma;Jakarta;algorithm design;86.7
J0003;Galih Kusuma;Jakarta;api;98.3
J0003;Galih Kusuma;Jakarta;basic programming;86.7
J0003;Galih Kusuma;Jakarta;basis data / database;96.5
J0003;Galih Kusuma;Jakarta;cloud computing;86.2
J0003;Galih Kusuma;Jakarta;cobit;56.3
J0003;Galih Kusuma;Jakarta;data mining;97.6
J0003;Galih Kusuma;Jakarta;decision tree;91.9
J0003;Galih Kusuma;Jakarta;design thinking;88.4
J0003;Galih Kusuma;Jakarta;erd (entity relationship diagram);72.9
J0003;Galih Kusuma;Jakarta;erp (enterprise resource planning);98.7
J0003;Galih Kusuma;Jakarta;etl (extract transform load);78.7
J0003;Galih Kusuma;Jakarta;firewall;67.8
J0003;Galih Kusuma;Jakarta;flowchart;57.0
J0003;Galih Kusuma;Jakarta;git;81.8
J0003;Galih Kusuma;Jakarta;graphql;62.2
J0003;Galih Kusuma;Jakarta;html;69.5
J0003;Galih Kusuma;Jakarta;information systems;99.4
J0003;Galih Kusuma;Jakarta;jaringan komputer;50.8
J0003;Galih Kusuma;Jakarta;klasifikasi (data);84.8
J0003;Galih Kusuma;Jakarta;kpi (key performance indicator);61.9
J0003;Galih Kusuma;Jakarta;kriptografi;99.6
J0003;Galih Kusuma;Jakarta;linux;96.3
J0003;Galih Kusuma;Jakarta;machine learning;93.6
J0003;Galih Kusuma;Jakarta;microsoft excel;59.8
J0003;Galih Kusuma;Jakarta;neural network;77.1
J0003;Galih Kusuma;Jakarta;nosql;87.0
J0003;Galih Kusuma;Jakarta;oop (object oriented programming);92.6
J0003;Galih Kusuma;Jakarta;osi layer;89.8
J0003;Galih Kusuma;Jakarta;otorisasi;94.0
J0003;Galih Kusuma;Jakarta;php;79.6
J0003;Galih Kusuma;Jakarta;prototyping;72.6
J0003;Galih Kusuma;Jakarta;pseudocode;75.7
J0003;Galih Kusuma;Jakarta;python;98.3
J0003;Galih Kusuma;Jakarta;rest api;84.5
J0003;Galih Kusuma;Jakarta;routing;73.5
J0003;Galih Kusuma;Jakarta;sap;74.3
J0003;Galih Kusuma;Jakarta;scm (supply chain management);99.1
J0003;Galih Kusuma;Jakarta;scrum;81.7
J0003;Galih Kusuma;Jakarta;sql;89.8
J0003;Galih Kusuma;Jakarta;statistika/probabilitas;95.6
J0003;Galih Kusuma;Jakarta;switching;92.8
J0003;Galih Kusuma;Jakarta;tcp/ip;94.3
J0003;Galih Kusuma;Jakarta;uml (unified modeling language);94.4
J0003;Galih Kusuma;Jakarta;vulnerability assessment;96.9
J0004;Oki Utami;Jakarta;agile;77.8
J0004;Oki Utami;Jakarta;algorithm design;87.6
J0004;Oki Utami;Jakarta;api;76.8
J0004;Oki Utami;Jakarta;basic programming;87.6
J0004;Oki Utami;Jakarta;basis data / database;89.3
J0004;Oki Utami;Jakarta;cloud computing;96.5
J0004;Oki Utami;Jakarta;cobit;82.5
J0004;Oki Utami;Jakarta;data mining;82.7
J0004;Oki Utami;Jakarta;data warehouse;87.9
J0004;Oki Utami;Jakarta;decision tree;54.6
J0004;Oki Utami;Jakarta;design thinking;83.5
J0004;Oki Utami;Jakarta;erd (entity relationship diagram);53.2
J0004;Oki Utami;Jakarta;erp (enterprise resource planning);71.5
J0004;Oki Utami;Jakarta;etl (extract transform load);52.7
J0004;Oki Utami;Jakarta;firewall;67.6
J0004;Oki Utami;Jakarta;flowchart;95.9
J0004;Oki Utami;Jakarta;git;74.1
J0004;Oki Utami;Jakarta;graphql;84.2
J0004;Oki Utami;Jakarta;html;66.2
J0004;Oki Utami;Jakarta;information systems;99.9
J0004;Oki Utami;Jakarta;jaringan komputer;78.7
J0004;Oki Utami;Jakarta;klasifikasi (data);96.5
J0004;Oki Utami;Jakarta;kpi (key performance indicator);73.8
J0004;Oki Utami;Jakarta;kriptografi;90.7
J0004;Oki Utami;Jakarta;linux;98.5
J0004;Oki Utami;Jakarta;machine learning;77.7
J0004;Oki Utami;Jakarta;microsoft excel;92.3
J0004;Oki Utami;Jakarta;mysql;86.4
J0004;Oki Utami;Jakarta;neural network;92.8
J0004;Oki Utami;Jakarta;nosql;71.5
J0004;Oki Utami;Jakarta;oop (object oriented programming);98.1
J0004;Oki Utami;Jakarta;osi layer;50.6
J0004;Oki Utami;Jakarta;otorisasi;89.2
J0004;Oki Utami;Jakarta;php;84.1
J0004;Oki Utami;Jakarta;prototyping;77.2
J0004;Oki Utami;Jakarta;pseudocode;64.9
J0004;Oki Utami;Jakarta;python;79.6
J0004;Oki Utami;Jakarta;regresi;99.9
J0004;Oki Utami;Jakarta;rest api;99.6
J0004;Oki Utami;Jakarta;routing;92.0
J0004;Oki Utami;Jakarta;scm (supply chain management);84.8
J0004;Oki Utami;Jakarta;scrum;52.1
J0004;Oki Utami;Jakarta;statistika/probabilitas;83.8
J0004;Oki Utami;Jakarta;switching;83.0
J0004;Oki Utami;Jakarta;tcp/ip;59.6
J0004;Oki Utami;Jakarta;uml (unified modeling language);86.3
J0004;Oki Utami;Jakarta;vulnerability assessment;92.3
J0005;Nadia Santoso;Jakarta;agile;76.2
J0005;Nadia Santoso;Jakarta;algorithm design;78.1
J0005;Nadia Santoso;Jakarta;basic programming;78.1
J0005;Nadia Santoso;Jakarta;basis data / database;96.6
J0005;Nadia Santoso;Jakarta;cloud computing;77.5
J0005;Nadia Santoso;Jakarta;cobit;83.6
J0005;Nadia Santoso;Jakarta;data mining;78.2
J0005;Nadia Santoso;Jakarta;data warehouse;76.2
J0005;Nadia Santoso;Jakarta;decision tree;74.3
J0005;Nadia Santoso;Jakarta;design thinking;90.6
J0005;Nadia Santoso;Jakarta;erd (entity relationship diagram);62.7
J0005;Nadia Santoso;Jakarta;erp (enterprise resource planning);97.1
J0005;Nadia Santoso;Jakarta;etl (extract transform load);99.5
J0005;Nadia Santoso;Jakarta;firewall;58.7
J0005;Nadia Santoso;Jakarta;flowchart;92.6
J0005;Nadia Santoso;Jakarta;graphql;61.3
J0005;Nadia Santoso;Jakarta;html;65.8
J0005;Nadia Santoso;Jakarta;information systems;100.0
J0005;Nadia Santoso;Jakarta;jaringan komputer;88.2
J0005;Nadia Santoso;Jakarta;klasifikasi (data);92.5
J0005;Nadia Santoso;Jakarta;kpi (key performance indicator);96.2
J0005;Nadia Santoso;Jakarta;kriptografi;86.6
J0005;Nadia Santoso;Jakarta;linux;81.1
J0005;Nadia Santoso;Jakarta;machine learning;97.1
J0005;Nadia Santoso;Jakarta;microsoft excel;76.3
J0005;Nadia Santoso;Jakarta;mysql;72.2
J0005;Nadia Santoso;Jakarta;neural network;57.7
J0005;Nadia Santoso;Jakarta;nosql;70.7
J0005;Nadia Santoso;Jakarta;oop (object oriented programming);85.8
J0005;Nadia Santoso;Jakarta;osi layer;66.1
J0005;Nadia Santoso;Jakarta;otorisasi;79.0
J0005;Nadia Santoso;Jakarta;php;95.4
J0005;Nadia Santoso;Jakarta;prototyping;88.7
J0005;Nadia Santoso;Jakarta;pseudocode;66.1
J0005;Nadia Santoso;Jakarta;python;86.9
J0005;Nadia Santoso;Jakarta;regresi;74.0
J0005;Nadia Santoso;Jakarta;rest api;71.5
J0005;Nadia Santoso;Jakarta;routing;95.1
J0005;Nadia Santoso;Jakarta;sap;73.7
J0005;Nadia Santoso;Jakarta;scm (supply chain management);63.2
J0005;Nadia Santoso;Jakarta;scrum;72.6
J0005;Nadia Santoso;Jakarta;statistika/probabilitas;91.7
J0005;Nadia Santoso;Jakarta;switching;91.7
J0005;Nadia Santoso;Jakarta;tcp/ip;82.5
J0005;Nadia Santoso;Jakarta;vulnerability assessment;88.5
J0006;Eka Anggraini;Jakarta;agile;61.8
J0006;Eka Anggraini;Jakarta;algorithm design;82.3
J0006;Eka Anggraini;Jakarta;api;69.7
J0006;Eka Anggraini;Jakarta;basic programming;82.3
J0006;Eka Anggraini;Jakarta;basis data / database;98.5
J0006;Eka Anggraini;Jakarta;cloud computing;65.7
J0006;Eka Anggraini;Jakarta;cobit;92.5
J0006;Eka Anggraini;Jakarta;data mining;96.2
J0006;Eka Anggraini;Jakarta;data warehouse;65.2
J0006;Eka Anggraini;Jakarta;decision tree;56.5
J0006;Eka Anggraini;Jakarta;erd (entity relationship diagram);51.1
J0006;Eka Anggraini;Jakarta;erp (enterprise resource planning);76.1
J0006;Eka Anggraini;Jakarta;etl (extract transform load);66.0
J0006;Eka Anggraini;Jakarta;firewall;97.2
J0006;Eka Anggraini;Jakarta;git;69.5
J0006;Eka Anggraini;Jakarta;graphql;73.3
J0006;Eka Anggraini;Jakarta;html;91.1
J0006;Eka Anggraini;Jakarta;information systems;98.1
J0006;Eka Anggraini;Jakarta;jaringan komputer;85.9
J0006;Eka Anggraini;Jakarta;klasifikasi (data);90.3
J0006;Eka Anggraini;Jakarta;kpi (key performance indicator);81.5
J0006;Eka Anggraini;Jakarta;kriptografi;93.2
J0006;Eka Anggraini;Jakarta;linux;84.4
J0006;Eka Anggraini;Jakarta;machine learning;85.7
J0006;Eka Anggraini;Jakarta;microsoft excel;58.8
J0006;Eka Anggraini;Jakarta;neural network;94.9
J0006;Eka Anggraini;Jakarta;nosql;80.8
J0006;Eka Anggraini;Jakarta;oop (object oriented programming);96.2
J0006;Eka Anggraini;Jakarta;otorisasi;86.9
J0006;Eka Anggraini;Jakarta;php;97.8
J0006;Eka Anggraini;Jakarta;prototyping;95.8
J0006;Eka Anggraini;Jakarta;rest api;81.8
J0006;Eka Anggraini;Jakarta;routing;96.7
J0006;Eka Anggraini;Jakarta;sap;92.0
J0006;Eka Anggraini;Jakarta;scm (supply chain management);86.9
J0006;Eka Anggraini;Jakarta;scrum;61.5
J0006;Eka Anggraini;Jakarta;sql;60.8
J0006;Eka Anggraini;Jakarta;statistika/probabilitas;99.5
J0006;Eka Anggraini;Jakarta;switching;72.4
J0006;Eka Anggraini;Jakarta;tcp/ip;97.6
J0006;Eka Anggraini;Jakarta;uml (unified modeling language);99.4
J0006;Eka Anggraini;Jakarta;vulnerability assessment;95.4
J0007;Kartika Wijaya;Jakarta;agile;54.9
J0007;Kartika Wijaya;Jakarta;algorithm design;58.5
J0007;Kartika Wijaya;Jakarta;api;81.7
J0007;Kartika Wijaya;Jakarta;basic programming;58.5
J0007;Kartika Wijaya;Jakarta;basis data / database;88.0
J0007;Kartika Wijaya;Jakarta;cloud computing;68.8
J0007;Kartika Wijaya;Jakarta;cobit;89.5
J0007;Kartika Wijaya;Jakarta;data mining;97.6
J0007;Kartika Wijaya;Jakarta;data warehouse;76.1
J0007;Kartika Wijaya;Jakarta;design thinking;70.3
J0007;Kartika Wijaya;Jakarta;erd (entity relationship diagram);93.0
J0007;Kartika Wijaya;Jakarta;erp (enterprise resource planning);73.9
J0007;Kartika Wijaya;Jakarta;firewall;62.8
J0007;Kartika Wijaya;Jakarta;flowchart;53.0
J0007;Kartika Wijaya;Jakarta;git;80.7
J0007;Kartika Wijaya;Jakarta;graphql;66.9
J0007;Kartika Wijaya;Jakarta;html;98.9
J0007;Kartika Wijaya;Jakarta;information systems;99.2
J0007;Kartika Wijaya;Jakarta;jaringan komputer;51.9
J0007;Kartika Wijaya;Jakarta;klasifikasi (data);94.2
J0007;Kartika Wijaya;Jakarta;kpi (key performance indicator);76.9
J0007;Kartika Wijaya;Jakarta;kriptografi;79.0
J0007;Kartika Wijaya;Jakarta;linux;99.8
J0007;Kartika Wijaya;Jakarta;machine learning;76.4
J0007;Kartika Wijaya;Jakarta;microsoft excel;75.0
J0007;Kartika Wijaya;Jakarta;mysql;78.0
J0007;Kartika Wijaya;Jakarta;neural network;65.7
J0007;Kartika Wijaya;Jakarta;oop (object oriented programming);66.6
J0007;Kartika Wijaya;Jakarta;osi layer;96.8
J0007;Kartika Wijaya;Jakarta;otorisasi;92.1
J0007;Kartika Wijaya;Jakarta;php;92.3
J0007;Kartika Wijaya;Jakarta;prototyping;91.3
J0007;Kartika Wijaya;Jakarta;pseudocode;90.1
J0007;Kartika Wijaya;Jakarta;python;61.4
J0007;Kartika Wijaya;Jakarta;regresi;91.6
J0007;Kartika Wijaya;Jakarta;rest api;79.9
J0007;Kartika Wijaya;Jakarta;routing;93.3
J0007;Kartika Wijaya;Jakarta;sap;70.2
J0007;Kartika Wijaya;Jakarta;scm (supply chain management);90.4
J0007;Kartika Wijaya;Jakarta;sql;87.8
J0007;Kartika Wijaya;Jakarta;statistika/probabilitas;92.2
J0007;Kartika Wijaya;Jakarta;switching;84.8
J0007;Kartika Wijaya;Jakarta;tcp/ip;64.3
J0007;Kartika Wijaya;Jakarta;uml (unified modeling language);86.9
J0007;Kartika Wijaya;Jakarta;vulnerability assessment;93.1
J0008;Ivan Hidayat;Jakarta;agile;64.3
J0008;Ivan Hidayat;Jakarta;algorithm design;97.5
J0008;Ivan Hidayat;Jakarta;api;55.8
J0008;Ivan Hidayat;Jakarta;basic programming;97.5
J0008;Ivan Hidayat;Jakarta;basis data / database;90.1
J0008;Ivan Hidayat;Jakarta;cloud computing;70.5
J0008;Ivan Hidayat;Jakarta;cobit;88.3
J0008;Ivan Hidayat;Jakarta;data mining;97.7
J0008;Ivan Hidayat;Jakarta;data warehouse;87.7
J0008;Ivan Hidayat;Jakarta;design thinking;84.9
J0008;Ivan Hidayat;Jakarta;erd (entity relationship diagram);92.0
J0008;Ivan Hidayat;Jakarta;erp (enterprise resource planning);91.2
J0008;Ivan Hidayat;Jakarta;etl (extract transform load);72.3
J0008;Ivan Hidayat;Jakarta;flowchart;73.8
J0008;Ivan Hidayat;Jakarta;git;74.2
J0008;Ivan Hidayat;Jakarta;graphql;64.0
J0008;Ivan Hidayat;Jakarta;html;97.9
J0008;Ivan Hidayat;Jakarta;information systems;99.3
J0008;Ivan Hidayat;Jakarta;klasifikasi (data);83.9
J0008;Ivan Hidayat;Jakarta;kpi (key performance indicator);89.3
J0008;Ivan Hidayat;Jakarta;kriptografi;99.1
J0008;Ivan Hidayat;Jakarta;linux;88.5
J0008;Ivan Hidayat;Jakarta;machine learning;50.4
J0008;Ivan Hidayat;Jakarta;mysql;78.2
J0008;Ivan Hidayat;Jakarta;neural network;84.2
J0008;Ivan Hidayat;Jakarta;nosql;85.8
J0008;Ivan Hidayat;Jakarta;oop (object oriented programming);92.5
J0008;Ivan Hidayat;Jakarta;otorisasi;94.8
J0008;Ivan Hidayat;Jakarta;php;90.2
J0008;Ivan Hidayat;Jakarta;prototyping;98.5
J0008;Ivan Hidayat;Jakarta;pseudocode;50.8
J0008;Ivan Hidayat;Jakarta;python;82.7
J0008;Ivan Hidayat;Jakarta;regresi;76.9
J0008;Ivan Hidayat;Jakarta;rest api;60.7
J0008;Ivan Hidayat;Jakarta;routing;79.2
J0008;Ivan Hidayat;Jakarta;scm (supply chain management);86.5
J0008;Ivan Hidayat;Jakarta;scrum;92.1
J0008;Ivan Hidayat;Jakarta;sql;95.7
J0008;Ivan Hidayat;Jakarta;statistika/probabilitas;83.2
J0008;Ivan Hidayat;Jakarta;switching;96.6
J0008;Ivan Hidayat;Jakarta;tcp/ip;99.6
J0008;Ivan Hidayat;Jakarta;uml (unified modeling language);71.6
J0008;Ivan Hidayat;Jakarta;vulnerability assessment;76.7
J0009;Erlangga Santoso;Jakarta;agile;66.8
J0009;Erlangga Santoso;Jakarta;algorithm design;96.6
J0009;Erlangga Santoso;Jakarta;basic programming;96.6
J0009;Erlangga Santoso;Jakarta;basis data / database;98.2
J0009;Erlangga Santoso;Jakarta;cobit;91.2
J0009;Erlangga Santoso;Jakarta;data mining;84.1
J0009;Erlangga Santoso;Jakarta;data warehouse;69.1
J0009;Erlangga Santoso;Jakarta;decision tree;80.5
J0009;Erlangga Santoso;Jakarta;design thinking;51.6
J0009;Erlangga Santoso;Jakarta;erd (entity relationship diagram);94.4
J0009;Erlangga Santoso;Jakarta;erp (enterprise resource planning);98.5
J0009;Erlangga Santoso;Jakarta;etl (extract transform load);86.6
J0009;Erlangga Santoso;Jakarta;firewall;97.6
J0009;Erlangga Santoso;Jakarta;flowchart;50.3
J0009;Erlangga Santoso;Jakarta;git;88.0
J0009;Erlangga Santoso;Jakarta;graphql;85.9
J0009;Erlangga Santoso;Jakarta;html;78.1
J0009;Erlangga Santoso;Jakarta;information systems;98.5
J0009;Erlangga Santoso;Jakarta;jaringan komputer;57.7
J0009;Erlangga Santoso;Jakarta;klasifikasi (data);90.7
J0009;Erlangga Santoso;Jakarta;kpi (key performance indicator);81.4
J0009;Erlangga Santoso;Jakarta;kriptografi;86.9
J0009;Erlangga Santoso;Jakarta;linux;93.5
J0009;Erlangga Santoso;Jakarta;machine learning;98.0
J0009;Erlangga Santoso;Jakarta;microsoft excel;83.7
J0009;Erlangga Santoso;Jakarta;mysql;66.8
J0009;Erlangga Santoso;Jakarta;neural network;68.4
J0009;Erlangga Santoso;Jakarta;nosql;60.9
J0009;Erlangga Santoso;Jakarta;oop (object oriented programming);80.4
J0009;Erlangga Santoso;Jakarta;osi layer;99.5
J0009;Erlangga Santoso;Jakarta;otorisasi;76.7
J0009;Erlangga Santoso;Jakarta;php;97.8
J0009;Erlangga Santoso;Jakarta;prototyping;84.3
J0009;Erlangga Santoso;Jakarta;pseudocode;81.1
J0009;Erlangga Santoso;Jakarta;python;93.9
J0009;Erlangga Santoso;Jakarta;regresi;92.6
J0009;Erlangga Santoso;Jakarta;rest api;56.3
J0009;Erlangga Santoso;Jakarta;routing;88.7
J0009;Erlangga Santoso;Jakarta;scm (supply chain management);93.2
J0009;Erlangga Santoso;Jakarta;scrum;73.1
J0009;Erlangga Santoso;Jakarta;sql;79.4
J0009;Erlangga Santoso;Jakarta;statistika/probabilitas;98.1
J0009;Erlangga Santoso;Jakarta;switching;98.9
J0009;Erlangga Santoso;Jakarta;tcp/ip;82.7
J0009;Erlangga Santoso;Jakarta;uml (unified modeling language);81.0
J0009;Erlangga Santoso;Jakarta;vulnerability assessment;95.6
J0010;Zainal Wibowo;Jakarta;algorithm design;78.0
J0010;Zainal Wibowo;Jakarta;api;69.0
J0010;Zainal Wibowo;Jakarta;basic programming;78.0
J0010;Zainal Wibowo;Jakarta;basis data / database;99.9
J0010;Zainal Wibowo;Jakarta;cloud computing;87.0
J0010;Zainal Wibowo;Jakarta;cobit;98.9
J0010;Zainal Wibowo;Jakarta;data mining;70.0
J0010;Zainal Wibowo;Jakarta;decision tree;61.6
J0010;Zainal Wibowo;Jakarta;design thinking;70.2
J0010;Zainal Wibowo;Jakarta;erd (entity relationship diagram);59.7
J0010;Zainal Wibowo;Jakarta;erp (enterprise resource planning);97.7
J0010;Zainal Wibowo;Jakarta;etl (extract transform load);74.1
J0010;Zainal Wibowo;Jakarta;firewall;84.4
J0010;Zainal Wibowo;Jakarta;flowchart;95.9
J0010;Zainal Wibowo;Jakarta;git;75.6
J0010;Zainal Wibowo;Jakarta;html;93.8
J0010;Zainal Wibowo;Jakarta;information systems;99.2
J0010;Zainal Wibowo;Jakarta;jaringan komputer;75.4
J0010;Zainal Wibowo;Jakarta;klasifikasi (data);86.2
J0010;Zainal Wibowo;Jakarta;kpi (key performance indicator);79.8
J0010;Zainal Wibowo;Jakarta;kriptografi;91.3
J0010;Zainal Wibowo;Jakarta;linux;78.9
J0010;Zainal Wibowo;Jakarta;machine learning;60.8
J0010;Zainal Wibowo;Jakarta;microsoft excel;61.1
J0010;Zainal Wibowo;Jakarta;mysql;98.0
J0010;Zainal Wibowo;Jakarta;neural network;61.3
J0010;Zainal Wibowo;Jakarta;nosql;53.9
J0010;Zainal Wibowo;Jakarta;oop (object oriented programming);91.0
J0010;Zainal Wibowo;Jakarta;osi layer;94.9
J0010;Zainal Wibowo;Jakarta;otorisasi;79.8
J0010;Zainal Wibowo;Jakarta;php;95.9
J0010;Zainal Wibowo;Jakarta;prototyping;79.6
J0010;Zainal Wibowo;Jakarta;python;88.0
J0010;Zainal Wibowo;Jakarta;regresi;65.3
J0010;Zainal Wibowo;Jakarta;rest api;76.0
J0010;Zainal Wibowo;Jakarta;routing;78.2
J0010;Zainal Wibowo;Jakarta;sap;53.6
J0010;Zainal Wibowo;Jakarta;scm (supply chain management);95.3
J0010;Zainal Wibowo;Jakarta;scrum;94.7
J0010;Zainal Wibowo;Jakarta;sql;95.9
J0010;Zainal Wibowo;Jakarta;statistika/probabilitas;95.2
J0010;Zainal Wibowo;Jakarta;switching;96.0
J0010;Zainal Wibowo;Jakarta;tcp/ip;95.1
J0010;Zainal Wibowo;Jakarta;uml (unified modeling language);82.6
J0010;Zainal Wibowo;Jakarta;vulnerability assessment;98.8
J0011;Eka Wibowo;Jakarta;agile;51.6
J0011;Eka Wibowo;Jakarta;algorithm design;93.6
J0011;Eka Wibowo;Jakarta;api;59.5
J0011;Eka Wibowo;Jakarta;basic programming;93.6
J0011;Eka Wibowo;Jakarta;basis data / database;86.6
J0011;Eka Wibowo;Jakarta;cloud computing;53.6
J0011;Eka Wibowo;Jakarta;cobit;91.4
J0011;Eka Wibowo;Jakarta;data mining;93.7
J0011;Eka Wibowo;Jakarta;data warehouse;54.1
J0011;Eka Wibowo;Jakarta;design thinking;73.8
J0011;Eka Wibowo;Jakarta;erd (entity relationship diagram);99.0
J0011;Eka Wibowo;Jakarta;erp (enterprise resource planning);93.7
J0011;Eka Wibowo;Jakarta;etl (extract transform load);79.9
J0011;Eka Wibowo;Jakarta;firewall;93.4
J0011;Eka Wibowo;Jakarta;flowchart;69.4
J0011;Eka Wibowo;Jakarta;git;51.6
J0011;Eka Wibowo;Jakarta;graphql;95.9
J0011;Eka Wibowo;Jakarta;html;91.1
J0011;Eka Wibowo;Jakarta;information systems;97.4
J0011;Eka Wibowo;Jakarta;jaringan komputer;85.9
J0011;Eka Wibowo;Jakarta;klasifikasi (data);96.1
J0011;Eka Wibowo;Jakarta;kriptografi;94.2
J0011;Eka Wibowo;Jakarta;linux;80.6
J0011;Eka Wibowo;Jakarta;microsoft excel;92.7
J0011;Eka Wibowo;Jakarta;nosql;93.8
J0011;Eka Wibowo;Jakarta;oop (object oriented programming);97.8
J0011;Eka Wibowo;Jakarta;osi layer;52.1
J0011;Eka Wibowo;Jakarta;otorisasi;56.9
J0011;Eka Wibowo;Jakarta;php;97.0
J0011;Eka Wibowo;Jakarta;prototyping;95.9
J0011;Eka Wibowo;Jakarta;pseudocode;59.6
J0011;Eka Wibowo;Jakarta;python;90.6
J0011;Eka Wibowo;Jakarta;regresi;70.5
J0011;Eka Wibowo;Jakarta;routing;70.6
J0011;Eka Wibowo;Jakarta;scm (supply chain management);84.6
J0011;Eka Wibowo;Jakarta;sql;84.0
J0011;Eka Wibowo;Jakarta;statistika/probabilitas;90.6
J0011;Eka Wibowo;Jakarta;switching;99.2
J0011;Eka Wibowo;Jakarta;tcp/ip;56.7
J0011;Eka Wibowo;Jakarta;uml (unified modeling language);96.1
J0011;Eka Wibowo;Jakarta;vulnerability assessment;85.2
J0012;Taufik Kusuma;Jakarta;agile;61.1
J0012;Taufik Kusuma;Jakarta;algorithm design;92.3
J0012;Taufik Kusuma;Jakarta;api;87.9
J0012;Taufik Kusuma;Jakarta;basic programming;92.3
J0012;Taufik Kusuma;Jakarta;basis data / database;98.7
J0012;Taufik Kusuma;Jakarta;cloud computing;82.4
J0012;Taufik Kusuma;Jakarta;cobit;76.4
J0012;Taufik Kusuma;Jakarta;data mining;92.8
J0012;Taufik Kusuma;Jakarta;data warehouse;92.1
J0012;Taufik Kusuma;Jakarta;decision tree;89.1
J0012;Taufik Kusuma;Jakarta;design thinking;57.2
J0012;Taufik Kusuma;Jakarta;erd (entity relationship diagram);70.7
J0012;Taufik Kusuma;Jakarta;erp (enterprise resource planning);84.0
J0012;Taufik Kusuma;Jakarta;etl (extract transform load);83.3
J0012;Taufik Kusuma;Jakarta;firewall;68.3
J0012;Taufik Kusuma;Jakarta;git;98.6
J0012;Taufik Kusuma;Jakarta;graphql;74.7
J0012;Taufik Kusuma;Jakarta;html;99.5
J0012;Taufik Kusuma;Jakarta;information systems;98.7
J0012;Taufik Kusuma;Jakarta;jaringan komputer;65.9
J0012;Taufik Kusuma;Jakarta;klasifikasi (data);92.6
J0012;Taufik Kusuma;Jakarta;kriptografi;82.0
J0012;Taufik Kusuma;Jakarta;linux;91.9
J0012;Taufik Kusuma;Jakarta;machine learning;58.6
J0012;Taufik Kusuma;Jakarta;microsoft excel;53.9
J0012;Taufik Kusuma;Jakarta;neural network;60.9
J0012;Taufik Kusuma;Jakarta;nosql;69.4
J0012;Taufik Kusuma;Jakarta;oop (object oriented programming);76.5
J0012;Taufik Kusuma;Jakarta;osi layer;79.7
J0012;Taufik Kusuma;Jakarta;php;96.8
J0012;Taufik Kusuma;Jakarta;prototyping;63.4
J0012;Taufik Kusuma;Jakarta;pseudocode;74.2
J0012;Taufik Kusuma;Jakarta;python;57.5
J0012;Taufik Kusuma;Jakarta;regresi;73.4
J0012;Taufik Kusuma;Jakarta;routing;69.0
J0012;Taufik Kusuma;Jakarta;sap;67.6
J0012;Taufik Kusuma;Jakarta;scm (supply chain management);99.3
J0012;Taufik Kusuma;Jakarta;sql;61.7
J0012;Taufik Kusuma;Jakarta;statistika/probabilitas;65.9
J0012;Taufik Kusuma;Jakarta;switching;90.3
J0012;Taufik Kusuma;Jakarta;tcp/ip;92.7
J0012;Taufik Kusuma;Jakarta;uml (unified modeling language);76.2
J0012;Taufik Kusuma;Jakarta;vulnerability assessment;69.9
J0013;Nurul Santoso;Jakarta;agile;63.1
J0013;Nurul Santoso;Jakarta;algorithm design;74.0
J0013;Nurul Santoso;Jakarta;api;79.2
J0013;Nurul Santoso;Jakarta;basic programming;74.0
J0013;Nurul Santoso;Jakarta;basis data / database;98.8
J0013;Nurul Santoso;Jakarta;cloud computing;84.3
J0013;Nurul Santoso;Jakarta;cobit;62.7
J0013;Nurul Santoso;Jakarta;data mining;77.5
J0013;Nurul Santoso;Jakarta;data warehouse;95.5
J0013;Nurul Santoso;Jakarta;decision tree;80.1
J0013;Nurul Santoso;Jakarta;design thinking;77.6
J0013;Nurul Santoso;Jakarta;erp (enterprise resource planning);91.1
J0013;Nurul Santoso;Jakarta;etl (extract transform load);76.1
J0013;Nurul Santoso;Jakarta;firewall;76.2
J0013;Nurul Santoso;Jakarta;git;71.4
J0013;Nurul Santoso;Jakarta;graphql;74.7
J0013;Nurul Santoso;Jakarta;html;72.6
J0013;Nurul Santoso;Jakarta;information systems;99.3
J0013;Nurul Santoso;Jakarta;klasifikasi (data);74.8
J0013;Nurul Santoso;Jakarta;kpi (key performance indicator);84.8
J0013;Nurul Santoso;Jakarta;kriptografi;76.9
J0013;Nurul Santoso;Jakarta;linux;89.3
J0013;Nurul Santoso;Jakarta;machine learning;82.4
J0013;Nurul Santoso;Jakarta;microsoft excel;91.8
J0013;Nurul Santoso;Jakarta;neural network;58.6
J0013;Nurul Santoso;Jakarta;nosql;93.4
J0013;Nurul Santoso;Jakarta;oop (object oriented programming);97.4
J0013;Nurul Santoso;Jakarta;otorisasi;54.8
J0013;Nurul Santoso;Jakarta;php;71.9
J0013;Nurul Santoso;Jakarta;prototyping;74.0
J0013;Nurul Santoso;Jakarta;pseudocode;51.9
J0013;Nurul Santoso;Jakarta;python;73.6
J0013;Nurul Santoso;Jakarta;rest api;81.4
J0013;Nurul Santoso;Jakarta;routing;86.7
J0013;Nurul Santoso;Jakarta;scm (supply chain management);88.5
J0013;Nurul Santoso;Jakarta;scrum;71.5
J0013;Nurul Santoso;Jakarta;sql;50.5
J0013;Nurul Santoso;Jakarta;statistika/probabilitas;86.6
J0013;Nurul Santoso;Jakarta;switching;84.9
J0013;Nurul Santoso;Jakarta;tcp/ip;84.0
J0013;Nurul Santoso;Jakarta;uml (unified modeling language);97.6
J0013;Nurul Santoso;Jakarta;vulnerability assessment;61.2
J0014;Rian Rahman;Jakarta;agile;78.3
J0014;Rian Rahman;Jakarta;algorithm design;96.5
J0014;Rian Rahman;Jakarta;api;93.3
J0014;Rian Rahman;Jakarta;basic programming;96.5
J0014;Rian Rahman;Jakarta;basis data / database;95.3
J0014;Rian Rahman;Jakarta;cloud computing;71.5
J0014;Rian Rahman;Jakarta;cobit;74.8
J0014;Rian Rahman;Jakarta;data mining;98.1
J0014;Rian Rahman;Jakarta;data warehouse;85.9
J0014;Rian Rahman;Jakarta;decision tree;99.0
J0014;Rian Rahman;Jakarta;erd (entity relationship diagram);53.2
J0014;Rian Rahman;Jakarta;erp (enterprise resource planning);98.9
J0014;Rian Rahman;Jakarta;etl (extract transform load);67.5
J0014;Rian Rahman;Jakarta;firewall;88.2
J0014;Rian Rahman;Jakarta;flowchart;57.3
J0014;Rian Rahman;Jakarta;graphql;91.6
J0014;Rian Rahman;Jakarta;html;81.3
J0014;Rian Rahman;Jakarta;information systems;99.5
J0014;Rian Rahman;Jakarta;jaringan komputer;86.4
J0014;Rian Rahman;Jakarta;klasifikasi (data);83.8
J0014;Rian Rahman;Jakarta;kpi (key performance indicator);98.6
J0014;Rian Rahman;Jakarta;kriptografi;94.3
J0014;Rian Rahman;Jakarta;linux;94.6
J0014;Rian Rahman;Jakarta;machine learning;94.6
J0014;Rian Rahman;Jakarta;microsoft excel;56.7
J0014;Rian Rahman;Jakarta;mysql;61.0
J0014;Rian Rahman;Jakarta;neural network;55.2
J0014;Rian Rahman;Jakarta;nosql;61.9
J0014;Rian Rahman;Jakarta;oop (object oriented programming);61.5
J0014;Rian Rahman;Jakarta;osi layer;78.7
J0014;Rian Rahman;Jakarta;otorisasi;82.3
J0014;Rian Rahman;Jakarta;php;98.4
J0014;Rian Rahman;Jakarta;prototyping;86.4
J0014;Rian Rahman;Jakarta;pseudocode;92.6
J0014;Rian Rahman;Jakarta;python;77.5
J0014;Rian Rahman;Jakarta;regresi;71.8
J0014;Rian Rahman;Jakarta;rest api;73.5
J0014;Rian Rahman;Jakarta;routing;62.6
J0014;Rian Rahman;Jakarta;scm (supply chain management);81.1
J0014;Rian Rahman;Jakarta;scrum;86.8
J0014;Rian Rahman;Jakarta;statistika/probabilitas;78.1
J0014;Rian Rahman;Jakarta;switching;59.3
J0014;Rian Rahman;Jakarta;tcp/ip;90.6
J0014;Rian Rahman;Jakarta;uml (unified modeling language);83.3
J0014;Rian Rahman;Jakarta;vulnerability assessment;66.8
J0015;Oki Wibowo;Jakarta;agile;74.4
J0015;Oki Wibowo;Jakarta;algorithm design;88.1
J0015;Oki Wibowo;Jakarta;api;96.1
J0015;Oki Wibowo;Jakarta;basic programming;88.1
J0015;Oki Wibowo;Jakarta;basis data / database;90.0
J0015;Oki Wibowo;Jakarta;cloud computing;94.3
J0015;Oki Wibowo;Jakarta;cobit;75.3
J0015;Oki Wibowo;Jakarta;data mining;99.8
J0015;Oki Wibowo;Jakarta;data warehouse;58.4
J0015;Oki Wibowo;Jakarta;decision tree;91.8
J0015;Oki Wibowo;Jakarta;erd (entity relationship diagram);69.5
J0015;Oki Wibowo;Jakarta;erp (enterprise resource planning);83.0
J0015;Oki Wibowo;Jakarta;etl (extract transform load);61.4
J0015;Oki Wibowo;Jakarta;firewall;94.5
J0015;Oki Wibowo;Jakarta;flowchart;83.7
J0015;Oki Wibowo;Jakarta;git;81.6
J0015;Oki Wibowo;Jakarta;html;82.3
J0015;Oki Wibowo;Jakarta;information systems;99.9
J0015;Oki Wibowo;Jakarta;jaringan komputer;56.8
J0015;Oki Wibowo;Jakarta;klasifikasi (data);66.0
J0015;Oki Wibowo;Jakarta;kpi (key performance indicator);88.2
J0015;Oki Wibowo;Jakarta;kriptografi;71.6
J0015;Oki Wibowo;Jakarta;linux;67.7
J0015;Oki Wibowo;Jakarta;machine learning;67.7
J0015;Oki Wibowo;Jakarta;microsoft excel;89.5
J0015;Oki Wibowo;Jakarta;mysql;66.8
J0015;Oki Wibowo;Jakarta;neural network;96.6
J0015;Oki Wibowo;Jakarta;oop (object oriented programming);83.9
J0015;Oki Wibowo;Jakarta;osi layer;74.8
J0015;Oki Wibowo;Jakarta;otorisasi;63.1
J0015;Oki Wibowo;Jakarta;php;98.4
J0015;Oki Wibowo;Jakarta;prototyping;61.5
J0015;Oki Wibowo;Jakarta;python;92.3
J0015;Oki Wibowo;Jakarta;regresi;75.6
J0015;Oki Wibowo;Jakarta;rest api;79.9
J0015;Oki Wibowo;Jakarta;routing;90.4
J0015;Oki Wibowo;Jakarta;sap;76.9
J0015;Oki Wibowo;Jakarta;scm (supply chain management);81.6
J0015;Oki Wibowo;Jakarta;scrum;63.1
J0015;Oki Wibowo;Jakarta;sql;73.3
J0015;Oki Wibowo;Jakarta;statistika/probabilitas;99.3
J0015;Oki Wibowo;Jakarta;switching;72.1
J0015;Oki Wibowo;Jakarta;tcp/ip;98.9
J0015;Oki Wibowo;Jakarta;uml (unified modeling language);79.6
J0015;Oki Wibowo;Jakarta;vulnerability assessment;62.5
J0016;Ahmad Syahputra;Jakarta;agile;83.9
J0016;Ahmad Syahputra;Jakarta;algorithm design;98.3
J0016;Ahmad Syahputra;Jakarta;api;64.9
J0016;Ahmad Syahputra;Jakarta;basic programming;98.3
J0016;Ahmad Syahputra;Jakarta;basis data / database;76.4
J0016;Ahmad Syahputra;Jakarta;cloud computing;94.0
J0016;Ahmad Syahputra;Jakarta;cobit;98.1
J0016;Ahmad Syahputra;Jakarta;data mining;99.4
J0016;Ahmad Syahputra;Jakarta;data warehouse;88.9
J0016;Ahmad Syahputra;Jakarta;decision tree;88.2
J0016;Ahmad Syahputra;Jakarta;erd (entity relationship diagram);50.3
J0016;Ahmad Syahputra;Jakarta;erp (enterprise resource planning);88.5
J0016;Ahmad Syahputra;Jakarta;etl (extract transform load);62.0
J0016;Ahmad Syahputra;Jakarta;firewall;97.6
J0016;Ahmad Syahputra;Jakarta;flowchart;59.2
J0016;Ahmad Syahputra;Jakarta;git;57.1
J0016;Ahmad Syahputra;Jakarta;graphql;84.4
J0016;Ahmad Syahputra;Jakarta;html;86.9
J0016;Ahmad Syahputra;Jakarta;information systems;98.8
J0016;Ahmad Syahputra;Jakarta;jaringan komputer;94.5
J0016;Ahmad Syahputra;Jakarta;klasifikasi (data);73.3
J0016;Ahmad Syahputra;Jakarta;kpi (key performance indicator);87.8
J0016;Ahmad Syahputra;Jakarta;kriptografi;88.5
J0016;Ahmad Syahputra;Jakarta;linux;94.7
J0016;Ahmad Syahputra;Jakarta;machine learning;73.1
J0016;Ahmad Syahputra;Jakarta;mysql;59.3
J0016;Ahmad Syahputra;Jakarta;neural network;72.9
J0016;Ahmad Syahputra;Jakarta;oop (object oriented programming);94.8
J0016;Ahmad Syahputra;Jakarta;osi layer;94.8
J0016;Ahmad Syahputra;Jakarta;otorisasi;79.8
J0016;Ahmad Syahputra;Jakarta;php;94.8
J0016;Ahmad Syahputra;Jakarta;prototyping;97.1
J0016;Ahmad Syahputra;Jakarta;pseudocode;77.9
J0016;Ahmad Syahputra;Jakarta;python;85.3
J0016;Ahmad Syahputra;Jakarta;regresi;78.5
J0016;Ahmad Syahputra;Jakarta;rest api;93.2
J0016;Ahmad Syahputra;Jakarta;routing;60.2
J0016;Ahmad Syahputra;Jakarta;sap;69.1
J0016;Ahmad Syahputra;Jakarta;scm (supply chain management);73.5
J0016;Ahmad Syahputra;Jakarta;scrum;88.1
J0016;Ahmad Syahputra;Jakarta;sql;63.8
J0016;Ahmad Syahputra;Jakarta;statistika/probabilitas;92.9
J0016;Ahmad Syahputra;Jakarta;switching;97.0
J0016;Ahmad Syahputra;Jakarta;tcp/ip;59.1
J0016;Ahmad Syahputra;Jakarta;uml (unified modeling language);93.6
J0016;Ahmad Syahputra;Jakarta;vulnerability assessment;90.7
J0017;Ivan Halim;Jakarta;agile;59.1
J0017;Ivan Halim;Jakarta;algorithm design;83.0
J0017;Ivan Halim;Jakarta;basic programming;83.0
J0017;Ivan Halim;Jakarta;basis data / database;91.5
J0017;Ivan Halim;Jakarta;cloud computing;77.7
J0017;Ivan Halim;Jakarta;cobit;73.5
J0017;Ivan Halim;Jakarta;data mining;72.6
J0017;Ivan Halim;Jakarta;data warehouse;84.0
J0017;Ivan Halim;Jakarta;design thinking;91.1
J0017;Ivan Halim;Jakarta;erd (entity relationship diagram);64.3
J0017;Ivan Halim;Jakarta;erp (enterprise resource planning);65.0
J0017;Ivan Halim;Jakarta;etl (extract transform load);88.5
J0017;Ivan Halim;Jakarta;firewall;89.1
J0017;Ivan Halim;Jakarta;flowchart;59.1
J0017;Ivan Halim;Jakarta;git;71.6
J0017;Ivan Halim;Jakarta;graphql;99.8
J0017;Ivan Halim;Jakarta;html;95.5
J0017;Ivan Halim;Jakarta;information systems;99.9
J0017;Ivan Halim;Jakarta;jaringan komputer;72.4
J0017;Ivan Halim;Jakarta;klasifikasi (data);82.2
J0017;Ivan Halim;Jakarta;kpi (key performance indicator);67.2
J0017;Ivan Halim;Jakarta;kriptografi;87.8
J0017;Ivan Halim;Jakarta;linux;89.9
J0017;Ivan Halim;Jakarta;machine learning;58.1
J0017;Ivan Halim;Jakarta;microsoft excel;86.9
J0017;Ivan Halim;Jakarta;neural network;80.7
J0017;Ivan Halim;Jakarta;nosql;79.1
J0017;Ivan Halim;Jakarta;oop (object oriented programming);74.7
J0017;Ivan Halim;Jakarta;osi layer;58.2
J0017;Ivan Halim;Jakarta;otorisasi;72.8
J0017;Ivan Halim;Jakarta;php;99.0
J0017;Ivan Halim;Jakarta;prototyping;84.8
J0017;Ivan Halim;Jakarta;pseudocode;66.0
J0017;Ivan Halim;Jakarta;python;70.4
J0017;Ivan Halim;Jakarta;regresi;68.4
J0017;Ivan Halim;Jakarta;routing;86.9
J0017;Ivan Halim;Jakarta;sap;87.0
J0017;Ivan Halim;Jakarta;scm (supply chain management);92.7
J0017;Ivan Halim;Jakarta;scrum;97.4
J0017;Ivan Halim;Jakarta;sql;86.7
J0017;Ivan Halim;Jakarta;statistika/probabilitas;95.2
J0017;Ivan Halim;Jakarta;switching;74.4
J0017;Ivan Halim;Jakarta;tcp/ip;94.1
J0017;Ivan Halim;Jakarta;uml (unified modeling language);74.4
J0017;Ivan Halim;Jakarta;vulnerability assessment;69.8
J0018;Budi Hidayat;Jakarta;algorithm design;64.6
J0018;Budi Hidayat;Jakarta;api;78.4
J0018;Budi Hidayat;Jakarta;basic programming;64.6
J0018;Budi Hidayat;Jakarta;basis data / database;87.5
J0018;Budi Hidayat;Jakarta;cloud computing;68.0
J0018;Budi Hidayat;Jakarta;cobit;90.8
J0018;Budi Hidayat;Jakarta;data mining;97.7
J0018;Budi Hidayat;Jakarta;data warehouse;65.3
J0018;Budi Hidayat;Jakarta;decision tree;60.8
J0018;Budi Hidayat;Jakarta;erd (entity relationship diagram);75.3
J0018;Budi Hidayat;Jakarta;erp (enterprise resource planning);86.5
J0018;Budi Hidayat;Jakarta;etl (extract transform load);55.7
J0018;Budi Hidayat;Jakarta;firewall;58.2
J0018;Budi Hidayat;Jakarta;flowchart;84.8
J0018;Budi Hidayat;Jakarta;git;64.9
J0018;Budi Hidayat;Jakarta;graphql;80.5
J0018;Budi Hidayat;Jakarta;html;67.1
J0018;Budi Hidayat;Jakarta;information systems;99.4
J0018;Budi Hidayat;Jakarta;jaringan komputer;91.2
J0018;Budi Hidayat;Jakarta;klasifikasi (data);92.2
J0018;Budi Hidayat;Jakarta;kpi (key performance indicator);59.4
J0018;Budi Hidayat;Jakarta;kriptografi;60.6
J0018;Budi Hidayat;Jakarta;linux;65.9
J0018;Budi Hidayat;Jakarta;machine learning;64.4
J0018;Budi Hidayat;Jakarta;microsoft excel;70.9
J0018;Budi Hidayat;Jakarta;mysql;60.2
J0018;Budi Hidayat;Jakarta;neural network;75.9
J0018;Budi Hidayat;Jakarta;nosql;85.0
J0018;Budi Hidayat;Jakarta;oop (object oriented programming);57.6
J0018;Budi Hidayat;Jakarta;osi layer;75.2
J0018;Budi Hidayat;Jakarta;otorisasi;96.0
J0018;Budi Hidayat;Jakarta;php;97.4
J0018;Budi Hidayat;Jakarta;prototyping;97.3
J0018;Budi Hidayat;Jakarta;pseudocode;62.0
J0018;Budi Hidayat;Jakarta;python;52.2
J0018;Budi Hidayat;Jakarta;rest api;82.8
J0018;Budi Hidayat;Jakarta;routing;61.1
J0018;Budi Hidayat;Jakarta;sap;78.9
J0018;Budi Hidayat;Jakarta;scm (supply chain management);66.1
J0018;Budi Hidayat;Jakarta;scrum;70.9
J0018;Budi Hidayat;Jakarta;statistika/probabilitas;98.3
J0018;Budi Hidayat;Jakarta;switching;74.2
J0018;Budi Hidayat;Jakarta;tcp/ip;84.3
J0018;Budi Hidayat;Jakarta;uml (unified modeling language);72.8
J0018;Budi Hidayat;Jakarta;vulnerability assessment;69.3
J0019;Xena Saputra;Jakarta;agile;66.1
J0019;Xena Saputra;Jakarta;algorithm design;91.7
J0019;Xena Saputra;Jakarta;api;92.1
J0019;Xena Saputra;Jakarta;basic programming;91.7
J0019;Xena Saputra;Jakarta;basis data / database;86.8
J0019;Xena Saputra;Jakarta;cloud computing;57.5
J0019;Xena Saputra;Jakarta;cobit;87.2
J0019;Xena Saputra;Jakarta;data mining;90.7
J0019;Xena Saputra;Jakarta;data warehouse;63.1
J0019;Xena Saputra;Jakarta;decision tree;97.9
J0019;Xena Saputra;Jakarta;design thinking;61.9
J0019;Xena Saputra;Jakarta;erp (enterprise resource planning);91.2
J0019;Xena Saputra;Jakarta;etl (extract transform load);69.7
J0019;Xena Saputra;Jakarta;flowchart;73.4
J0019;Xena Saputra;Jakarta;graphql;97.5
J0019;Xena Saputra;Jakarta;html;79.5
J0019;Xena Saputra;Jakarta;information systems;99.6
J0019;Xena Saputra;Jakarta;jaringan komputer;50.9
J0019;Xena Saputra;Jakarta;klasifikasi (data);77.2
J0019;Xena Saputra;Jakarta;kpi (key performance indicator);92.4
J0019;Xena Saputra;Jakarta;kriptografi;81.1
J0019;Xena Saputra;Jakarta;linux;76.1
J0019;Xena Saputra;Jakarta;machine learning;89.8
J0019;Xena Saputra;Jakarta;microsoft excel;76.2
J0019;Xena Saputra;Jakarta;mysql;68.8
J0019;Xena Saputra;Jakarta;neural network;53.1
J0019;Xena Saputra;Jakarta;nosql;94.3
J0019;Xena Saputra;Jakarta;oop (object oriented programming);56.6
J0019;Xena Saputra;Jakarta;osi layer;75.6
J0019;Xena Saputra;Jakarta;otorisasi;56.2
J0019;Xena Saputra;Jakarta;php;97.1
J0019;Xena Saputra;Jakarta;prototyping;84.9
J0019;Xena Saputra;Jakarta;pseudocode;63.9
J0019;Xena Saputra;Jakarta;python;82.5
J0019;Xena Saputra;Jakarta;regresi;66.9
J0019;Xena Saputra;Jakarta;rest api;74.1
J0019;Xena Saputra;Jakarta;routing;90.7
J0019;Xena Saputra;Jakarta;sap;84.2
J0019;Xena Saputra;Jakarta;scm (supply chain management);65.6
J0019;Xena Saputra;Jakarta;scrum;60.9
J0019;Xena Saputra;Jakarta;sql;76.9
J0019;Xena Saputra;Jakarta;statistika/probabilitas;95.5
J0019;Xena Saputra;Jakarta;switching;86.2
J0019;Xena Saputra;Jakarta;tcp/ip;70.1
J0019;Xena Saputra;Jakarta;uml (unified modeling language);97.8
J0019;Xena Saputra;Jakarta;vulnerability assessment;93.5
J0020;Kurnia Setiawan;Jakarta;agile;64.5
J0020;Kurnia Setiawan;Jakarta;algorithm design;90.8
J0020;Kurnia Setiawan;Jakarta;api;70.6
J0020;Kurnia Setiawan;Jakarta;basic programming;90.8
J0020;Kurnia Setiawan;Jakarta;basis data / database;90.8
J0020;Kurnia Setiawan;Jakarta;cloud computing;69.0
J0020;Kurnia Setiawan;Jakarta;cobit;82.8
J0020;Kurnia Setiawan;Jakarta;data mining;98.6
J0020;Kurnia Setiawan;Jakarta;data warehouse;94.0
J0020;Kurnia Setiawan;Jakarta;decision tree;71.3
J0020;Kurnia Setiawan;Jakarta;design thinking;62.6
J0020;Kurnia Setiawan;Jakarta;erp (enterprise resource planning);91.8
J0020;Kurnia Setiawan;Jakarta;etl (extract transform load);62.2
J0020;Kurnia Setiawan;Jakarta;firewall;69.9
J0020;Kurnia Setiawan;Jakarta;flowchart;68.1
J0020;Kurnia Setiawan;Jakarta;git;77.7
J0020;Kurnia Setiawan;Jakarta;graphql;59.7
J0020;Kurnia Setiawan;Jakarta;html;70.1
J0020;Kurnia Setiawan;Jakarta;information systems;98.9
J0020;Kurnia Setiawan;Jakarta;jaringan komputer;64.7
J0020;Kurnia Setiawan;Jakarta;klasifikasi (data);83.3
J0020;Kurnia Setiawan;Jakarta;kpi (key performance indicator);90.2
J0020;Kurnia Setiawan;Jakarta;kriptografi;78.1
J0020;Kurnia Setiawan;Jakarta;linux;94.2
J0020;Kurnia Setiawan;Jakarta;machine learning;75.4
J0020;Kurnia Setiawan;Jakarta;microsoft excel;64.8
J0020;Kurnia Setiawan;Jakarta;mysql;87.9
J0020;Kurnia Setiawan;Jakarta;neural network;89.6
J0020;Kurnia Setiawan;Jakarta;nosql;56.8
J0020;Kurnia Setiawan;Jakarta;oop (object oriented programming);93.5
J0020;Kurnia Setiawan;Jakarta;osi layer;64.8
J0020;Kurnia Setiawan;Jakarta;otorisasi;97.6
J0020;Kurnia Setiawan;Jakarta;php;89.3
J0020;Kurnia Setiawan;Jakarta;prototyping;74.3
J0020;Kurnia Setiawan;Jakarta;pseudocode;70.5
J0020;Kurnia Setiawan;Jakarta;python;86.7
J0020;Kurnia Setiawan;Jakarta;regresi;82.3
J0020;Kurnia Setiawan;Jakarta;rest api;86.3
J0020;Kurnia Setiawan;Jakarta;routing;85.5
J0020;Kurnia Setiawan;Jakarta;sap;61.0
J0020;Kurnia Setiawan;Jakarta;scm (supply chain management);59.9
J0020;Kurnia Setiawan;Jakarta;scrum;57.2
J0020;Kurnia Setiawan;Jakarta;sql;85.4
J0020;Kurnia Setiawan;Jakarta;statistika/probabilitas;83.4
J0020;Kurnia Setiawan;Jakarta;switching;99.0
J0020;Kurnia Setiawan;Jakarta;tcp/ip;90.3
J0020;Kurnia Setiawan;Jakarta;uml (unified modeling language);58.4
J0020;Kurnia Setiawan;Jakarta;vulnerability assessment;94.6
J0021;Bella Pratama;Jakarta;agile;74.0
J0021;Bella Pratama;Jakarta;algorithm design;88.9
J0021;Bella Pratama;Jakarta;api;79.0
J0021;Bella Pratama;Jakarta;basic programming;88.9
J0021;Bella Pratama;Jakarta;basis data / database;96.3
J0021;Bella Pratama;Jakarta;cloud computing;94.2
J0021;Bella Pratama;Jakarta;cobit;89.3
J0021;Bella Pratama;Jakarta;data mining;87.2
J0021;Bella Pratama;Jakarta;data warehouse;63.6
J0021;Bella Pratama;Jakarta;decision tree;99.2
J0021;Bella Pratama;Jakarta;erd (entity relationship diagram);92.7
J0021;Bella Pratama;Jakarta;erp (enterprise resource planning);67.6
J0021;Bella Pratama;Jakarta;etl (extract transform load);80.6
J0021;Bella Pratama;Jakarta;flowchart;55.4
J0021;Bella Pratama;Jakarta;git;86.7
J0021;Bella Pratama;Jakarta;graphql;61.1
J0021;Bella Pratama;Jakarta;html;56.0
J0021;Bella Pratama;Jakarta;information systems;98.7
J0021;Bella Pratama;Jakarta;jaringan komputer;70.9
J0021;Bella Pratama;Jakarta;klasifikasi (data);84.8
J0021;Bella Pratama;Jakarta;kpi (key performance indicator);75.3
J0021;Bella Pratama;Jakarta;kriptografi;94.3
J0021;Bella Pratama;Jakarta;linux;76.4
J0021;Bella Pratama;Jakarta;machine learning;78.2
J0021;Bella Pratama;Jakarta;microsoft excel;82.1
J0021;Bella Pratama;Jakarta;neural network;52.0
J0021;Bella Pratama;Jakarta;nosql;75.7
J0021;Bella Pratama;Jakarta;oop (object oriented programming);96.4
J0021;Bella Pratama;Jakarta;osi layer;60.4
J0021;Bella Pratama;Jakarta;otorisasi;86.6
J0021;Bella Pratama;Jakarta;php;85.7
J0021;Bella Pratama;Jakarta;prototyping;98.4
J0021;Bella Pratama;Jakarta;pseudocode;66.6
J0021;Bella Pratama;Jakarta;python;93.3
J0021;Bella Pratama;Jakarta;rest api;90.9
J0021;Bella Pratama;Jakarta;routing;84.9
J0021;Bella Pratama;Jakarta;sap;83.2
J0021;Bella Pratama;Jakarta;scm (supply chain management);71.6
J0021;Bella Pratama;Jakarta;scrum;69.3
J0021;Bella Pratama;Jakarta;sql;99.2
J0021;Bella Pratama;Jakarta;statistika/probabilitas;93.0
J0021;Bella Pratama;Jakarta;switching;74.2
J0021;Bella Pratama;Jakarta;tcp/ip;92.8
J0021;Bella Pratama;Jakarta;uml (unified modeling language);95.3
J0021;Bella Pratama;Jakarta;vulnerability assessment;71.5
J0022;Eka Setiawan;Jakarta;agile;92.0
J0022;Eka Setiawan;Jakarta;algorithm design;88.5
J0022;Eka Setiawan;Jakarta;api;62.2
J0022;Eka Setiawan;Jakarta;basic programming;88.5
J0022;Eka Setiawan;Jakarta;basis data / database;99.5
J0022;Eka Setiawan;Jakarta;cloud computing;82.6
J0022;Eka Setiawan;Jakarta;cobit;89.0
J0022;Eka Setiawan;Jakarta;data mining;88.6
J0022;Eka Setiawan;Jakarta;data warehouse;97.3
J0022;Eka Setiawan;Jakarta;design thinking;75.3
J0022;Eka Setiawan;Jakarta;erd (entity relationship diagram);62.8
J0022;Eka Setiawan;Jakarta;erp (enterprise resource planning);96.8
J0022;Eka Setiawan;Jakarta;etl (extract transform load);64.7
J0022;Eka Setiawan;Jakarta;firewall;98.6
J0022;Eka Setiawan;Jakarta;flowchart;76.4
J0022;Eka Setiawan;Jakarta;git;81.3
J0022;Eka Setiawan;Jakarta;graphql;74.3
J0022;Eka Setiawan;Jakarta;html;82.9
J0022;Eka Setiawan;Jakarta;information systems;96.5
J0022;Eka Setiawan;Jakarta;jaringan komputer;79.5
J0022;Eka Setiawan;Jakarta;klasifikasi (data);89.4
J0022;Eka Setiawan;Jakarta;kpi (key performance indicator);59.8
J0022;Eka Setiawan;Jakarta;kriptografi;97.3
J0022;Eka Setiawan;Jakarta;linux;83.7
J0022;Eka Setiawan;Jakarta;machine learning;71.5
J0022;Eka Setiawan;Jakarta;microsoft excel;58.2
J0022;Eka Setiawan;Jakarta;mysql;86.2
J0022;Eka Setiawan;Jakarta;neural network;78.5
J0022;Eka Setiawan;Jakarta;nosql;91.1
J0022;Eka Setiawan;Jakarta;oop (object oriented programming);87.9
J0022;Eka Setiawan;Jakarta;osi layer;76.9
J0022;Eka Setiawan;Jakarta;otorisasi;95.7
J0022;Eka Setiawan;Jakarta;php;58.4
J0022;Eka Setiawan;Jakarta;prototyping;73.5
J0022;Eka Setiawan;Jakarta;pseudocode;77.1
J0022;Eka Setiawan;Jakarta;python;92.0
J0022;Eka Setiawan;Jakarta;regresi;65.0
J0022;Eka Setiawan;Jakarta;rest api;57.6
J0022;Eka Setiawan;Jakarta;routing;99.0
J0022;Eka Setiawan;Jakarta;sap;71.3
J0022;Eka Setiawan;Jakarta;scm (supply chain management);65.4
J0022;Eka Setiawan;Jakarta;scrum;64.2
J0022;Eka Setiawan;Jakarta;sql;76.2
J0022;Eka Setiawan;Jakarta;statistika/probabilitas;88.2
J0022;Eka Setiawan;Jakarta;switching;90.2
J0022;Eka Setiawan;Jakarta;tcp/ip;79.0
J0022;Eka Setiawan;Jakarta;uml (unified modeling language);82.2
J0022;Eka Setiawan;Jakarta;vulnerability assessment;91.9
J0023;Xena Firmansyah;Jakarta;agile;75.5
J0023;Xena Firmansyah;Jakarta;algorithm design;89.2
J0023;Xena Firmansyah;Jakarta;api;84.8
J0023;Xena Firmansyah;Jakarta;basic programming;89.2
J0023;Xena Firmansyah;Jakarta;basis data / database;85.6
J0023;Xena Firmansyah;Jakarta;cloud computing;78.5
J0023;Xena Firmansyah;Jakarta;cobit;87.0
J0023;Xena Firmansyah;Jakarta;data mining;89.6
J0023;Xena Firmansyah;Jakarta;data warehouse;60.9
J0023;Xena Firmansyah;Jakarta;design thinking;92.2
J0023;Xena Firmansyah;Jakarta;erd (entity relationship diagram);84.3
J0023;Xena Firmansyah;Jakarta;erp (enterprise resource planning);90.0
J0023;Xena Firmansyah;Jakarta;etl (extract transform load);58.3
J0023;Xena Firmansyah;Jakarta;firewall;86.0
J0023;Xena Firmansyah;Jakarta;flowchart;75.9
J0023;Xena Firmansyah;Jakarta;graphql;52.6
J0023;Xena Firmansyah;Jakarta;html;77.9
J0023;Xena Firmansyah;Jakarta;information systems;98.3
J0023;Xena Firmansyah;Jakarta;jaringan komputer;52.9
J0023;Xena Firmansyah;Jakarta;klasifikasi (data);61.5
J0023;Xena Firmansyah;Jakarta;kpi (key performance indicator);75.9
J0023;Xena Firmansyah;Jakarta;kriptografi;88.9
J0023;Xena Firmansyah;Jakarta;linux;70.4
J0023;Xena Firmansyah;Jakarta;machine learning;98.6
J0023;Xena Firmansyah;Jakarta;microsoft excel;65.2
J0023;Xena Firmansyah;Jakarta;mysql;72.5
J0023;Xena Firmansyah;Jakarta;neural network;75.7
J0023;Xena Firmansyah;Jakarta;nosql;89.3
J0023;Xena Firmansyah;Jakarta;oop (object oriented programming);87.7
J0023;Xena Firmansyah;Jakarta;osi layer;73.7
J0023;Xena Firmansyah;Jakarta;otorisasi;70.5
J0023;Xena Firmansyah;Jakarta;php;75.5
J0023;Xena Firmansyah;Jakarta;prototyping;76.8
J0023;Xena Firmansyah;Jakarta;pseudocode;81.1
J0023;Xena Firmansyah;Jakarta;python;86.9
J0023;Xena Firmansyah;Jakarta;regresi;92.4
J0023;Xena Firmansyah;Jakarta;rest api;57.3
J0023;Xena Firmansyah;Jakarta;routing;86.4
J0023;Xena Firmansyah;Jakarta;sap;79.2
J0023;Xena Firmansyah;Jakarta;scm (supply chain management);75.6
J0023;Xena Firmansyah;Jakarta;scrum;99.4
J0023;Xena Firmansyah;Jakarta;sql;64.0
J0023;Xena Firmansyah;Jakarta;statistika/probabilitas;98.1
J0023;Xena Firmansyah;Jakarta;switching;99.1
J0023;Xena Firmansyah;Jakarta;tcp/ip;87.4
J0023;Xena Firmansyah;Jakarta;uml (unified modeling language);85.1
J0023;Xena Firmansyah;Jakarta;vulnerability assessment;86.2
J0024;Kartika Maharani;Jakarta;agile;58.7
J0024;Kartika Maharani;Jakarta;algorithm design;89.9
J0024;Kartika Maharani;Jakarta;api;64.8
J0024;Kartika Maharani;Jakarta;basic programming;89.9
J0024;Kartika Maharani;Jakarta;basis data / database;87.5
J0024;Kartika Maharani;Jakarta;cloud computing;72.6
J0024;Kartika Maharani;Jakarta;cobit;97.0
J0024;Kartika Maharani;Jakarta;data mining;75.9
J0024;Kartika Maharani;Jakarta;data warehouse;81.5
J0024;Kartika Maharani;Jakarta;decision tree;66.7
J0024;Kartika Maharani;Jakarta;design thinking;87.9
J0024;Kartika Maharani;Jakarta;erd (entity relationship diagram);58.8
J0024;Kartika Maharani;Jakarta;erp (enterprise resource planning);97.9
J0024;Kartika Maharani;Jakarta;etl (extract transform load);95.6
J0024;Kartika Maharani;Jakarta;firewall;84.0
J0024;Kartika Maharani;Jakarta;flowchart;65.5
J0024;Kartika Maharani;Jakarta;graphql;77.9
J0024;Kartika Maharani;Jakarta;html;77.3
J0024;Kartika Maharani;Jakarta;information systems;97.1
J0024;Kartika Maharani;Jakarta;jaringan komputer;55.8
J0024;Kartika Maharani;Jakarta;klasifikasi (data);85.5
J0024;Kartika Maharani;Jakarta;kpi (key performance indicator);64.8
J0024;Kartika Maharani;Jakarta;kriptografi;92.2
J0024;Kartika Maharani;Jakarta;linux;88.7
J0024;Kartika Maharani;Jakarta;machine learning;80.0
J0024;Kartika Maharani;Jakarta;microsoft excel;97.6
J0024;Kartika Maharani;Jakarta;mysql;72.2
J0024;Kartika Maharani;Jakarta;neural network;60.1
J0024;Kartika Maharani;Jakarta;nosql;61.0
J0024;Kartika Maharani;Jakarta;oop (object oriented programming);66.3
J0024;Kartika Maharani;Jakarta;osi layer;61.5
J0024;Kartika Maharani;Jakarta;otorisasi;88.2
J0024;Kartika Maharani;Jakarta;php;79.1
J0024;Kartika Maharani;Jakarta;prototyping;92.8
J0024;Kartika Maharani;Jakarta;pseudocode;90.9
J0024;Kartika Maharani;Jakarta;python;95.9
J0024;Kartika Maharani;Jakarta;regresi;76.8
J0024;Kartika Maharani;Jakarta;rest api;64.1
J0024;Kartika Maharani;Jakarta;routing;56.6
J0024;Kartika Maharani;Jakarta;sap;91.2
J0024;Kartika Maharani;Jakarta;scm (supply chain management);97.8
J0024;Kartika Maharani;Jakarta;scrum;91.4
J0024;Kartika Maharani;Jakarta;sql;65.6
J0024;Kartika Maharani;Jakarta;statistika/probabilitas;90.3
J0024;Kartika Maharani;Jakarta;switching;66.3
J0024;Kartika Maharani;Jakarta;tcp/ip;73.7
J0024;Kartika Maharani;Jakarta;uml (unified modeling language);60.3
J0024;Kartika Maharani;Jakarta;vulnerability assessment;96.1
J0025;Taufik Pratama;Jakarta;algorithm design;93.0
J0025;Taufik Pratama;Jakarta;api;99.0
J0025;Taufik Pratama;Jakarta;basic programming;93.0
J0025;Taufik Pratama;Jakarta;basis data / database;91.5
J0025;Taufik Pratama;Jakarta;cloud computing;68.1
J0025;Taufik Pratama;Jakarta;cobit;88.3
J0025;Taufik Pratama;Jakarta;data mining;79.7
J0025;Taufik Pratama;Jakarta;data warehouse;55.1
J0025;Taufik Pratama;Jakarta;decision tree;95.8
J0025;Taufik Pratama;Jakarta;design thinking;53.5
J0025;Taufik Pratama;Jakarta;erd (entity relationship diagram);59.3
J0025;Taufik Pratama;Jakarta;erp (enterprise resource planning);63.5
J0025;Taufik Pratama;Jakarta;etl (extract transform load);86.9
J0025;Taufik Pratama;Jakarta;firewall;96.6
J0025;Taufik Pratama;Jakarta;flowchart;97.4
J0025;Taufik Pratama;Jakarta;git;68.6
J0025;Taufik Pratama;Jakarta;graphql;65.7
J0025;Taufik Pratama;Jakarta;html;72.5
J0025;Taufik Pratama;Jakarta;information systems;98.9
J0025;Taufik Pratama;Jakarta;jaringan komputer;82.7
J0025;Taufik Pratama;Jakarta;klasifikasi (data);92.9
J0025;Taufik Pratama;Jakarta;kpi (key performance indicator);71.8
J0025;Taufik Pratama;Jakarta;kriptografi;83.6
J0025;Taufik Pratama;Jakarta;linux;55.1
J0025;Taufik Pratama;Jakarta;machine learning;96.0
J0025;Taufik Pratama;Jakarta;microsoft excel;55.6
J0025;Taufik Pratama;Jakarta;mysql;86.9
J0025;Taufik Pratama;Jakarta;nosql;84.3
J0025;Taufik Pratama;Jakarta;oop (object oriented programming);91.9
J0025;Taufik Pratama;Jakarta;osi layer;50.3
J0025;Taufik Pratama;Jakarta;otorisasi;85.1
J0025;Taufik Pratama;Jakarta;php;99.8
J0025;Taufik Pratama;Jakarta;prototyping;98.2
J0025;Taufik Pratama;Jakarta;pseudocode;62.9
J0025;Taufik Pratama;Jakarta;python;85.5
J0025;Taufik Pratama;Jakarta;regresi;67.9
J0025;Taufik Pratama;Jakarta;rest api;95.9
J0025;Taufik Pratama;Jakarta;routing;69.2
J0025;Taufik Pratama;Jakarta;sap;62.1
J0025;Taufik Pratama;Jakarta;scm (supply chain management);77.0
J0025;Taufik Pratama;Jakarta;scrum;69.6
J0025;Taufik Pratama;Jakarta;statistika/probabilitas;97.7
J0025;Taufik Pratama;Jakarta;switching;63.6
J0025;Taufik Pratama;Jakarta;uml (unified modeling language);53.5
J0025;Taufik Pratama;Jakarta;vulnerability assessment;68.9
J0026;Hesti Saputra;Jakarta;agile;86.8
J0026;Hesti Saputra;Jakarta;algorithm design;97.5
J0026;Hesti Saputra;Jakarta;api;93.4
J0026;Hesti Saputra;Jakarta;basic programming;97.5
J0026;Hesti Saputra;Jakarta;basis data / database;97.0
J0026;Hesti Saputra;Jakarta;cloud computing;80.2
J0026;Hesti Saputra;Jakarta;cobit;90.4
J0026;Hesti Saputra;Jakarta;data mining;91.4
J0026;Hesti Saputra;Jakarta;data warehouse;56.0
J0026;Hesti Saputra;Jakarta;design thinking;79.2
J0026;Hesti Saputra;Jakarta;erd (entity relationship diagram);52.6
J0026;Hesti Saputra;Jakarta;erp (enterprise resource planning);82.1
J0026;Hesti Saputra;Jakarta;etl (extract transform load);86.1
J0026;Hesti Saputra;Jakarta;firewall;98.8
J0026;Hesti Saputra;Jakarta;flowchart;80.1
J0026;Hesti Saputra;Jakarta;git;80.8
J0026;Hesti Saputra;Jakarta;graphql;56.3
J0026;Hesti Saputra;Jakarta;html;89.0
J0026;Hesti Saputra;Jakarta;information systems;99.3
J0026;Hesti Saputra;Jakarta;jaringan komputer;74.0
J0026;Hesti Saputra;Jakarta;klasifikasi (data);98.7
J0026;Hesti Saputra;Jakarta;kpi (key performance indicator);66.7
J0026;Hesti Saputra;Jakarta;linux;75.3
J0026;Hesti Saputra;Jakarta;machine learning;78.6
J0026;Hesti Saputra;Jakarta;microsoft excel;54.8
J0026;Hesti Saputra;Jakarta;neural network;89.8
J0026;Hesti Saputra;Jakarta;nosql;51.0
J0026;Hesti Saputra;Jakarta;oop (object oriented programming);86.0
J0026;Hesti Saputra;Jakarta;osi layer;70.6
J0026;Hesti Saputra;Jakarta;otorisasi;84.8
J0026;Hesti Saputra;Jakarta;php;89.8
J0026;Hesti Saputra;Jakarta;prototyping;98.0
J0026;Hesti Saputra;Jakarta;pseudocode;79.8
J0026;Hesti Saputra;Jakarta;python;94.3
J0026;Hesti Saputra;Jakarta;regresi;69.3
J0026;Hesti Saputra;Jakarta;routing;76.6
J0026;Hesti Saputra;Jakarta;sap;73.1
J0026;Hesti Saputra;Jakarta;scm (supply chain management);95.0
J0026;Hesti Saputra;Jakarta;scrum;92.6
J0026;Hesti Saputra;Jakarta;sql;68.9
J0026;Hesti Saputra;Jakarta;statistika/probabilitas;93.4
J0026;Hesti Saputra;Jakarta;switching;67.6
J0026;Hesti Saputra;Jakarta;tcp/ip;96.2
J0026;Hesti Saputra;Jakarta;uml (unified modeling language);98.5
J0026;Hesti Saputra;Jakarta;vulnerability assessment;82.5
J0027;Eka Permata;Jakarta;agile;55.6
J0027;Eka Permata;Jakarta;algorithm design;97.6
J0027;Eka Permata;Jakarta;api;50.8
J0027;Eka Permata;Jakarta;basic programming;97.6
J0027;Eka Permata;Jakarta;basis data / database;99.4
J0027;Eka Permata;Jakarta;cloud computing;93.8
J0027;Eka Permata;Jakarta;cobit;87.9
J0027;Eka Permata;Jakarta;data mining;80.2
J0027;Eka Permata;Jakarta;decision tree;64.4
J0027;Eka Permata;Jakarta;erd (entity relationship diagram);76.1
J0027;Eka Permata;Jakarta;erp (enterprise resource planning);88.6
J0027;Eka Permata;Jakarta;firewall;54.5
J0027;Eka Permata;Jakarta;flowchart;59.8
J0027;Eka Permata;Jakarta;git;67.6
J0027;Eka Permata;Jakarta;graphql;96.8
J0027;Eka Permata;Jakarta;html;75.7
J0027;Eka Permata;Jakarta;information systems;99.2
J0027;Eka Permata;Jakarta;jaringan komputer;74.8
J0027;Eka Permata;Jakarta;klasifikasi (data);95.5
J0027;Eka Permata;Jakarta;kpi (key performance indicator);68.5
J0027;Eka Permata;Jakarta;kriptografi;85.9
J0027;Eka Permata;Jakarta;linux;80.1
J0027;Eka Permata;Jakarta;machine learning;98.8
J0027;Eka Permata;Jakarta;microsoft excel;65.2
J0027;Eka Permata;Jakarta;neural network;63.7
J0027;Eka Permata;Jakarta;nosql;66.1
J0027;Eka Permata;Jakarta;oop (object oriented programming);99.3
J0027;Eka Permata;Jakarta;osi layer;90.9
J0027;Eka Permata;Jakarta;otorisasi;87.0
J0027;Eka Permata;Jakarta;php;93.6
J0027;Eka Permata;Jakarta;prototyping;79.4
J0027;Eka Permata;Jakarta;python;75.4
J0027;Eka Permata;Jakarta;regresi;77.3
J0027;Eka Permata;Jakarta;rest api;82.2
J0027;Eka Permata;Jakarta;routing;94.3
J0027;Eka Permata;Jakarta;sap;85.4
J0027;Eka Permata;Jakarta;scm (supply chain management);77.8
J0027;Eka Permata;Jakarta;scrum;59.8
J0027;Eka Permata;Jakarta;sql;65.3
J0027;Eka Permata;Jakarta;statistika/probabilitas;84.3
J0027;Eka Permata;Jakarta;switching;86.5
J0027;Eka Permata;Jakarta;tcp/ip;76.4
J0027;Eka Permata;Jakarta;uml (unified modeling language);75.8
J0027;Eka Permata;Jakarta;vulnerability assessment;96.0
J0028;Wulan Puspita;Jakarta;algorithm design;68.0
J0028;Wulan Puspita;Jakarta;api;80.5
J0028;Wulan Puspita;Jakarta;basic programming;68.0
J0028;Wulan Puspita;Jakarta;basis data / database;82.7
J0028;Wulan Puspita;Jakarta;cloud computing;61.6
J0028;Wulan Puspita;Jakarta;cobit;94.5
J0028;Wulan Puspita;Jakarta;data mining;80.0
J0028;Wulan Puspita;Jakarta;data warehouse;74.5
J0028;Wulan Puspita;Jakarta;decision tree;55.4
J0028;Wulan Puspita;Jakarta;design thinking;95.0
J0028;Wulan Puspita;Jakarta;erd (entity relationship diagram);70.3
J0028;Wulan Puspita;Jakarta;erp (enterprise resource planning);84.1
J0028;Wulan Puspita;Jakarta;etl (extract transform load);58.2
J0028;Wulan Puspita;Jakarta;firewall;60.9
J0028;Wulan Puspita;Jakarta;flowchart;86.7
J0028;Wulan Puspita;Jakarta;git;96.0
J0028;Wulan Puspita;Jakarta;graphql;83.9
J0028;Wulan Puspita;Jakarta;html;85.9
J0028;Wulan Puspita;Jakarta;information systems;100.0
J0028;Wulan Puspita;Jakarta;jaringan komputer;79.8
J0028;Wulan Puspita;Jakarta;klasifikasi (data);84.5
J0028;Wulan Puspita;Jakarta;kpi (key performance indicator);62.5
J0028;Wulan Puspita;Jakarta;kriptografi;89.3
J0028;Wulan Puspita;Jakarta;linux;87.0
J0028;Wulan Puspita;Jakarta;machine learning;81.9
J0028;Wulan Puspita;Jakarta;mysql;50.1
J0028;Wulan Puspita;Jakarta;neural network;77.7
J0028;Wulan Puspita;Jakarta;nosql;62.5
J0028;Wulan Puspita;Jakarta;oop (object oriented programming);97.4
J0028;Wulan Puspita;Jakarta;osi layer;99.4
J0028;Wulan Puspita;Jakarta;otorisasi;60.1
J0028;Wulan Puspita;Jakarta;php;97.3
J0028;Wulan Puspita;Jakarta;prototyping;83.5
J0028;Wulan Puspita;Jakarta;pseudocode;60.9
J0028;Wulan Puspita;Jakarta;python;82.2
J0028;Wulan Puspita;Jakarta;regresi;84.9
J0028;Wulan Puspita;Jakarta;rest api;70.6
J0028;Wulan Puspita;Jakarta;routing;56.5
J0028;Wulan Puspita;Jakarta;sap;99.6
J0028;Wulan Puspita;Jakarta;scm (supply chain management);97.8
J0028;Wulan Puspita;Jakarta;scrum;87.7
J0028;Wulan Puspita;Jakarta;statistika/probabilitas;81.9
J0028;Wulan Puspita;Jakarta;switching;61.5
J0028;Wulan Puspita;Jakarta;tcp/ip;86.3
J0028;Wulan Puspita;Jakarta;uml (unified modeling language);80.3
J0028;Wulan Puspita;Jakarta;vulnerability assessment;92.9
J0029;Chandra Halim;Jakarta;algorithm design;70.0
J0029;Chandra Halim;Jakarta;basic programming;70.0
J0029;Chandra Halim;Jakarta;basis data / database;98.3
J0029;Chandra Halim;Jakarta;cloud computing;85.0
J0029;Chandra Halim;Jakarta;cobit;91.8
J0029;Chandra Halim;Jakarta;data mining;80.6
J0029;Chandra Halim;Jakarta;design thinking;75.4
J0029;Chandra Halim;Jakarta;erd (entity relationship diagram);85.2
J0029;Chandra Halim;Jakarta;erp (enterprise resource planning);92.2
J0029;Chandra Halim;Jakarta;etl (extract transform load);59.2
J0029;Chandra Halim;Jakarta;firewall;63.4
J0029;Chandra Halim;Jakarta;flowchart;56.5
J0029;Chandra Halim;Jakarta;git;82.0
J0029;Chandra Halim;Jakarta;graphql;96.7
J0029;Chandra Halim;Jakarta;html;68.0
J0029;Chandra Halim;Jakarta;information systems;99.9
J0029;Chandra Halim;Jakarta;jaringan komputer;70.4
J0029;Chandra Halim;Jakarta;klasifikasi (data);95.1
J0029;Chandra Halim;Jakarta;kpi (key performance indicator);92.8
J0029;Chandra Halim;Jakarta;kriptografi;98.7
J0029;Chandra Halim;Jakarta;linux;87.0
J0029;Chandra Halim;Jakarta;machine learning;99.2
J0029;Chandra Halim;Jakarta;mysql;89.6
J0029;Chandra Halim;Jakarta;neural network;84.3
J0029;Chandra Halim;Jakarta;nosql;90.2
J0029;Chandra Halim;Jakarta;oop (object oriented programming);68.3
J0029;Chandra Halim;Jakarta;otorisasi;83.5
J0029;Chandra Halim;Jakarta;php;98.3
J0029;Chandra Halim;Jakarta;prototyping;87.2
J0029;Chandra Halim;Jakarta;pseudocode;63.5
J0029;Chandra Halim;Jakarta;python;89.9
J0029;Chandra Halim;Jakarta;regresi;50.3
J0029;Chandra Halim;Jakarta;rest api;56.3
J0029;Chandra Halim;Jakarta;routing;76.9
J0029;Chandra Halim;Jakarta;scm (supply chain management);79.6
J0029;Chandra Halim;Jakarta;scrum;92.6
J0029;Chandra Halim;Jakarta;statistika/probabilitas;88.1
J0029;Chandra Halim;Jakarta;switching;82.1
J0029;Chandra Halim;Jakarta;tcp/ip;93.1
J0029;Chandra Halim;Jakarta;uml (unified modeling language);64.9
J0029;Chandra Halim;Jakarta;vulnerability assessment;82.1
J0030;Nurul Handayani;Jakarta;agile;85.3
J0030;Nurul Handayani;Jakarta;algorithm design;89.4
J0030;Nurul Handayani;Jakarta;api;55.2
J0030;Nurul Handayani;Jakarta;basic programming;89.4
J0030;Nurul Handayani;Jakarta;basis data / database;77.5
J0030;Nurul Handayani;Jakarta;cloud computing;94.5
J0030;Nurul Handayani;Jakarta;cobit;94.2
J0030;Nurul Handayani;Jakarta;data mining;84.8
J0030;Nurul Handayani;Jakarta;data warehouse;90.5
J0030;Nurul Handayani;Jakarta;decision tree;61.6
J0030;Nurul Handayani;Jakarta;design thinking;90.5
J0030;Nurul Handayani;Jakarta;erd (entity relationship diagram);77.4
J0030;Nurul Handayani;Jakarta;erp (enterprise resource planning);96.1
J0030;Nurul Handayani;Jakarta;etl (extract transform load);70.3
J0030;Nurul Handayani;Jakarta;git;61.5
J0030;Nurul Handayani;Jakarta;graphql;57.6
J0030;Nurul Handayani;Jakarta;html;73.3
J0030;Nurul Handayani;Jakarta;information systems;98.4
J0030;Nurul Handayani;Jakarta;jaringan komputer;65.1
J0030;Nurul Handayani;Jakarta;klasifikasi (data);95.9
J0030;Nurul Handayani;Jakarta;kpi (key performance indicator);70.1
J0030;Nurul Handayani;Jakarta;kriptografi;88.5
J0030;Nurul Handayani;Jakarta;linux;92.4
J0030;Nurul Handayani;Jakarta;machine learning;94.0
J0030;Nurul Handayani;Jakarta;mysql;77.8
J0030;Nurul Handayani;Jakarta;nosql;79.8
J0030;Nurul Handayani;Jakarta;oop (object oriented programming);63.2
J0030;Nurul Handayani;Jakarta;osi layer;86.9
J0030;Nurul Handayani;Jakarta;otorisasi;97.0
J0030;Nurul Handayani;Jakarta;php;84.7
J0030;Nurul Handayani;Jakarta;prototyping;90.0
J0030;Nurul Handayani;Jakarta;pseudocode;71.2
J0030;Nurul Handayani;Jakarta;python;65.6
J0030;Nurul Handayani;Jakarta;regresi;83.4
J0030;Nurul Handayani;Jakarta;rest api;57.8
J0030;Nurul Handayani;Jakarta;routing;82.0
J0030;Nurul Handayani;Jakarta;scm (supply chain management);96.6
J0030;Nurul Handayani;Jakarta;scrum;57.8
J0030;Nurul Handayani;Jakarta;statistika/probabilitas;67.1
J0030;Nurul Handayani;Jakarta;switching;95.5
J0030;Nurul Handayani;Jakarta;tcp/ip;95.1
J0030;Nurul Handayani;Jakarta;uml (unified modeling language);64.2
J0030;Nurul Handayani;Jakarta;vulnerability assessment;72.0
J0031;Indra Pratama;Jakarta;algorithm design;68.0
J0031;Indra Pratama;Jakarta;api;62.5
J0031;Indra Pratama;Jakarta;basic programming;68.0
J0031;Indra Pratama;Jakarta;basis data / database;84.5
J0031;Indra Pratama;Jakarta;cloud computing;81.1
J0031;Indra Pratama;Jakarta;cobit;69.2
J0031;Indra Pratama;Jakarta;data mining;89.4
J0031;Indra Pratama;Jakarta;data warehouse;57.3
J0031;Indra Pratama;Jakarta;decision tree;55.4
J0031;Indra Pratama;Jakarta;design thinking;95.7
J0031;Indra Pratama;Jakarta;erd (entity relationship diagram);63.8
J0031;Indra Pratama;Jakarta;erp (enterprise resource planning);87.4
J0031;Indra Pratama;Jakarta;etl (extract transform load);94.6
J0031;Indra Pratama;Jakarta;firewall;67.7
J0031;Indra Pratama;Jakarta;flowchart;57.9
J0031;Indra Pratama;Jakarta;git;61.3
J0031;Indra Pratama;Jakarta;graphql;52.9
J0031;Indra Pratama;Jakarta;html;77.0
J0031;Indra Pratama;Jakarta;information systems;99.1
J0031;Indra Pratama;Jakarta;jaringan komputer;79.7
J0031;Indra Pratama;Jakarta;klasifikasi (data);98.9
J0031;Indra Pratama;Jakarta;kpi (key performance indicator);98.2
J0031;Indra Pratama;Jakarta;kriptografi;99.3
J0031;Indra Pratama;Jakarta;linux;97.2
J0031;Indra Pratama;Jakarta;machine learning;79.8
J0031;Indra Pratama;Jakarta;microsoft excel;56.6
J0031;Indra Pratama;Jakarta;neural network;76.6
J0031;Indra Pratama;Jakarta;nosql;88.1
J0031;Indra Pratama;Jakarta;oop (object oriented programming);99.5
J0031;Indra Pratama;Jakarta;osi layer;87.3
J0031;Indra Pratama;Jakarta;otorisasi;85.1
J0031;Indra Pratama;Jakarta;php;96.6
J0031;Indra Pratama;Jakarta;prototyping;97.7
J0031;Indra Pratama;Jakarta;pseudocode;70.2
J0031;Indra Pratama;Jakarta;python;82.6
J0031;Indra Pratama;Jakarta;rest api;74.5
J0031;Indra Pratama;Jakarta;routing;70.8
J0031;Indra Pratama;Jakarta;scrum;91.1
J0031;Indra Pratama;Jakarta;sql;58.0
J0031;Indra Pratama;Jakarta;statistika/probabilitas;99.0
J0031;Indra Pratama;Jakarta;switching;82.7
J0031;Indra Pratama;Jakarta;tcp/ip;97.1
J0031;Indra Pratama;Jakarta;uml (unified modeling language);81.4
J0031;Indra Pratama;Jakarta;vulnerability assessment;84.5
J0032;Jihan Syahputra;Jakarta;agile;59.6
J0032;Jihan Syahputra;Jakarta;algorithm design;93.8
J0032;Jihan Syahputra;Jakarta;api;50.1
J0032;Jihan Syahputra;Jakarta;basic programming;93.8
J0032;Jihan Syahputra;Jakarta;basis data / database;99.4
J0032;Jihan Syahputra;Jakarta;cloud computing;89.6
J0032;Jihan Syahputra;Jakarta;cobit;96.3
J0032;Jihan Syahputra;Jakarta;data mining;86.4
J0032;Jihan Syahputra;Jakarta;data warehouse;58.4
J0032;Jihan Syahputra;Jakarta;decision tree;95.0
J0032;Jihan Syahputra;Jakarta;erd (entity relationship diagram);92.4
J0032;Jihan Syahputra;Jakarta;erp (enterprise resource planning);75.5
J0032;Jihan Syahputra;Jakarta;etl (extract transform load);64.2
J0032;Jihan Syahputra;Jakarta;firewall;65.0
J0032;Jihan Syahputra;Jakarta;flowchart;55.1
J0032;Jihan Syahputra;Jakarta;git;92.6
J0032;Jihan Syahputra;Jakarta;graphql;97.9
J0032;Jihan Syahputra;Jakarta;html;74.4
J0032;Jihan Syahputra;Jakarta;information systems;97.3
J0032;Jihan Syahputra;Jakarta;jaringan komputer;99.8
J0032;Jihan Syahputra;Jakarta;klasifikasi (data);92.7
J0032;Jihan Syahputra;Jakarta;kpi (key performance indicator);60.9
J0032;Jihan Syahputra;Jakarta;kriptografi;93.5
J0032;Jihan Syahputra;Jakarta;linux;98.8
J0032;Jihan Syahputra;Jakarta;machine learning;92.2
J0032;Jihan Syahputra;Jakarta;microsoft excel;98.0
J0032;Jihan Syahputra;Jakarta;mysql;59.3
J0032;Jihan Syahputra;Jakarta;neural network;83.3
J0032;Jihan Syahputra;Jakarta;nosql;69.5
J0032;Jihan Syahputra;Jakarta;oop (object oriented programming);94.7
J0032;Jihan Syahputra;Jakarta;osi layer;57.7
J0032;Jihan Syahputra;Jakarta;otorisasi;87.4
J0032;Jihan Syahputra;Jakarta;php;85.2
J0032;Jihan Syahputra;Jakarta;prototyping;86.9
J0032;Jihan Syahputra;Jakarta;pseudocode;93.6
J0032;Jihan Syahputra;Jakarta;python;84.7
J0032;Jihan Syahputra;Jakarta;routing;84.8
J0032;Jihan Syahputra;Jakarta;sap;83.9
J0032;Jihan Syahputra;Jakarta;scm (supply chain management);82.5
J0032;Jihan Syahputra;Jakarta;scrum;65.0
J0032;Jihan Syahputra;Jakarta;sql;97.2
J0032;Jihan Syahputra;Jakarta;statistika/probabilitas;85.9
J0032;Jihan Syahputra;Jakarta;switching;81.3
J0032;Jihan Syahputra;Jakarta;tcp/ip;50.1
J0032;Jihan Syahputra;Jakarta;uml (unified modeling language);81.5
J0032;Jihan Syahputra;Jakarta;vulnerability assessment;62.6
J0033;Farhan Setiawan;Jakarta;algorithm design;98.6
J0033;Farhan Setiawan;Jakarta;api;82.6
J0033;Farhan Setiawan;Jakarta;basic programming;98.6
J0033;Farhan Setiawan;Jakarta;basis data / database;87.5
J0033;Farhan Setiawan;Jakarta;cloud computing;94.5
J0033;Farhan Setiawan;Jakarta;cobit;71.8
J0033;Farhan Setiawan;Jakarta;data mining;74.1
J0033;Farhan Setiawan;Jakarta;data warehouse;96.1
J0033;Farhan Setiawan;Jakarta;decision tree;72.8
J0033;Farhan Setiawan;Jakarta;erp (enterprise resource planning);99.9
J0033;Farhan Setiawan;Jakarta;etl (extract transform load);84.9
J0033;Farhan Setiawan;Jakarta;firewall;52.0
J0033;Farhan Setiawan;Jakarta;flowchart;52.2
J0033;Farhan Setiawan;Jakarta;git;84.8
J0033;Farhan Setiawan;Jakarta;graphql;78.8
J0033;Farhan Setiawan;Jakarta;html;74.2
J0033;Farhan Setiawan;Jakarta;information systems;99.3
J0033;Farhan Setiawan;Jakarta;jaringan komputer;67.0
J0033;Farhan Setiawan;Jakarta;klasifikasi (data);90.3
J0033;Farhan Setiawan;Jakarta;kpi (key performance indicator);88.2
J0033;Farhan Setiawan;Jakarta;kriptografi;89.9
J0033;Farhan Setiawan;Jakarta;linux;70.3
J0033;Farhan Setiawan;Jakarta;machine learning;82.0
J0033;Farhan Setiawan;Jakarta;microsoft excel;87.1
J0033;Farhan Setiawan;Jakarta;mysql;59.0
J0033;Farhan Setiawan;Jakarta;neural network;97.2
J0033;Farhan Setiawan;Jakarta;nosql;72.3
J0033;Farhan Setiawan;Jakarta;oop (object oriented programming);96.8
J0033;Farhan Setiawan;Jakarta;osi layer;63.8
J0033;Farhan Setiawan;Jakarta;otorisasi;66.1
J0033;Farhan Setiawan;Jakarta;php;70.3
J0033;Farhan Setiawan;Jakarta;prototyping;78.9
J0033;Farhan Setiawan;Jakarta;pseudocode;88.1
J0033;Farhan Setiawan;Jakarta;python;59.6
J0033;Farhan Setiawan;Jakarta;rest api;63.7
J0033;Farhan Setiawan;Jakarta;routing;77.2
J0033;Farhan Setiawan;Jakarta;sap;83.7
J0033;Farhan Setiawan;Jakarta;scm (supply chain management);77.3
J0033;Farhan Setiawan;Jakarta;scrum;79.4
J0033;Farhan Setiawan;Jakarta;sql;62.7
J0033;Farhan Setiawan;Jakarta;statistika/probabilitas;96.6
J0033;Farhan Setiawan;Jakarta;switching;69.4
J0033;Farhan Setiawan;Jakarta;tcp/ip;70.4
J0033;Farhan Setiawan;Jakarta;uml (unified modeling language);75.6
J0033;Farhan Setiawan;Jakarta;vulnerability assessment;97.5
J0034;Vina Rahman;Jakarta;algorithm design;89.9
J0034;Vina Rahman;Jakarta;api;66.1
J0034;Vina Rahman;Jakarta;basic programming;89.9
J0034;Vina Rahman;Jakarta;basis data / database;86.1
J0034;Vina Rahman;Jakarta;cloud computing;72.8
J0034;Vina Rahman;Jakarta;cobit;97.2
J0034;Vina Rahman;Jakarta;data mining;69.7
J0034;Vina Rahman;Jakarta;data warehouse;63.0
J0034;Vina Rahman;Jakarta;decision tree;74.4
J0034;Vina Rahman;Jakarta;design thinking;56.1
J0034;Vina Rahman;Jakarta;erd (entity relationship diagram);86.6
J0034;Vina Rahman;Jakarta;erp (enterprise resource planning);95.2
J0034;Vina Rahman;Jakarta;etl (extract transform load);57.0
J0034;Vina Rahman;Jakarta;firewall;54.4
J0034;Vina Rahman;Jakarta;flowchart;78.6
J0034;Vina Rahman;Jakarta;html;93.9
J0034;Vina Rahman;Jakarta;information systems;98.9
J0034;Vina Rahman;Jakarta;jaringan komputer;61.8
J0034;Vina Rahman;Jakarta;klasifikasi (data);94.3
J0034;Vina Rahman;Jakarta;kriptografi;94.6
J0034;Vina Rahman;Jakarta;linux;93.1
J0034;Vina Rahman;Jakarta;machine learning;62.9
J0034;Vina Rahman;Jakarta;mysql;87.3
J0034;Vina Rahman;Jakarta;neural network;90.9
J0034;Vina Rahman;Jakarta;nosql;84.3
J0034;Vina Rahman;Jakarta;oop (object oriented programming);84.9
J0034;Vina Rahman;Jakarta;osi layer;60.7
J0034;Vina Rahman;Jakarta;otorisasi;97.8
J0034;Vina Rahman;Jakarta;php;89.6
J0034;Vina Rahman;Jakarta;prototyping;53.0
J0034;Vina Rahman;Jakarta;python;90.7
J0034;Vina Rahman;Jakarta;regresi;67.2
J0034;Vina Rahman;Jakarta;rest api;85.2
J0034;Vina Rahman;Jakarta;routing;69.7
J0034;Vina Rahman;Jakarta;scm (supply chain management);69.4
J0034;Vina Rahman;Jakarta;scrum;56.3
J0034;Vina Rahman;Jakarta;sql;59.8
J0034;Vina Rahman;Jakarta;statistika/probabilitas;88.0
J0034;Vina Rahman;Jakarta;switching;51.9
J0034;Vina Rahman;Jakarta;tcp/ip;81.3
J0034;Vina Rahman;Jakarta;uml (unified modeling language);90.7
J0034;Vina Rahman;Jakarta;vulnerability assessment;52.3
J0035;Dewi Puspita;Jakarta;agile;67.3
J0035;Dewi Puspita;Jakarta;algorithm design;98.1
J0035;Dewi Puspita;Jakarta;basic programming;98.1
J0035;Dewi Puspita;Jakarta;basis data / database;81.3
J0035;Dewi Puspita;Jakarta;cloud computing;84.3
J0035;Dewi Puspita;Jakarta;cobit;98.9
J0035;Dewi Puspita;Jakarta;data mining;94.5
J0035;Dewi Puspita;Jakarta;data warehouse;57.9
J0035;Dewi Puspita;Jakarta;decision tree;56.7
J0035;Dewi Puspita;Jakarta;design thinking;52.9
J0035;Dewi Puspita;Jakarta;erd (entity relationship diagram);64.0
J0035;Dewi Puspita;Jakarta;erp (enterprise resource planning);77.5
J0035;Dewi Puspita;Jakarta;firewall;54.2
J0035;Dewi Puspita;Jakarta;flowchart;51.9
J0035;Dewi Puspita;Jakarta;git;94.7
J0035;Dewi Puspita;Jakarta;html;93.4
J0035;Dewi Puspita;Jakarta;information systems;99.7
J0035;Dewi Puspita;Jakarta;jaringan komputer;82.9
J0035;Dewi Puspita;Jakarta;klasifikasi (data);83.2
J0035;Dewi Puspita;Jakarta;kpi (key performance indicator);65.5
J0035;Dewi Puspita;Jakarta;kriptografi;72.4
J0035;Dewi Puspita;Jakarta;linux;93.0
J0035;Dewi Puspita;Jakarta;machine learning;75.2
J0035;Dewi Puspita;Jakarta;microsoft excel;82.8
J0035;Dewi Puspita;Jakarta;neural network;91.3
J0035;Dewi Puspita;Jakarta;nosql;75.6
J0035;Dewi Puspita;Jakarta;oop (object oriented programming);80.3
J0035;Dewi Puspita;Jakarta;osi layer;89.5
J0035;Dewi Puspita;Jakarta;otorisasi;98.0
J0035;Dewi Puspita;Jakarta;php;62.4
J0035;Dewi Puspita;Jakarta;prototyping;77.9
J0035;Dewi Puspita;Jakarta;pseudocode;83.6
J0035;Dewi Puspita;Jakarta;python;81.9
J0035;Dewi Puspita;Jakarta;regresi;64.4
J0035;Dewi Puspita;Jakarta;sap;54.5
J0035;Dewi Puspita;Jakarta;scm (supply chain management);94.0
J0035;Dewi Puspita;Jakarta;sql;81.0
J0035;Dewi Puspita;Jakarta;statistika/probabilitas;97.0
J0035;Dewi Puspita;Jakarta;switching;65.7
J0035;Dewi Puspita;Jakarta;tcp/ip;50.4
J0035;Dewi Puspita;Jakarta;uml (unified modeling language);67.2
J0035;Dewi Puspita;Jakarta;vulnerability assessment;83.2
J0036;Dewi Kusuma;Jakarta;agile;72.8
J0036;Dewi Kusuma;Jakarta;algorithm design;81.9
J0036;Dewi Kusuma;Jakarta;api;94.2
J0036;Dewi Kusuma;Jakarta;basic programming;81.9
J0036;Dewi Kusuma;Jakarta;basis data / database;83.3
J0036;Dewi Kusuma;Jakarta;cloud computing;88.3
J0036;Dewi Kusuma;Jakarta;cobit;91.3
J0036;Dewi Kusuma;Jakarta;data mining;99.4
J0036;Dewi Kusuma;Jakarta;data warehouse;65.7
J0036;Dewi Kusuma;Jakarta;decision tree;61.4
J0036;Dewi Kusuma;Jakarta;design thinking;84.4
J0036;Dewi Kusuma;Jakarta;erd (entity relationship diagram);89.4
J0036;Dewi Kusuma;Jakarta;erp (enterprise resource planning);67.5
J0036;Dewi Kusuma;Jakarta;etl (extract transform load);61.3
J0036;Dewi Kusuma;Jakarta;firewall;88.0
J0036;Dewi Kusuma;Jakarta;flowchart;53.4
J0036;Dewi Kusuma;Jakarta;graphql;76.2
J0036;Dewi Kusuma;Jakarta;html;68.0
J0036;Dewi Kusuma;Jakarta;information systems;98.7
J0036;Dewi Kusuma;Jakarta;klasifikasi (data);90.5
J0036;Dewi Kusuma;Jakarta;kpi (key performance indicator);87.3
J0036;Dewi Kusuma;Jakarta;kriptografi;84.7
J0036;Dewi Kusuma;Jakarta;linux;75.8
J0036;Dewi Kusuma;Jakarta;machine learning;95.4
J0036;Dewi Kusuma;Jakarta;microsoft excel;66.2
J0036;Dewi Kusuma;Jakarta;neural network;76.8
J0036;Dewi Kusuma;Jakarta;nosql;55.3
J0036;Dewi Kusuma;Jakarta;oop (object oriented programming);64.1
J0036;Dewi Kusuma;Jakarta;osi layer;78.9
J0036;Dewi Kusuma;Jakarta;otorisasi;53.9
J0036;Dewi Kusuma;Jakarta;php;82.7
J0036;Dewi Kusuma;Jakarta;prototyping;94.8
J0036;Dewi Kusuma;Jakarta;pseudocode;76.6
J0036;Dewi Kusuma;Jakarta;python;99.2
J0036;Dewi Kusuma;Jakarta;rest api;98.1
J0036;Dewi Kusuma;Jakarta;routing;72.4
J0036;Dewi Kusuma;Jakarta;scm (supply chain management);95.3
J0036;Dewi Kusuma;Jakarta;scrum;89.2
J0036;Dewi Kusuma;Jakarta;statistika/probabilitas;92.5
J0036;Dewi Kusuma;Jakarta;switching;55.0
J0036;Dewi Kusuma;Jakarta;tcp/ip;82.3
J0036;Dewi Kusuma;Jakarta;uml (unified modeling language);63.8
J0036;Dewi Kusuma;Jakarta;vulnerability assessment;84.8
J0037;Umar Wijaya;Jakarta;agile;53.1
J0037;Umar Wijaya;Jakarta;algorithm design;99.9
J0037;Umar Wijaya;Jakarta;api;97.5
J0037;Umar Wijaya;Jakarta;basic programming;99.9
J0037;Umar Wijaya;Jakarta;basis data / database;84.8
J0037;Umar Wijaya;Jakarta;cloud computing;79.4
J0037;Umar Wijaya;Jakarta;cobit;84.0
J0037;Umar Wijaya;Jakarta;data mining;91.1
J0037;Umar Wijaya;Jakarta;data warehouse;56.4
J0037;Umar Wijaya;Jakarta;erd (entity relationship diagram);55.5
J0037;Umar Wijaya;Jakarta;erp (enterprise resource planning);98.0
J0037;Umar Wijaya;Jakarta;etl (extract transform load);94.5
J0037;Umar Wijaya;Jakarta;firewall;67.7
J0037;Umar Wijaya;Jakarta;flowchart;85.9
J0037;Umar Wijaya;Jakarta;html;73.6
J0037;Umar Wijaya;Jakarta;information systems;98.1
J0037;Umar Wijaya;Jakarta;jaringan komputer;51.2
J0037;Umar Wijaya;Jakarta;klasifikasi (data);73.8
J0037;Umar Wijaya;Jakarta;kpi (key performance indicator);84.5
J0037;Umar Wijaya;Jakarta;kriptografi;92.1
J0037;Umar Wijaya;Jakarta;linux;95.7
J0037;Umar Wijaya;Jakarta;machine learning;84.8
J0037;Umar Wijaya;Jakarta;microsoft excel;72.5
J0037;Umar Wijaya;Jakarta;mysql;51.9
J0037;Umar Wijaya;Jakarta;neural network;54.6
J0037;Umar Wijaya;Jakarta;oop (object oriented programming);88.6
J0037;Umar Wijaya;Jakarta;osi layer;79.7
J0037;Umar Wijaya;Jakarta;otorisasi;65.0
J0037;Umar Wijaya;Jakarta;php;87.8
J0037;Umar Wijaya;Jakarta;pseudocode;80.5
J0037;Umar Wijaya;Jakarta;python;86.4
J0037;Umar Wijaya;Jakarta;regresi;55.4
J0037;Umar Wijaya;Jakarta;rest api;80.3
J0037;Umar Wijaya;Jakarta;routing;89.7
J0037;Umar Wijaya;Jakarta;sap;96.8
J0037;Umar Wijaya;Jakarta;scm (supply chain management);69.8
J0037;Umar Wijaya;Jakarta;statistika/probabilitas;89.4
J0037;Umar Wijaya;Jakarta;switching;53.5
J0037;Umar Wijaya;Jakarta;tcp/ip;91.8
J0037;Umar Wijaya;Jakarta;uml (unified modeling language);96.4
J0037;Umar Wijaya;Jakarta;vulnerability assessment;50.3
J0038;Joko Anggraini;Jakarta;algorithm design;92.5
J0038;Joko Anggraini;Jakarta;api;53.0
J0038;Joko Anggraini;Jakarta;basic programming;92.5
J0038;Joko Anggraini;Jakarta;basis data / database;84.5
J0038;Joko Anggraini;Jakarta;cloud computing;71.0
J0038;Joko Anggraini;Jakarta;cobit;90.2
J0038;Joko Anggraini;Jakarta;data mining;86.1
J0038;Joko Anggraini;Jakarta;data warehouse;84.0
J0038;Joko Anggraini;Jakarta;decision tree;69.2
J0038;Joko Anggraini;Jakarta;design thinking;91.4
J0038;Joko Anggraini;Jakarta;erd (entity relationship diagram);58.9
J0038;Joko Anggraini;Jakarta;erp (enterprise resource planning);95.3
J0038;Joko Anggraini;Jakarta;etl (extract transform load);73.4
J0038;Joko Anggraini;Jakarta;firewall;94.5
J0038;Joko Anggraini;Jakarta;flowchart;62.2
J0038;Joko Anggraini;Jakarta;git;81.5
J0038;Joko Anggraini;Jakarta;graphql;89.6
J0038;Joko Anggraini;Jakarta;html;96.5
J0038;Joko Anggraini;Jakarta;information systems;98.5
J0038;Joko Anggraini;Jakarta;jaringan komputer;71.2
J0038;Joko Anggraini;Jakarta;klasifikasi (data);71.4
J0038;Joko Anggraini;Jakarta;kpi (key performance indicator);57.3
J0038;Joko Anggraini;Jakarta;kriptografi;79.7
J0038;Joko Anggraini;Jakarta;linux;95.8
J0038;Joko Anggraini;Jakarta;machine learning;76.8
J0038;Joko Anggraini;Jakarta;mysql;68.7
J0038;Joko Anggraini;Jakarta;neural network;56.8
J0038;Joko Anggraini;Jakarta;nosql;57.2
J0038;Joko Anggraini;Jakarta;oop (object oriented programming);98.7
J0038;Joko Anggraini;Jakarta;osi layer;82.6
J0038;Joko Anggraini;Jakarta;otorisasi;78.3
J0038;Joko Anggraini;Jakarta;php;76.0
J0038;Joko Anggraini;Jakarta;prototyping;98.0
J0038;Joko Anggraini;Jakarta;pseudocode;96.7
J0038;Joko Anggraini;Jakarta;python;72.4
J0038;Joko Anggraini;Jakarta;regresi;69.2
J0038;Joko Anggraini;Jakarta;rest api;71.4
J0038;Joko Anggraini;Jakarta;routing;72.8
J0038;Joko Anggraini;Jakarta;scm (supply chain management);79.9
J0038;Joko Anggraini;Jakarta;scrum;54.0
J0038;Joko Anggraini;Jakarta;statistika/probabilitas;92.8
J0038;Joko Anggraini;Jakarta;switching;52.1
J0038;Joko Anggraini;Jakarta;tcp/ip;75.2
J0038;Joko Anggraini;Jakarta;uml (unified modeling language);68.7
J0038;Joko Anggraini;Jakarta;vulnerability assessment;96.4
J0039;Nadia Wibowo;Jakarta;agile;88.5
J0039;Nadia Wibowo;Jakarta;algorithm design;70.5
J0039;Nadia Wibowo;Jakarta;api;80.3
J0039;Nadia Wibowo;Jakarta;basic programming;70.5
J0039;Nadia Wibowo;Jakarta;basis data / database;99.1
J0039;Nadia Wibowo;Jakarta;cloud computing;95.2
J0039;Nadia Wibowo;Jakarta;cobit;89.5
J0039;Nadia Wibowo;Jakarta;data mining;96.3
J0039;Nadia Wibowo;Jakarta;data warehouse;63.2
J0039;Nadia Wibowo;Jakarta;decision tree;99.2
J0039;Nadia Wibowo;Jakarta;design thinking;50.1
J0039;Nadia Wibowo;Jakarta;erd (entity relationship diagram);66.4
J0039;Nadia Wibowo;Jakarta;erp (enterprise resource planning);98.6
J0039;Nadia Wibowo;Jakarta;etl (extract transform load);93.4
J0039;Nadia Wibowo;Jakarta;firewall;77.4
J0039;Nadia Wibowo;Jakarta;flowchart;72.7
J0039;Nadia Wibowo;Jakarta;git;93.0
J0039;Nadia Wibowo;Jakarta;graphql;62.8
J0039;Nadia Wibowo;Jakarta;html;96.1
J0039;Nadia Wibowo;Jakarta;information systems;97.8
J0039;Nadia Wibowo;Jakarta;jaringan komputer;68.0
J0039;Nadia Wibowo;Jakarta;klasifikasi (data);90.8
J0039;Nadia Wibowo;Jakarta;kpi (key performance indicator);51.4
J0039;Nadia Wibowo;Jakarta;kriptografi;59.9
J0039;Nadia Wibowo;Jakarta;linux;93.3
J0039;Nadia Wibowo;Jakarta;machine learning;60.9
J0039;Nadia Wibowo;Jakarta;microsoft excel;61.4
J0039;Nadia Wibowo;Jakarta;mysql;69.1
J0039;Nadia Wibowo;Jakarta;neural network;70.9
J0039;Nadia Wibowo;Jakarta;oop (object oriented programming);58.8
J0039;Nadia Wibowo;Jakarta;osi layer;54.2
J0039;Nadia Wibowo;Jakarta;otorisasi;65.3
J0039;Nadia Wibowo;Jakarta;php;87.8
J0039;Nadia Wibowo;Jakarta;prototyping;74.1
J0039;Nadia Wibowo;Jakarta;pseudocode;75.7
J0039;Nadia Wibowo;Jakarta;python;90.7
J0039;Nadia Wibowo;Jakarta;regresi;67.4
J0039;Nadia Wibowo;Jakarta;rest api;84.2
J0039;Nadia Wibowo;Jakarta;routing;80.0
J0039;Nadia Wibowo;Jakarta;sap;60.3
J0039;Nadia Wibowo;Jakarta;scm (supply chain management);56.3
J0039;Nadia Wibowo;Jakarta;sql;79.8
J0039;Nadia Wibowo;Jakarta;statistika/probabilitas;88.0
J0039;Nadia Wibowo;Jakarta;switching;93.7
J0039;Nadia Wibowo;Jakarta;tcp/ip;93.2
J0039;Nadia Wibowo;Jakarta;uml (unified modeling language);97.4
J0039;Nadia Wibowo;Jakarta;vulnerability assessment;86.3
J0040;Hesti Santoso;Jakarta;agile;58.9
J0040;Hesti Santoso;Jakarta;algorithm design;85.5
J0040;Hesti Santoso;Jakarta;basic programming;85.5
J0040;Hesti Santoso;Jakarta;basis data / database;90.8
J0040;Hesti Santoso;Jakarta;cloud computing;76.5
J0040;Hesti Santoso;Jakarta;cobit;77.5
J0040;Hesti Santoso;Jakarta;data mining;97.4
J0040;Hesti Santoso;Jakarta;decision tree;73.2
J0040;Hesti Santoso;Jakarta;design thinking;67.4
J0040;Hesti Santoso;Jakarta;erd (entity relationship diagram);99.6
J0040;Hesti Santoso;Jakarta;erp (enterprise resource planning);72.0
J0040;Hesti Santoso;Jakarta;etl (extract transform load);71.4
J0040;Hesti Santoso;Jakarta;firewall;86.2
J0040;Hesti Santoso;Jakarta;flowchart;55.3
J0040;Hesti Santoso;Jakarta;git;86.2
J0040;Hesti Santoso;Jakarta;graphql;79.8
J0040;Hesti Santoso;Jakarta;information systems;100.0
J0040;Hesti Santoso;Jakarta;jaringan komputer;78.1
J0040;Hesti Santoso;Jakarta;klasifikasi (data);73.8
J0040;Hesti Santoso;Jakarta;kpi (key performance indicator);53.1
J0040;Hesti Santoso;Jakarta;kriptografi;94.7
J0040;Hesti Santoso;Jakarta;linux;79.9
J0040;Hesti Santoso;Jakarta;machine learning;93.4
J0040;Hesti Santoso;Jakarta;microsoft excel;89.1
J0040;Hesti Santoso;Jakarta;mysql;94.6
J0040;Hesti Santoso;Jakarta;neural network;64.3
J0040;Hesti Santoso;Jakarta;nosql;58.5
J0040;Hesti Santoso;Jakarta;oop (object oriented programming);63.5
J0040;Hesti Santoso;Jakarta;osi layer;53.4
J0040;Hesti Santoso;Jakarta;otorisasi;67.2
J0040;Hesti Santoso;Jakarta;php;99.8
J0040;Hesti Santoso;Jakarta;prototyping;94.6
J0040;Hesti Santoso;Jakarta;pseudocode;99.0
J0040;Hesti Santoso;Jakarta;python;81.5
J0040;Hesti Santoso;Jakarta;regresi;57.2
J0040;Hesti Santoso;Jakarta;rest api;91.6
J0040;Hesti Santoso;Jakarta;routing;80.4
J0040;Hesti Santoso;Jakarta;sap;66.6
J0040;Hesti Santoso;Jakarta;scm (supply chain management);86.1
J0040;Hesti Santoso;Jakarta;scrum;59.0
J0040;Hesti Santoso;Jakarta;sql;63.7
J0040;Hesti Santoso;Jakarta;statistika/probabilitas;98.6
J0040;Hesti Santoso;Jakarta;switching;89.6
J0040;Hesti Santoso;Jakarta;tcp/ip;99.9
J0040;Hesti Santoso;Jakarta;uml (unified modeling language);99.1
J0040;Hesti Santoso;Jakarta;vulnerability assessment;97.6
J0041;Gita Anggraini;Jakarta;algorithm design;78.5
J0041;Gita Anggraini;Jakarta;api;65.6
J0041;Gita Anggraini;Jakarta;basic programming;78.5
J0041;Gita Anggraini;Jakarta;basis data / database;92.5
J0041;Gita Anggraini;Jakarta;cloud computing;66.2
J0041;Gita Anggraini;Jakarta;cobit;85.7
J0041;Gita Anggraini;Jakarta;data mining;78.6
J0041;Gita Anggraini;Jakarta;data warehouse;59.2
J0041;Gita Anggraini;Jakarta;decision tree;95.2
J0041;Gita Anggraini;Jakarta;design thinking;74.1
J0041;Gita Anggraini;Jakarta;erp (enterprise resource planning);98.8
J0041;Gita Anggraini;Jakarta;firewall;54.3
J0041;Gita Anggraini;Jakarta;flowchart;76.9
J0041;Gita Anggraini;Jakarta;git;87.2
J0041;Gita Anggraini;Jakarta;graphql;69.1
J0041;Gita Anggraini;Jakarta;html;82.9
J0041;Gita Anggraini;Jakarta;information systems;96.4
J0041;Gita Anggraini;Jakarta;jaringan komputer;93.9
J0041;Gita Anggraini;Jakarta;klasifikasi (data);98.3
J0041;Gita Anggraini;Jakarta;kpi (key performance indicator);70.1
J0041;Gita Anggraini;Jakarta;kriptografi;94.4
J0041;Gita Anggraini;Jakarta;linux;87.1
J0041;Gita Anggraini;Jakarta;machine learning;78.1
J0041;Gita Anggraini;Jakarta;mysql;86.8
J0041;Gita Anggraini;Jakarta;oop (object oriented programming);91.3
J0041;Gita Anggraini;Jakarta;otorisasi;71.3
J0041;Gita Anggraini;Jakarta;php;99.2
J0041;Gita Anggraini;Jakarta;prototyping;86.5
J0041;Gita Anggraini;Jakarta;pseudocode;72.7
J0041;Gita Anggraini;Jakarta;python;60.6
J0041;Gita Anggraini;Jakarta;regresi;63.1
J0041;Gita Anggraini;Jakarta;rest api;72.4
J0041;Gita Anggraini;Jakarta;routing;82.7
J0041;Gita Anggraini;Jakarta;sap;59.6
J0041;Gita Anggraini;Jakarta;scm (supply chain management);97.5
J0041;Gita Anggraini;Jakarta;scrum;55.6
J0041;Gita Anggraini;Jakarta;sql;62.5
J0041;Gita Anggraini;Jakarta;statistika/probabilitas;89.7
J0041;Gita Anggraini;Jakarta;switching;77.3
J0041;Gita Anggraini;Jakarta;tcp/ip;77.3
J0041;Gita Anggraini;Jakarta;vulnerability assessment;92.0
J0042;Lestari Saputra;Jakarta;agile;78.2
J0042;Lestari Saputra;Jakarta;algorithm design;85.7
J0042;Lestari Saputra;Jakarta;api;80.2
J0042;Lestari Saputra;Jakarta;basic programming;85.7
J0042;Lestari Saputra;Jakarta;basis data / database;93.4
J0042;Lestari Saputra;Jakarta;cloud computing;93.6
J0042;Lestari Saputra;Jakarta;cobit;96.3
J0042;Lestari Saputra;Jakarta;data mining;93.3
J0042;Lestari Saputra;Jakarta;data warehouse;56.0
J0042;Lestari Saputra;Jakarta;decision tree;80.6
J0042;Lestari Saputra;Jakarta;design thinking;74.3
J0042;Lestari Saputra;Jakarta;erd (entity relationship diagram);52.7
J0042;Lestari Saputra;Jakarta;erp (enterprise resource planning);87.7
J0042;Lestari Saputra;Jakarta;etl (extract transform load);60.0
J0042;Lestari Saputra;Jakarta;firewall;56.4
J0042;Lestari Saputra;Jakarta;flowchart;79.0
J0042;Lestari Saputra;Jakarta;git;93.4
J0042;Lestari Saputra;Jakarta;graphql;70.4
J0042;Lestari Saputra;Jakarta;html;84.9
J0042;Lestari Saputra;Jakarta;information systems;99.9
J0042;Lestari Saputra;Jakarta;jaringan komputer;95.8
J0042;Lestari Saputra;Jakarta;klasifikasi (data);72.6
J0042;Lestari Saputra;Jakarta;kriptografi;98.9
J0042;Lestari Saputra;Jakarta;linux;97.3
J0042;Lestari Saputra;Jakarta;machine learning;62.2
J0042;Lestari Saputra;Jakarta;microsoft excel;53.5
J0042;Lestari Saputra;Jakarta;mysql;93.2
J0042;Lestari Saputra;Jakarta;neural network;79.8
J0042;Lestari Saputra;Jakarta;nosql;68.7
J0042;Lestari Saputra;Jakarta;oop (object oriented programming);71.3
J0042;Lestari Saputra;Jakarta;otorisasi;84.6
J0042;Lestari Saputra;Jakarta;php;91.0
J0042;Lestari Saputra;Jakarta;prototyping;86.2
J0042;Lestari Saputra;Jakarta;pseudocode;61.1
J0042;Lestari Saputra;Jakarta;python;78.8
J0042;Lestari Saputra;Jakarta;regresi;99.0
J0042;Lestari Saputra;Jakarta;rest api;72.2
J0042;Lestari Saputra;Jakarta;routing;56.2
J0042;Lestari Saputra;Jakarta;sap;55.4
J0042;Lestari Saputra;Jakarta;scm (supply chain management);98.2
J0042;Lestari Saputra;Jakarta;scrum;54.6
J0042;Lestari Saputra;Jakarta;sql;90.9
J0042;Lestari Saputra;Jakarta;statistika/probabilitas;68.9
J0042;Lestari Saputra;Jakarta;switching;77.1
J0042;Lestari Saputra;Jakarta;tcp/ip;96.6
J0042;Lestari Saputra;Jakarta;uml (unified modeling language);95.9
J0042;Lestari Saputra;Jakarta;vulnerability assessment;96.9
J0043;Zainal Handayani;Jakarta;algorithm design;95.0
J0043;Zainal Handayani;Jakarta;api;93.1
J0043;Zainal Handayani;Jakarta;basic programming;95.0
J0043;Zainal Handayani;Jakarta;basis data / database;89.0
J0043;Zainal Handayani;Jakarta;cloud computing;72.2
J0043;Zainal Handayani;Jakarta;cobit;74.7
J0043;Zainal Handayani;Jakarta;data mining;84.7
J0043;Zainal Handayani;Jakarta;data warehouse;73.6
J0043;Zainal Handayani;Jakarta;decision tree;78.1
J0043;Zainal Handayani;Jakarta;design thinking;73.3
J0043;Zainal Handayani;Jakarta;erd (entity relationship diagram);90.9
J0043;Zainal Handayani;Jakarta;erp (enterprise resource planning);94.4
J0043;Zainal Handayani;Jakarta;etl (extract transform load);93.6
J0043;Zainal Handayani;Jakarta;firewall;63.5
J0043;Zainal Handayani;Jakarta;flowchart;60.7
J0043;Zainal Handayani;Jakarta;git;67.5
J0043;Zainal Handayani;Jakarta;graphql;93.0
J0043;Zainal Handayani;Jakarta;html;64.5
J0043;Zainal Handayani;Jakarta;information systems;96.6
J0043;Zainal Handayani;Jakarta;jaringan komputer;94.6
J0043;Zainal Handayani;Jakarta;klasifikasi (data);99.7
J0043;Zainal Handayani;Jakarta;kpi (key performance indicator);97.7
J0043;Zainal Handayani;Jakarta;kriptografi;77.2
J0043;Zainal Handayani;Jakarta;linux;97.6
J0043;Zainal Handayani;Jakarta;machine learning;91.8
J0043;Zainal Handayani;Jakarta;microsoft excel;68.3
J0043;Zainal Handayani;Jakarta;mysql;77.4
J0043;Zainal Handayani;Jakarta;neural network;75.6
J0043;Zainal Handayani;Jakarta;nosql;88.1
J0043;Zainal Handayani;Jakarta;oop (object oriented programming);75.3
J0043;Zainal Handayani;Jakarta;osi layer;84.7
J0043;Zainal Handayani;Jakarta;otorisasi;92.5
J0043;Zainal Handayani;Jakarta;php;95.6
J0043;Zainal Handayani;Jakarta;prototyping;98.8
J0043;Zainal Handayani;Jakarta;pseudocode;95.3
J0043;Zainal Handayani;Jakarta;python;89.2
J0043;Zainal Handayani;Jakarta;regresi;58.8
J0043;Zainal Handayani;Jakarta;rest api;53.6
J0043;Zainal Handayani;Jakarta;sap;87.8
J0043;Zainal Handayani;Jakarta;scm (supply chain management);100.0
J0043;Zainal Handayani;Jakarta;scrum;52.1
J0043;Zainal Handayani;Jakarta;sql;97.7
J0043;Zainal Handayani;Jakarta;statistika/probabilitas;78.8
J0043;Zainal Handayani;Jakarta;switching;63.3
J0043;Zainal Handayani;Jakarta;tcp/ip;98.3
J0043;Zainal Handayani;Jakarta;uml (unified modeling language);87.0
J0043;Zainal Handayani;Jakarta;vulnerability assessment;62.3
J0044;Kurnia Permata;Jakarta;agile;61.1
J0044;Kurnia Permata;Jakarta;algorithm design;83.3
J0044;Kurnia Permata;Jakarta;api;87.2
J0044;Kurnia Permata;Jakarta;basic programming;83.3
J0044;Kurnia Permata;Jakarta;basis data / database;98.0
J0044;Kurnia Permata;Jakarta;cloud computing;84.8
J0044;Kurnia Permata;Jakarta;cobit;87.9
J0044;Kurnia Permata;Jakarta;data mining;97.8
J0044;Kurnia Permata;Jakarta;data warehouse;74.4
J0044;Kurnia Permata;Jakarta;decision tree;77.1
J0044;Kurnia Permata;Jakarta;design thinking;85.0
J0044;Kurnia Permata;Jakarta;erd (entity relationship diagram);50.8
J0044;Kurnia Permata;Jakarta;erp (enterprise resource planning);89.3
J0044;Kurnia Permata;Jakarta;etl (extract transform load);73.9
J0044;Kurnia Permata;Jakarta;firewall;61.7
J0044;Kurnia Permata;Jakarta;flowchart;82.0
J0044;Kurnia Permata;Jakarta;graphql;55.8
J0044;Kurnia Permata;Jakarta;html;67.5
J0044;Kurnia Permata;Jakarta;information systems;99.7
J0044;Kurnia Permata;Jakarta;jaringan komputer;85.2
J0044;Kurnia Permata;Jakarta;klasifikasi (data);94.3
J0044;Kurnia Permata;Jakarta;kriptografi;98.9
J0044;Kurnia Permata;Jakarta;linux;75.9
J0044;Kurnia Permata;Jakarta;machine learning;65.8
J0044;Kurnia Permata;Jakarta;mysql;57.1
J0044;Kurnia Permata;Jakarta;nosql;67.8
J0044;Kurnia Permata;Jakarta;oop (object oriented programming);68.1
J0044;Kurnia Permata;Jakarta;osi layer;90.7
J0044;Kurnia Permata;Jakarta;otorisasi;81.8
J0044;Kurnia Permata;Jakarta;php;95.5
J0044;Kurnia Permata;Jakarta;prototyping;85.6
J0044;Kurnia Permata;Jakarta;pseudocode;67.3
J0044;Kurnia Permata;Jakarta;python;78.1
J0044;Kurnia Permata;Jakarta;regresi;63.6
J0044;Kurnia Permata;Jakarta;rest api;59.8
J0044;Kurnia Permata;Jakarta;sap;72.9
J0044;Kurnia Permata;Jakarta;scm (supply chain management);98.3
J0044;Kurnia Permata;Jakarta;scrum;96.9
J0044;Kurnia Permata;Jakarta;sql;82.5
J0044;Kurnia Permata;Jakarta;statistika/probabilitas;78.9
J0044;Kurnia Permata;Jakarta;switching;92.6
J0044;Kurnia Permata;Jakarta;tcp/ip;86.2
J0044;Kurnia Permata;Jakarta;uml (unified modeling language);86.0
J0044;Kurnia Permata;Jakarta;vulnerability assessment;86.4
J0045;Putri Anggraini;Jakarta;agile;88.2
J0045;Putri Anggraini;Jakarta;algorithm design;96.2
J0045;Putri Anggraini;Jakarta;api;85.4
J0045;Putri Anggraini;Jakarta;basic programming;96.2
J0045;Putri Anggraini;Jakarta;basis data / database;82.0
J0045;Putri Anggraini;Jakarta;cloud computing;88.9
J0045;Putri Anggraini;Jakarta;cobit;94.3
J0045;Putri Anggraini;Jakarta;data mining;82.8
J0045;Putri Anggraini;Jakarta;decision tree;92.6
J0045;Putri Anggraini;Jakarta;erd (entity relationship diagram);68.7
J0045;Putri Anggraini;Jakarta;erp (enterprise resource planning);70.5
J0045;Putri Anggraini;Jakarta;firewall;99.9
J0045;Putri Anggraini;Jakarta;flowchart;71.5
J0045;Putri Anggraini;Jakarta;git;88.9
J0045;Putri Anggraini;Jakarta;graphql;88.9
J0045;Putri Anggraini;Jakarta;html;97.1
J0045;Putri Anggraini;Jakarta;information systems;99.6
J0045;Putri Anggraini;Jakarta;jaringan komputer;90.2
J0045;Putri Anggraini;Jakarta;klasifikasi (data);92.5
J0045;Putri Anggraini;Jakarta;kpi (key performance indicator);73.1
J0045;Putri Anggraini;Jakarta;kriptografi;99.5
J0045;Putri Anggraini;Jakarta;linux;75.3
J0045;Putri Anggraini;Jakarta;machine learning;61.9
J0045;Putri Anggraini;Jakarta;microsoft excel;69.8
J0045;Putri Anggraini;Jakarta;mysql;60.3
J0045;Putri Anggraini;Jakarta;neural network;51.8
J0045;Putri Anggraini;Jakarta;nosql;88.8
J0045;Putri Anggraini;Jakarta;oop (object oriented programming);65.4
J0045;Putri Anggraini;Jakarta;osi layer;64.9
J0045;Putri Anggraini;Jakarta;otorisasi;99.2
J0045;Putri Anggraini;Jakarta;php;97.8
J0045;Putri Anggraini;Jakarta;prototyping;79.2
J0045;Putri Anggraini;Jakarta;pseudocode;57.0
J0045;Putri Anggraini;Jakarta;python;84.0
J0045;Putri Anggraini;Jakarta;regresi;80.5
J0045;Putri Anggraini;Jakarta;routing;76.0
J0045;Putri Anggraini;Jakarta;sap;86.7
J0045;Putri Anggraini;Jakarta;scm (supply chain management);89.9
J0045;Putri Anggraini;Jakarta;scrum;80.7
J0045;Putri Anggraini;Jakarta;sql;74.5
J0045;Putri Anggraini;Jakarta;statistika/probabilitas;92.4
J0045;Putri Anggraini;Jakarta;switching;85.4
J0045;Putri Anggraini;Jakarta;tcp/ip;98.7
J0045;Putri Anggraini;Jakarta;uml (unified modeling language);91.6
J0045;Putri Anggraini;Jakarta;vulnerability assessment;72.1
J0046;Made Puspita;Jakarta;agile;100.0
J0046;Made Puspita;Jakarta;algorithm design;96.6
J0046;Made Puspita;Jakarta;api;95.3
J0046;Made Puspita;Jakarta;basic programming;96.6
J0046;Made Puspita;Jakarta;basis data / database;99.6
J0046;Made Puspita;Jakarta;cloud computing;84.0
J0046;Made Puspita;Jakarta;cobit;89.7
J0046;Made Puspita;Jakarta;data mining;94.5
J0046;Made Puspita;Jakarta;data warehouse;53.6
J0046;Made Puspita;Jakarta;design thinking;83.6
J0046;Made Puspita;Jakarta;erd (entity relationship diagram);64.4
J0046;Made Puspita;Jakarta;erp (enterprise resource planning);84.3
J0046;Made Puspita;Jakarta;etl (extract transform load);98.6
J0046;Made Puspita;Jakarta;firewall;71.5
J0046;Made Puspita;Jakarta;flowchart;64.4
J0046;Made Puspita;Jakarta;git;56.6
J0046;Made Puspita;Jakarta;html;68.5
J0046;Made Puspita;Jakarta;information systems;100.0
J0046;Made Puspita;Jakarta;jaringan komputer;64.0
J0046;Made Puspita;Jakarta;klasifikasi (data);92.6
J0046;Made Puspita;Jakarta;kpi (key performance indicator);82.9
J0046;Made Puspita;Jakarta;kriptografi;76.7
J0046;Made Puspita;Jakarta;linux;90.5
J0046;Made Puspita;Jakarta;machine learning;76.2
J0046;Made Puspita;Jakarta;microsoft excel;82.9
J0046;Made Puspita;Jakarta;mysql;71.3
J0046;Made Puspita;Jakarta;neural network;75.8
J0046;Made Puspita;Jakarta;nosql;64.2
J0046;Made Puspita;Jakarta;oop (object oriented programming);60.3
J0046;Made Puspita;Jakarta;osi layer;71.6
J0046;Made Puspita;Jakarta;otorisasi;91.4
J0046;Made Puspita;Jakarta;php;93.4
J0046;Made Puspita;Jakarta;prototyping;70.4
J0046;Made Puspita;Jakarta;pseudocode;87.1
J0046;Made Puspita;Jakarta;python;99.9
J0046;Made Puspita;Jakarta;regresi;69.0
J0046;Made Puspita;Jakarta;routing;84.3
J0046;Made Puspita;Jakarta;sap;56.8
J0046;Made Puspita;Jakarta;scm (supply chain management);91.2
J0046;Made Puspita;Jakarta;scrum;80.8
J0046;Made Puspita;Jakarta;sql;71.5
J0046;Made Puspita;Jakarta;statistika/probabilitas;62.5
J0046;Made Puspita;Jakarta;switching;83.3
J0046;Made Puspita;Jakarta;tcp/ip;76.1
J0046;Made Puspita;Jakarta;uml (unified modeling language);100.0
J0046;Made Puspita;Jakarta;vulnerability assessment;71.5
J0047;Ivan Santoso;Jakarta;agile;94.4
J0047;Ivan Santoso;Jakarta;algorithm design;98.4
J0047;Ivan Santoso;Jakarta;api;75.0
J0047;Ivan Santoso;Jakarta;basic programming;98.4
J0047;Ivan Santoso;Jakarta;basis data / database;92.7
J0047;Ivan Santoso;Jakarta;cloud computing;99.5
J0047;Ivan Santoso;Jakarta;cobit;97.0
J0047;Ivan Santoso;Jakarta;data mining;65.6
J0047;Ivan Santoso;Jakarta;data warehouse;71.5
J0047;Ivan Santoso;Jakarta;decision tree;63.5
J0047;Ivan Santoso;Jakarta;design thinking;95.8
J0047;Ivan Santoso;Jakarta;erd (entity relationship diagram);97.1
J0047;Ivan Santoso;Jakarta;erp (enterprise resource planning);96.5
J0047;Ivan Santoso;Jakarta;etl (extract transform load);52.4
J0047;Ivan Santoso;Jakarta;firewall;59.9
J0047;Ivan Santoso;Jakarta;flowchart;66.9
J0047;Ivan Santoso;Jakarta;graphql;99.4
J0047;Ivan Santoso;Jakarta;html;78.2
J0047;Ivan Santoso;Jakarta;information systems;99.5
J0047;Ivan Santoso;Jakarta;klasifikasi (data);93.1
J0047;Ivan Santoso;Jakarta;kpi (key performance indicator);63.1
J0047;Ivan Santoso;Jakarta;kriptografi;94.2
J0047;Ivan Santoso;Jakarta;linux;73.2
J0047;Ivan Santoso;Jakarta;machine learning;65.3
J0047;Ivan Santoso;Jakarta;microsoft excel;78.4
J0047;Ivan Santoso;Jakarta;mysql;55.9
J0047;Ivan Santoso;Jakarta;nosql;51.7
J0047;Ivan Santoso;Jakarta;oop (object oriented programming);82.6
J0047;Ivan Santoso;Jakarta;osi layer;86.5
J0047;Ivan Santoso;Jakarta;otorisasi;59.0
J0047;Ivan Santoso;Jakarta;php;74.0
J0047;Ivan Santoso;Jakarta;prototyping;92.6
J0047;Ivan Santoso;Jakarta;pseudocode;50.5
J0047;Ivan Santoso;Jakarta;python;88.6
J0047;Ivan Santoso;Jakarta;regresi;62.9
J0047;Ivan Santoso;Jakarta;rest api;71.3
J0047;Ivan Santoso;Jakarta;routing;76.1
J0047;Ivan Santoso;Jakarta;scm (supply chain management);92.3
J0047;Ivan Santoso;Jakarta;scrum;72.8
J0047;Ivan Santoso;Jakarta;sql;62.8
J0047;Ivan Santoso;Jakarta;statistika/probabilitas;83.9
J0047;Ivan Santoso;Jakarta;switching;88.4
J0047;Ivan Santoso;Jakarta;tcp/ip;76.5
J0047;Ivan Santoso;Jakarta;uml (unified modeling language);70.9
J0047;Ivan Santoso;Jakarta;vulnerability assessment;92.9
J0048;Budi Setiawan;Jakarta;agile;71.2
J0048;Budi Setiawan;Jakarta;algorithm design;86.7
J0048;Budi Setiawan;Jakarta;api;79.1
J0048;Budi Setiawan;Jakarta;basic programming;86.7
J0048;Budi Setiawan;Jakarta;basis data / database;91.7
J0048;Budi Setiawan;Jakarta;cloud computing;90.3
J0048;Budi Setiawan;Jakarta;cobit;88.6
J0048;Budi Setiawan;Jakarta;data mining;87.0
J0048;Budi Setiawan;Jakarta;data warehouse;56.6
J0048;Budi Setiawan;Jakarta;decision tree;75.7
J0048;Budi Setiawan;Jakarta;design thinking;93.2
J0048;Budi Setiawan;Jakarta;erp (enterprise resource planning);99.2
J0048;Budi Setiawan;Jakarta;etl (extract transform load);57.0
J0048;Budi Setiawan;Jakarta;firewall;77.5
J0048;Budi Setiawan;Jakarta;flowchart;68.3
J0048;Budi Setiawan;Jakarta;git;58.9
J0048;Budi Setiawan;Jakarta;graphql;88.5
J0048;Budi Setiawan;Jakarta;html;84.9
J0048;Budi Setiawan;Jakarta;information systems;99.4
J0048;Budi Setiawan;Jakarta;klasifikasi (data);93.3
J0048;Budi Setiawan;Jakarta;kpi (key performance indicator);59.7
J0048;Budi Setiawan;Jakarta;kriptografi;62.2
J0048;Budi Setiawan;Jakarta;linux;51.5
J0048;Budi Setiawan;Jakarta;machine learning;53.5
J0048;Budi Setiawan;Jakarta;microsoft excel;52.6
J0048;Budi Setiawan;Jakarta;neural network;85.5
J0048;Budi Setiawan;Jakarta;oop (object oriented programming);92.1
J0048;Budi Setiawan;Jakarta;otorisasi;97.7
J0048;Budi Setiawan;Jakarta;php;80.5
J0048;Budi Setiawan;Jakarta;prototyping;70.4
J0048;Budi Setiawan;Jakarta;pseudocode;57.8
J0048;Budi Setiawan;Jakarta;python;53.7
J0048;Budi Setiawan;Jakarta;regresi;51.2
J0048;Budi Setiawan;Jakarta;rest api;89.3
J0048;Budi Setiawan;Jakarta;routing;98.9
J0048;Budi Setiawan;Jakarta;sap;60.4
J0048;Budi Setiawan;Jakarta;scm (supply chain management);73.6
J0048;Budi Setiawan;Jakarta;scrum;89.5
J0048;Budi Setiawan;Jakarta;sql;97.0
J0048;Budi Setiawan;Jakarta;statistika/probabilitas;71.0
J0048;Budi Setiawan;Jakarta;switching;97.2
J0048;Budi Setiawan;Jakarta;tcp/ip;89.3
J0048;Budi Setiawan;Jakarta;uml (unified modeling language);86.8
J0048;Budi Setiawan;Jakarta;vulnerability assessment;54.2
J0049;Wulan Hidayat;Jakarta;algorithm design;99.0
J0049;Wulan Hidayat;Jakarta;basic programming;99.0
J0049;Wulan Hidayat;Jakarta;basis data / database;90.4
J0049;Wulan Hidayat;Jakarta;cloud computing;67.0
J0049;Wulan Hidayat;Jakarta;cobit;79.4
J0049;Wulan Hidayat;Jakarta;data mining;71.7
J0049;Wulan Hidayat;Jakarta;data warehouse;53.0
J0049;Wulan Hidayat;Jakarta;decision tree;57.6
J0049;Wulan Hidayat;Jakarta;design thinking;98.6
J0049;Wulan Hidayat;Jakarta;erd (entity relationship diagram);57.6
J0049;Wulan Hidayat;Jakarta;erp (enterprise resource planning);92.7
J0049;Wulan Hidayat;Jakarta;etl (extract transform load);55.6
J0049;Wulan Hidayat;Jakarta;firewall;77.8
J0049;Wulan Hidayat;Jakarta;flowchart;62.2
J0049;Wulan Hidayat;Jakarta;graphql;62.7
J0049;Wulan Hidayat;Jakarta;html;76.9
J0049;Wulan Hidayat;Jakarta;information systems;99.2
J0049;Wulan Hidayat;Jakarta;jaringan komputer;93.0
J0049;Wulan Hidayat;Jakarta;klasifikasi (data);89.6
J0049;Wulan Hidayat;Jakarta;kpi (key performance indicator);83.9
J0049;Wulan Hidayat;Jakarta;kriptografi;86.3
J0049;Wulan Hidayat;Jakarta;linux;91.1
J0049;Wulan Hidayat;Jakarta;machine learning;72.8
J0049;Wulan Hidayat;Jakarta;microsoft excel;59.4
J0049;Wulan Hidayat;Jakarta;mysql;50.4
J0049;Wulan Hidayat;Jakarta;neural network;77.0
J0049;Wulan Hidayat;Jakarta;nosql;62.6
J0049;Wulan Hidayat;Jakarta;oop (object oriented programming);94.7
J0049;Wulan Hidayat;Jakarta;osi layer;98.7
J0049;Wulan Hidayat;Jakarta;otorisasi;80.1
J0049;Wulan Hidayat;Jakarta;php;93.8
J0049;Wulan Hidayat;Jakarta;prototyping;92.2
J0049;Wulan Hidayat;Jakarta;pseudocode;54.3
J0049;Wulan Hidayat;Jakarta;python;99.0
J0049;Wulan Hidayat;Jakarta;regresi;77.1
J0049;Wulan Hidayat;Jakarta;rest api;74.1
J0049;Wulan Hidayat;Jakarta;routing;77.5
J0049;Wulan Hidayat;Jakarta;sap;65.3
J0049;Wulan Hidayat;Jakarta;scm (supply chain management);98.7
J0049;Wulan Hidayat;Jakarta;scrum;52.3
J0049;Wulan Hidayat;Jakarta;sql;62.7
J0049;Wulan Hidayat;Jakarta;statistika/probabilitas;82.2
J0049;Wulan Hidayat;Jakarta;switching;81.7
J0049;Wulan Hidayat;Jakarta;tcp/ip;64.7
J0049;Wulan Hidayat;Jakarta;uml (unified modeling language);54.9
J0049;Wulan Hidayat;Jakarta;vulnerability assessment;62.6
J0050;Zainal Permata;Jakarta;agile;54.0
J0050;Zainal Permata;Jakarta;algorithm design;94.3
J0050;Zainal Permata;Jakarta;api;55.3
J0050;Zainal Permata;Jakarta;basic programming;94.3
J0050;Zainal Permata;Jakarta;basis data / database;98.0
J0050;Zainal Permata;Jakarta;cloud computing;73.5
J0050;Zainal Permata;Jakarta;cobit;86.7
J0050;Zainal Permata;Jakarta;data mining;92.5
J0050;Zainal Permata;Jakarta;data warehouse;74.0
J0050;Zainal Permata;Jakarta;decision tree;65.0
J0050;Zainal Permata;Jakarta;design thinking;69.7
J0050;Zainal Permata;Jakarta;erd (entity relationship diagram);58.6
J0050;Zainal Permata;Jakarta;erp (enterprise resource planning);87.2
J0050;Zainal Permata;Jakarta;firewall;90.5
J0050;Zainal Permata;Jakarta;flowchart;69.0
J0050;Zainal Permata;Jakarta;graphql;84.5
J0050;Zainal Permata;Jakarta;html;51.2
J0050;Zainal Permata;Jakarta;information systems;98.7
J0050;Zainal Permata;Jakarta;jaringan komputer;72.3
J0050;Zainal Permata;Jakarta;klasifikasi (data);98.9
J0050;Zainal Permata;Jakarta;kpi (key performance indicator);99.4
J0050;Zainal Permata;Jakarta;kriptografi;92.4
J0050;Zainal Permata;Jakarta;linux;91.5
J0050;Zainal Permata;Jakarta;machine learning;80.1
J0050;Zainal Permata;Jakarta;microsoft excel;52.6
J0050;Zainal Permata;Jakarta;mysql;85.5
J0050;Zainal Permata;Jakarta;neural network;61.1
J0050;Zainal Permata;Jakarta;nosql;65.9
J0050;Zainal Permata;Jakarta;oop (object oriented programming);68.9
J0050;Zainal Permata;Jakarta;osi layer;98.8
J0050;Zainal Permata;Jakarta;otorisasi;82.0
J0050;Zainal Permata;Jakarta;php;95.1
J0050;Zainal Permata;Jakarta;prototyping;81.5
J0050;Zainal Permata;Jakarta;pseudocode;67.1
J0050;Zainal Permata;Jakarta;python;79.0
J0050;Zainal Permata;Jakarta;regresi;70.0
J0050;Zainal Permata;Jakarta;routing;90.2
J0050;Zainal Permata;Jakarta;scm (supply chain management);53.9
J0050;Zainal Permata;Jakarta;statistika/probabilitas;90.9
J0050;Zainal Permata;Jakarta;switching;78.9
J0050;Zainal Permata;Jakarta;tcp/ip;63.1
J0050;Zainal Permata;Jakarta;uml (unified modeling language);86.1
J0050;Zainal Permata;Jakarta;vulnerability assessment;88.6
J0051;Oki Kurniawan;Jakarta;agile;86.4
J0051;Oki Kurniawan;Jakarta;algorithm design;87.9
J0051;Oki Kurniawan;Jakarta;api;65.6
J0051;Oki Kurniawan;Jakarta;basic programming;87.9
J0051;Oki Kurniawan;Jakarta;basis data / database;92.9
J0051;Oki Kurniawan;Jakarta;cloud computing;98.2
J0051;Oki Kurniawan;Jakarta;cobit;89.2
J0051;Oki Kurniawan;Jakarta;data mining;91.2
J0051;Oki Kurniawan;Jakarta;data warehouse;89.7
J0051;Oki Kurniawan;Jakarta;decision tree;97.9
J0051;Oki Kurniawan;Jakarta;design thinking;74.0
J0051;Oki Kurniawan;Jakarta;erd (entity relationship diagram);68.5
J0051;Oki Kurniawan;Jakarta;erp (enterprise resource planning);80.8
J0051;Oki Kurniawan;Jakarta;etl (extract transform load);65.2
J0051;Oki Kurniawan;Jakarta;firewall;78.8
J0051;Oki Kurniawan;Jakarta;flowchart;71.1
J0051;Oki Kurniawan;Jakarta;git;99.0
J0051;Oki Kurniawan;Jakarta;html;65.3
J0051;Oki Kurniawan;Jakarta;information systems;97.6
J0051;Oki Kurniawan;Jakarta;jaringan komputer;78.9
J0051;Oki Kurniawan;Jakarta;klasifikasi (data);87.7
J0051;Oki Kurniawan;Jakarta;kpi (key performance indicator);73.7
J0051;Oki Kurniawan;Jakarta;kriptografi;90.5
J0051;Oki Kurniawan;Jakarta;linux;93.7
J0051;Oki Kurniawan;Jakarta;machine learning;74.8
J0051;Oki Kurniawan;Jakarta;microsoft excel;65.4
J0051;Oki Kurniawan;Jakarta;mysql;54.8
J0051;Oki Kurniawan;Jakarta;oop (object oriented programming);92.0
J0051;Oki Kurniawan;Jakarta;osi layer;96.8
J0051;Oki Kurniawan;Jakarta;otorisasi;99.9
J0051;Oki Kurniawan;Jakarta;php;93.1
J0051;Oki Kurniawan;Jakarta;prototyping;99.2
J0051;Oki Kurniawan;Jakarta;python;97.4
J0051;Oki Kurniawan;Jakarta;regresi;67.4
J0051;Oki Kurniawan;Jakarta;rest api;84.5
J0051;Oki Kurniawan;Jakarta;routing;55.5
J0051;Oki Kurniawan;Jakarta;sap;71.5
J0051;Oki Kurniawan;Jakarta;scm (supply chain management);88.3
J0051;Oki Kurniawan;Jakarta;scrum;59.7
J0051;Oki Kurniawan;Jakarta;sql;73.1
J0051;Oki Kurniawan;Jakarta;statistika/probabilitas;92.3
J0051;Oki Kurniawan;Jakarta;switching;94.3
J0051;Oki Kurniawan;Jakarta;tcp/ip;89.7
J0051;Oki Kurniawan;Jakarta;vulnerability assessment;89.1
J0052;Nadia Setiawan;Jakarta;algorithm design;70.4
J0052;Nadia Setiawan;Jakarta;api;90.5
J0052;Nadia Setiawan;Jakarta;basic programming;70.4
J0052;Nadia Setiawan;Jakarta;basis data / database;87.5
J0052;Nadia Setiawan;Jakarta;cloud computing;94.0
J0052;Nadia Setiawan;Jakarta;cobit;82.9
J0052;Nadia Setiawan;Jakarta;data mining;93.0
J0052;Nadia Setiawan;Jakarta;data warehouse;73.4
J0052;Nadia Setiawan;Jakarta;decision tree;59.2
J0052;Nadia Setiawan;Jakarta;design thinking;76.2
J0052;Nadia Setiawan;Jakarta;erd (entity relationship diagram);82.3
J0052;Nadia Setiawan;Jakarta;erp (enterprise resource planning);97.2
J0052;Nadia Setiawan;Jakarta;etl (extract transform load);58.0
J0052;Nadia Setiawan;Jakarta;firewall;99.2
J0052;Nadia Setiawan;Jakarta;flowchart;83.1
J0052;Nadia Setiawan;Jakarta;git;92.9
J0052;Nadia Setiawan;Jakarta;graphql;66.2
J0052;Nadia Setiawan;Jakarta;html;74.8
J0052;Nadia Setiawan;Jakarta;information systems;95.4
J0052;Nadia Setiawan;Jakarta;klasifikasi (data);79.8
J0052;Nadia Setiawan;Jakarta;kpi (key performance indicator);87.1
J0052;Nadia Setiawan;Jakarta;kriptografi;98.5
J0052;Nadia Setiawan;Jakarta;linux;98.5
J0052;Nadia Setiawan;Jakarta;machine learning;85.5
J0052;Nadia Setiawan;Jakarta;microsoft excel;93.7
J0052;Nadia Setiawan;Jakarta;mysql;51.7
J0052;Nadia Setiawan;Jakarta;neural network;68.0
J0052;Nadia Setiawan;Jakarta;oop (object oriented programming);94.2
J0052;Nadia Setiawan;Jakarta;otorisasi;89.3
J0052;Nadia Setiawan;Jakarta;php;74.2
J0052;Nadia Setiawan;Jakarta;prototyping;98.3
J0052;Nadia Setiawan;Jakarta;python;79.0
J0052;Nadia Setiawan;Jakarta;regresi;64.8
J0052;Nadia Setiawan;Jakarta;rest api;74.2
J0052;Nadia Setiawan;Jakarta;routing;84.5
J0052;Nadia Setiawan;Jakarta;sap;99.8
J0052;Nadia Setiawan;Jakarta;scm (supply chain management);88.0
J0052;Nadia Setiawan;Jakarta;scrum;59.4
J0052;Nadia Setiawan;Jakarta;sql;76.0
J0052;Nadia Setiawan;Jakarta;statistika/probabilitas;91.3
J0052;Nadia Setiawan;Jakarta;switching;95.6
J0052;Nadia Setiawan;Jakarta;tcp/ip;95.4
J0052;Nadia Setiawan;Jakarta;vulnerability assessment;74.0
J0053;Hana Setiawan;Jakarta;agile;57.5
J0053;Hana Setiawan;Jakarta;algorithm design;66.3
J0053;Hana Setiawan;Jakarta;api;79.2
J0053;Hana Setiawan;Jakarta;basic programming;66.3
J0053;Hana Setiawan;Jakarta;basis data / database;97.9
J0053;Hana Setiawan;Jakarta;cloud computing;87.1
J0053;Hana Setiawan;Jakarta;cobit;86.4
J0053;Hana Setiawan;Jakarta;data mining;96.7
J0053;Hana Setiawan;Jakarta;data warehouse;53.1
J0053;Hana Setiawan;Jakarta;decision tree;88.8
J0053;Hana Setiawan;Jakarta;design thinking;80.1
J0053;Hana Setiawan;Jakarta;erd (entity relationship diagram);82.6
J0053;Hana Setiawan;Jakarta;erp (enterprise resource planning);92.9
J0053;Hana Setiawan;Jakarta;etl (extract transform load);92.0
J0053;Hana Setiawan;Jakarta;firewall;86.4
J0053;Hana Setiawan;Jakarta;flowchart;96.3
J0053;Hana Setiawan;Jakarta;git;95.8
J0053;Hana Setiawan;Jakarta;graphql;66.0
J0053;Hana Setiawan;Jakarta;html;84.0
J0053;Hana Setiawan;Jakarta;information systems;98.5
J0053;Hana Setiawan;Jakarta;jaringan komputer;66.9
J0053;Hana Setiawan;Jakarta;klasifikasi (data);71.9
J0053;Hana Setiawan;Jakarta;kpi (key performance indicator);91.8
J0053;Hana Setiawan;Jakarta;kriptografi;75.3
J0053;Hana Setiawan;Jakarta;linux;73.5
J0053;Hana Setiawan;Jakarta;machine learning;91.8
J0053;Hana Setiawan;Jakarta;mysql;88.7
J0053;Hana Setiawan;Jakarta;nosql;77.8
J0053;Hana Setiawan;Jakarta;oop (object oriented programming);98.9
J0053;Hana Setiawan;Jakarta;osi layer;59.2
J0053;Hana Setiawan;Jakarta;otorisasi;98.1
J0053;Hana Setiawan;Jakarta;php;92.2
J0053;Hana Setiawan;Jakarta;prototyping;75.6
J0053;Hana Setiawan;Jakarta;pseudocode;73.6
J0053;Hana Setiawan;Jakarta;python;68.1
J0053;Hana Setiawan;Jakarta;regresi;68.6
J0053;Hana Setiawan;Jakarta;rest api;55.4
J0053;Hana Setiawan;Jakarta;sap;71.6
J0053;Hana Setiawan;Jakarta;scm (supply chain management);85.7
J0053;Hana Setiawan;Jakarta;sql;54.8
J0053;Hana Setiawan;Jakarta;statistika/probabilitas;99.6
J0053;Hana Setiawan;Jakarta;switching;84.0
J0053;Hana Setiawan;Jakarta;tcp/ip;83.7
J0053;Hana Setiawan;Jakarta;uml (unified modeling language);75.1
J0053;Hana Setiawan;Jakarta;vulnerability assessment;66.6
J0054;Hana Hidayat;Jakarta;agile;63.5
J0054;Hana Hidayat;Jakarta;algorithm design;83.8
J0054;Hana Hidayat;Jakarta;api;73.5
J0054;Hana Hidayat;Jakarta;basic programming;83.8
J0054;Hana Hidayat;Jakarta;basis data / database;93.3
J0054;Hana Hidayat;Jakarta;cloud computing;91.2
J0054;Hana Hidayat;Jakarta;cobit;63.5
J0054;Hana Hidayat;Jakarta;data mining;98.5
J0054;Hana Hidayat;Jakarta;data warehouse;76.5
J0054;Hana Hidayat;Jakarta;decision tree;83.6
J0054;Hana Hidayat;Jakarta;design thinking;72.9
J0054;Hana Hidayat;Jakarta;erd (entity relationship diagram);86.9
J0054;Hana Hidayat;Jakarta;erp (enterprise resource planning);95.4
J0054;Hana Hidayat;Jakarta;etl (extract transform load);92.4
J0054;Hana Hidayat;Jakarta;flowchart;60.2
J0054;Hana Hidayat;Jakarta;graphql;85.5
J0054;Hana Hidayat;Jakarta;html;57.3
J0054;Hana Hidayat;Jakarta;information systems;94.1
J0054;Hana Hidayat;Jakarta;jaringan komputer;53.7
J0054;Hana Hidayat;Jakarta;klasifikasi (data);96.1
J0054;Hana Hidayat;Jakarta;kpi (key performance indicator);93.7
J0054;Hana Hidayat;Jakarta;kriptografi;84.8
J0054;Hana Hidayat;Jakarta;linux;89.8
J0054;Hana Hidayat;Jakarta;machine learning;75.7
J0054;Hana Hidayat;Jakarta;microsoft excel;65.4
J0054;Hana Hidayat;Jakarta;neural network;86.4
J0054;Hana Hidayat;Jakarta;nosql;72.7
J0054;Hana Hidayat;Jakarta;oop (object oriented programming);99.2
J0054;Hana Hidayat;Jakarta;otorisasi;85.5
J0054;Hana Hidayat;Jakarta;php;57.4
J0054;Hana Hidayat;Jakarta;prototyping;99.8
J0054;Hana Hidayat;Jakarta;pseudocode;70.7
J0054;Hana Hidayat;Jakarta;python;81.3
J0054;Hana Hidayat;Jakarta;regresi;85.5
J0054;Hana Hidayat;Jakarta;rest api;97.8
J0054;Hana Hidayat;Jakarta;routing;63.8
J0054;Hana Hidayat;Jakarta;sap;61.9
J0054;Hana Hidayat;Jakarta;scm (supply chain management);92.5
J0054;Hana Hidayat;Jakarta;scrum;97.4
J0054;Hana Hidayat;Jakarta;sql;66.2
J0054;Hana Hidayat;Jakarta;statistika/probabilitas;98.1
J0054;Hana Hidayat;Jakarta;switching;87.7
J0054;Hana Hidayat;Jakarta;tcp/ip;89.5
J0054;Hana Hidayat;Jakarta;uml (unified modeling language);66.1
J0054;Hana Hidayat;Jakarta;vulnerability assessment;84.2
J0055;Chandra Kusuma;Jakarta;agile;90.6
J0055;Chandra Kusuma;Jakarta;algorithm design;66.7
J0055;Chandra Kusuma;Jakarta;api;70.0
J0055;Chandra Kusuma;Jakarta;basic programming;66.7
J0055;Chandra Kusuma;Jakarta;basis data / database;85.6
J0055;Chandra Kusuma;Jakarta;cloud computing;92.8
J0055;Chandra Kusuma;Jakarta;cobit;93.0
J0055;Chandra Kusuma;Jakarta;data mining;89.5
J0055;Chandra Kusuma;Jakarta;data warehouse;74.5
J0055;Chandra Kusuma;Jakarta;decision tree;64.9
J0055;Chandra Kusuma;Jakarta;design thinking;55.3
J0055;Chandra Kusuma;Jakarta;erd (entity relationship diagram);84.1
J0055;Chandra Kusuma;Jakarta;erp (enterprise resource planning);64.3
J0055;Chandra Kusuma;Jakarta;etl (extract transform load);88.9
J0055;Chandra Kusuma;Jakarta;firewall;68.2
J0055;Chandra Kusuma;Jakarta;flowchart;97.0
J0055;Chandra Kusuma;Jakarta;git;92.4
J0055;Chandra Kusuma;Jakarta;html;96.9
J0055;Chandra Kusuma;Jakarta;information systems;97.8
J0055;Chandra Kusuma;Jakarta;jaringan komputer;53.0
J0055;Chandra Kusuma;Jakarta;klasifikasi (data);96.3
J0055;Chandra Kusuma;Jakarta;kpi (key performance indicator);62.7
J0055;Chandra Kusuma;Jakarta;kriptografi;88.9
J0055;Chandra Kusuma;Jakarta;linux;83.0
J0055;Chandra Kusuma;Jakarta;machine learning;54.6
J0055;Chandra Kusuma;Jakarta;neural network;56.3
J0055;Chandra Kusuma;Jakarta;nosql;67.1
J0055;Chandra Kusuma;Jakarta;oop (object oriented programming);67.8
J0055;Chandra Kusuma;Jakarta;otorisasi;77.6
J0055;Chandra Kusuma;Jakarta;php;87.4
J0055;Chandra Kusuma;Jakarta;prototyping;93.4
J0055;Chandra Kusuma;Jakarta;pseudocode;82.3
J0055;Chandra Kusuma;Jakarta;python;76.2
J0055;Chandra Kusuma;Jakarta;regresi;56.6
J0055;Chandra Kusuma;Jakarta;rest api;75.9
J0055;Chandra Kusuma;Jakarta;routing;94.5
J0055;Chandra Kusuma;Jakarta;sap;91.7
J0055;Chandra Kusuma;Jakarta;scm (supply chain management);91.7
J0055;Chandra Kusuma;Jakarta;sql;59.7
J0055;Chandra Kusuma;Jakarta;statistika/probabilitas;89.0
J0055;Chandra Kusuma;Jakarta;switching;69.5
J0055;Chandra Kusuma;Jakarta;tcp/ip;85.7
J0055;Chandra Kusuma;Jakarta;uml (unified modeling language);52.9
J0055;Chandra Kusuma;Jakarta;vulnerability assessment;91.9
J0056;Xena Kurniawan;Jakarta;agile;77.1
J0056;Xena Kurniawan;Jakarta;algorithm design;94.9
J0056;Xena Kurniawan;Jakarta;api;97.7
J0056;Xena Kurniawan;Jakarta;basic programming;94.9
J0056;Xena Kurniawan;Jakarta;basis data / database;72.2
J0056;Xena Kurniawan;Jakarta;cloud computing;75.1
J0056;Xena Kurniawan;Jakarta;cobit;88.6
J0056;Xena Kurniawan;Jakarta;data mining;95.7
J0056;Xena Kurniawan;Jakarta;data warehouse;60.2
J0056;Xena Kurniawan;Jakarta;design thinking;81.7
J0056;Xena Kurniawan;Jakarta;erd (entity relationship diagram);62.2
J0056;Xena Kurniawan;Jakarta;erp (enterprise resource planning);77.2
J0056;Xena Kurniawan;Jakarta;etl (extract transform load);65.6
J0056;Xena Kurniawan;Jakarta;firewall;60.0
J0056;Xena Kurniawan;Jakarta;flowchart;81.8
J0056;Xena Kurniawan;Jakarta;graphql;52.3
J0056;Xena Kurniawan;Jakarta;html;84.9
J0056;Xena Kurniawan;Jakarta;information systems;96.2
J0056;Xena Kurniawan;Jakarta;jaringan komputer;94.6
J0056;Xena Kurniawan;Jakarta;klasifikasi (data);98.6
J0056;Xena Kurniawan;Jakarta;kpi (key performance indicator);95.7
J0056;Xena Kurniawan;Jakarta;kriptografi;98.7
J0056;Xena Kurniawan;Jakarta;linux;80.4
J0056;Xena Kurniawan;Jakarta;machine learning;52.3
J0056;Xena Kurniawan;Jakarta;microsoft excel;94.0
J0056;Xena Kurniawan;Jakarta;mysql;53.9
J0056;Xena Kurniawan;Jakarta;nosql;89.9
J0056;Xena Kurniawan;Jakarta;oop (object oriented programming);61.4
J0056;Xena Kurniawan;Jakarta;osi layer;97.7
J0056;Xena Kurniawan;Jakarta;otorisasi;93.9
J0056;Xena Kurniawan;Jakarta;php;98.5
J0056;Xena Kurniawan;Jakarta;prototyping;82.6
J0056;Xena Kurniawan;Jakarta;python;87.6
J0056;Xena Kurniawan;Jakarta;regresi;76.1
J0056;Xena Kurniawan;Jakarta;rest api;84.8
J0056;Xena Kurniawan;Jakarta;routing;52.4
J0056;Xena Kurniawan;Jakarta;scm (supply chain management);99.4
J0056;Xena Kurniawan;Jakarta;scrum;80.0
J0056;Xena Kurniawan;Jakarta;statistika/probabilitas;81.9
J0056;Xena Kurniawan;Jakarta;switching;79.3
J0056;Xena Kurniawan;Jakarta;tcp/ip;60.9
J0056;Xena Kurniawan;Jakarta;uml (unified modeling language);85.3
J0056;Xena Kurniawan;Jakarta;vulnerability assessment;66.9
J0057;Jihan Kusuma;Jakarta;agile;50.7
J0057;Jihan Kusuma;Jakarta;algorithm design;97.1
J0057;Jihan Kusuma;Jakarta;api;99.0
J0057;Jihan Kusuma;Jakarta;basic programming;97.1
J0057;Jihan Kusuma;Jakarta;basis data / database;97.7
J0057;Jihan Kusuma;Jakarta;cloud computing;85.7
J0057;Jihan Kusuma;Jakarta;cobit;54.7
J0057;Jihan Kusuma;Jakarta;data mining;94.0
J0057;Jihan Kusuma;Jakarta;data warehouse;73.2
J0057;Jihan Kusuma;Jakarta;decision tree;62.2
J0057;Jihan Kusuma;Jakarta;design thinking;86.8
J0057;Jihan Kusuma;Jakarta;erp (enterprise resource planning);95.3
J0057;Jihan Kusuma;Jakarta;etl (extract transform load);93.0
J0057;Jihan Kusuma;Jakarta;firewall;57.3
J0057;Jihan Kusuma;Jakarta;flowchart;64.8
J0057;Jihan Kusuma;Jakarta;git;88.4
J0057;Jihan Kusuma;Jakarta;graphql;72.4
J0057;Jihan Kusuma;Jakarta;html;57.5
J0057;Jihan Kusuma;Jakarta;information systems;99.6
J0057;Jihan Kusuma;Jakarta;jaringan komputer;52.3
J0057;Jihan Kusuma;Jakarta;klasifikasi (data);67.0
J0057;Jihan Kusuma;Jakarta;kpi (key performance indicator);51.2
J0057;Jihan Kusuma;Jakarta;kriptografi;91.4
J0057;Jihan Kusuma;Jakarta;linux;80.2
J0057;Jihan Kusuma;Jakarta;machine learning;94.7
J0057;Jihan Kusuma;Jakarta;microsoft excel;85.7
J0057;Jihan Kusuma;Jakarta;mysql;98.8
J0057;Jihan Kusuma;Jakarta;neural network;87.7
J0057;Jihan Kusuma;Jakarta;nosql;74.3
J0057;Jihan Kusuma;Jakarta;oop (object oriented programming);91.9
J0057;Jihan Kusuma;Jakarta;osi layer;56.1
J0057;Jihan Kusuma;Jakarta;otorisasi;96.9
J0057;Jihan Kusuma;Jakarta;php;85.6
J0057;Jihan Kusuma;Jakarta;prototyping;87.6
J0057;Jihan Kusuma;Jakarta;pseudocode;85.6
J0057;Jihan Kusuma;Jakarta;python;85.0
J0057;Jihan Kusuma;Jakarta;regresi;68.5
J0057;Jihan Kusuma;Jakarta;rest api;80.6
J0057;Jihan Kusuma;Jakarta;routing;85.4
J0057;Jihan Kusuma;Jakarta;sap;72.4
J0057;Jihan Kusuma;Jakarta;scm (supply chain management);86.5
J0057;Jihan Kusuma;Jakarta;scrum;66.2
J0057;Jihan Kusuma;Jakarta;sql;65.9
J0057;Jihan Kusuma;Jakarta;statistika/probabilitas;81.0
J0057;Jihan Kusuma;Jakarta;switching;97.0
J0057;Jihan Kusuma;Jakarta;tcp/ip;70.1
J0057;Jihan Kusuma;Jakarta;uml (unified modeling language);95.5
J0057;Jihan Kusuma;Jakarta;vulnerability assessment;98.2
J0058;Dina Puspita;Jakarta;agile;68.1
J0058;Dina Puspita;Jakarta;algorithm design;99.9
J0058;Dina Puspita;Jakarta;api;63.7
J0058;Dina Puspita;Jakarta;basic programming;99.9
J0058;Dina Puspita;Jakarta;basis data / database;87.3
J0058;Dina Puspita;Jakarta;cloud computing;88.8
J0058;Dina Puspita;Jakarta;cobit;91.6
J0058;Dina Puspita;Jakarta;data mining;88.2
J0058;Dina Puspita;Jakarta;data warehouse;63.0
J0058;Dina Puspita;Jakarta;decision tree;95.4
J0058;Dina Puspita;Jakarta;design thinking;68.4
J0058;Dina Puspita;Jakarta;erd (entity relationship diagram);81.5
J0058;Dina Puspita;Jakarta;erp (enterprise resource planning);90.6
J0058;Dina Puspita;Jakarta;etl (extract transform load);67.7
J0058;Dina Puspita;Jakarta;flowchart;88.2
J0058;Dina Puspita;Jakarta;git;66.3
J0058;Dina Puspita;Jakarta;html;87.0
J0058;Dina Puspita;Jakarta;information systems;97.5
J0058;Dina Puspita;Jakarta;jaringan komputer;77.9
J0058;Dina Puspita;Jakarta;klasifikasi (data);94.6
J0058;Dina Puspita;Jakarta;kpi (key performance indicator);63.5
J0058;Dina Puspita;Jakarta;kriptografi;92.4
J0058;Dina Puspita;Jakarta;linux;83.6
J0058;Dina Puspita;Jakarta;machine learning;95.0
J0058;Dina Puspita;Jakarta;microsoft excel;51.2
J0058;Dina Puspita;Jakarta;mysql;95.7
J0058;Dina Puspita;Jakarta;nosql;86.8
J0058;Dina Puspita;Jakarta;oop (object oriented programming);84.0
J0058;Dina Puspita;Jakarta;osi layer;53.2
J0058;Dina Puspita;Jakarta;otorisasi;69.1
J0058;Dina Puspita;Jakarta;php;97.8
J0058;Dina Puspita;Jakarta;prototyping;83.2
J0058;Dina Puspita;Jakarta;python;79.0
J0058;Dina Puspita;Jakarta;regresi;59.5
J0058;Dina Puspita;Jakarta;routing;51.9
J0058;Dina Puspita;Jakarta;sap;62.8
J0058;Dina Puspita;Jakarta;scm (supply chain management);91.7
J0058;Dina Puspita;Jakarta;scrum;54.5
J0058;Dina Puspita;Jakarta;sql;92.7
J0058;Dina Puspita;Jakarta;statistika/probabilitas;98.9
J0058;Dina Puspita;Jakarta;switching;78.6
J0058;Dina Puspita;Jakarta;tcp/ip;66.7
J0058;Dina Puspita;Jakarta;uml (unified modeling language);93.1
J0058;Dina Puspita;Jakarta;vulnerability assessment;91.7
J0059;Umar Utami;Jakarta;agile;50.8
J0059;Umar Utami;Jakarta;algorithm design;77.1
J0059;Umar Utami;Jakarta;api;53.8
J0059;Umar Utami;Jakarta;basic programming;77.1
J0059;Umar Utami;Jakarta;basis data / database;90.2
J0059;Umar Utami;Jakarta;cloud computing;77.8
J0059;Umar Utami;Jakarta;cobit;83.9
J0059;Umar Utami;Jakarta;data mining;90.8
J0059;Umar Utami;Jakarta;data warehouse;78.1
J0059;Umar Utami;Jakarta;decision tree;96.7
J0059;Umar Utami;Jakarta;design thinking;71.3
J0059;Umar Utami;Jakarta;erd (entity relationship diagram);66.6
J0059;Umar Utami;Jakarta;erp (enterprise resource planning);94.5
J0059;Umar Utami;Jakarta;etl (extract transform load);70.4
J0059;Umar Utami;Jakarta;firewall;93.4
J0059;Umar Utami;Jakarta;flowchart;73.6
J0059;Umar Utami;Jakarta;git;50.7
J0059;Umar Utami;Jakarta;graphql;86.7
J0059;Umar Utami;Jakarta;html;70.5
J0059;Umar Utami;Jakarta;information systems;96.6
J0059;Umar Utami;Jakarta;jaringan komputer;56.0
J0059;Umar Utami;Jakarta;klasifikasi (data);82.1
J0059;Umar Utami;Jakarta;kpi (key performance indicator);79.6
J0059;Umar Utami;Jakarta;kriptografi;79.5
J0059;Umar Utami;Jakarta;linux;80.6
J0059;Umar Utami;Jakarta;machine learning;86.0
J0059;Umar Utami;Jakarta;neural network;60.1
J0059;Umar Utami;Jakarta;osi layer;99.5
J0059;Umar Utami;Jakarta;otorisasi;94.4
J0059;Umar Utami;Jakarta;php;98.2
J0059;Umar Utami;Jakarta;prototyping;91.5
J0059;Umar Utami;Jakarta;pseudocode;90.8
J0059;Umar Utami;Jakarta;python;56.4
J0059;Umar Utami;Jakarta;regresi;76.0
J0059;Umar Utami;Jakarta;rest api;69.2
J0059;Umar Utami;Jakarta;routing;84.3
J0059;Umar Utami;Jakarta;sap;92.2
J0059;Umar Utami;Jakarta;scm (supply chain management);94.5
J0059;Umar Utami;Jakarta;scrum;62.5
J0059;Umar Utami;Jakarta;sql;51.7
J0059;Umar Utami;Jakarta;statistika/probabilitas;93.2
J0059;Umar Utami;Jakarta;switching;94.8
J0059;Umar Utami;Jakarta;tcp/ip;67.7
J0059;Umar Utami;Jakarta;uml (unified modeling language);71.7
J0059;Umar Utami;Jakarta;vulnerability assessment;98.4
J0060;Taufik Anggraini;Jakarta;agile;64.0
J0060;Taufik Anggraini;Jakarta;algorithm design;95.9
J0060;Taufik Anggraini;Jakarta;api;54.9
J0060;Taufik Anggraini;Jakarta;basic programming;95.9
J0060;Taufik Anggraini;Jakarta;basis data / database;90.3
J0060;Taufik Anggraini;Jakarta;cloud computing;94.4
J0060;Taufik Anggraini;Jakarta;cobit;80.3
J0060;Taufik Anggraini;Jakarta;data mining;62.4
J0060;Taufik Anggraini;Jakarta;data warehouse;89.3
J0060;Taufik Anggraini;Jakarta;decision tree;64.7
J0060;Taufik Anggraini;Jakarta;design thinking;87.2
J0060;Taufik Anggraini;Jakarta;erd (entity relationship diagram);92.3
J0060;Taufik Anggraini;Jakarta;erp (enterprise resource planning);85.7
J0060;Taufik Anggraini;Jakarta;etl (extract transform load);73.4
J0060;Taufik Anggraini;Jakarta;firewall;53.7
J0060;Taufik Anggraini;Jakarta;flowchart;71.2
J0060;Taufik Anggraini;Jakarta;git;75.6
J0060;Taufik Anggraini;Jakarta;graphql;69.4
J0060;Taufik Anggraini;Jakarta;html;85.3
J0060;Taufik Anggraini;Jakarta;information systems;96.6
J0060;Taufik Anggraini;Jakarta;jaringan komputer;99.3
J0060;Taufik Anggraini;Jakarta;klasifikasi (data);98.3
J0060;Taufik Anggraini;Jakarta;kpi (key performance indicator);91.8
J0060;Taufik Anggraini;Jakarta;kriptografi;99.1
J0060;Taufik Anggraini;Jakarta;linux;77.5
J0060;Taufik Anggraini;Jakarta;machine learning;86.0
J0060;Taufik Anggraini;Jakarta;microsoft excel;80.1
J0060;Taufik Anggraini;Jakarta;neural network;50.1
J0060;Taufik Anggraini;Jakarta;nosql;94.5
J0060;Taufik Anggraini;Jakarta;oop (object oriented programming);88.5
J0060;Taufik Anggraini;Jakarta;php;99.6
J0060;Taufik Anggraini;Jakarta;prototyping;66.7
J0060;Taufik Anggraini;Jakarta;pseudocode;84.0
J0060;Taufik Anggraini;Jakarta;python;86.8
J0060;Taufik Anggraini;Jakarta;regresi;61.4
J0060;Taufik Anggraini;Jakarta;rest api;89.2
J0060;Taufik Anggraini;Jakarta;routing;50.5
J0060;Taufik Anggraini;Jakarta;sap;92.0
J0060;Taufik Anggraini;Jakarta;scm (supply chain management);90.6
J0060;Taufik Anggraini;Jakarta;scrum;76.3
J0060;Taufik Anggraini;Jakarta;sql;72.2
J0060;Taufik Anggraini;Jakarta;statistika/probabilitas;95.5
J0060;Taufik Anggraini;Jakarta;switching;97.6
J0060;Taufik Anggraini;Jakarta;tcp/ip;64.2
J0060;Taufik Anggraini;Jakarta;uml (unified modeling language);65.5
J0060;Taufik Anggraini;Jakarta;vulnerability assessment;73.6
J0061;Bella Kusuma;Jakarta;agile;81.7
J0061;Bella Kusuma;Jakarta;algorithm design;90.2
J0061;Bella Kusuma;Jakarta;api;51.0
J0061;Bella Kusuma;Jakarta;basic programming;90.2
J0061;Bella Kusuma;Jakarta;basis data / database;98.6
J0061;Bella Kusuma;Jakarta;cloud computing;59.7
J0061;Bella Kusuma;Jakarta;cobit;91.7
J0061;Bella Kusuma;Jakarta;data mining;85.1
J0061;Bella Kusuma;Jakarta;data warehouse;68.6
J0061;Bella Kusuma;Jakarta;decision tree;72.5
J0061;Bella Kusuma;Jakarta;design thinking;89.2
J0061;Bella Kusuma;Jakarta;erd (entity relationship diagram);51.8
J0061;Bella Kusuma;Jakarta;erp (enterprise resource planning);76.3
J0061;Bella Kusuma;Jakarta;etl (extract transform load);83.0
J0061;Bella Kusuma;Jakarta;firewall;62.2
J0061;Bella Kusuma;Jakarta;flowchart;79.4
J0061;Bella Kusuma;Jakarta;git;84.6
J0061;Bella Kusuma;Jakarta;graphql;87.6
J0061;Bella Kusuma;Jakarta;html;79.7
J0061;Bella Kusuma;Jakarta;information systems;97.5
J0061;Bella Kusuma;Jakarta;jaringan komputer;94.3
J0061;Bella Kusuma;Jakarta;klasifikasi (data);66.1
J0061;Bella Kusuma;Jakarta;kpi (key performance indicator);90.9
J0061;Bella Kusuma;Jakarta;kriptografi;92.1
J0061;Bella Kusuma;Jakarta;linux;82.6
J0061;Bella Kusuma;Jakarta;machine learning;96.9
J0061;Bella Kusuma;Jakarta;microsoft excel;96.1
J0061;Bella Kusuma;Jakarta;mysql;90.7
J0061;Bella Kusuma;Jakarta;nosql;53.9
J0061;Bella Kusuma;Jakarta;oop (object oriented programming);85.1
J0061;Bella Kusuma;Jakarta;osi layer;65.6
J0061;Bella Kusuma;Jakarta;otorisasi;84.3
J0061;Bella Kusuma;Jakarta;php;86.4
J0061;Bella Kusuma;Jakarta;prototyping;62.2
J0061;Bella Kusuma;Jakarta;pseudocode;53.9
J0061;Bella Kusuma;Jakarta;python;99.1
J0061;Bella Kusuma;Jakarta;rest api;94.8
J0061;Bella Kusuma;Jakarta;routing;73.9
J0061;Bella Kusuma;Jakarta;scm (supply chain management);86.3
J0061;Bella Kusuma;Jakarta;scrum;75.5
J0061;Bella Kusuma;Jakarta;sql;59.6
J0061;Bella Kusuma;Jakarta;statistika/probabilitas;82.0
J0061;Bella Kusuma;Jakarta;switching;53.9
J0061;Bella Kusuma;Jakarta;tcp/ip;78.2
J0061;Bella Kusuma;Jakarta;uml (unified modeling language);94.4
J0061;Bella Kusuma;Jakarta;vulnerability assessment;91.0
J0062;Taufik Permata;Jakarta;algorithm design;98.6
J0062;Taufik Permata;Jakarta;api;80.2
J0062;Taufik Permata;Jakarta;basic programming;98.6
J0062;Taufik Permata;Jakarta;basis data / database;70.1
J0062;Taufik Permata;Jakarta;cloud computing;79.6
J0062;Taufik Permata;Jakarta;cobit;94.3
J0062;Taufik Permata;Jakarta;data mining;98.3
J0062;Taufik Permata;Jakarta;data warehouse;99.3
J0062;Taufik Permata;Jakarta;decision tree;63.2
J0062;Taufik Permata;Jakarta;erp (enterprise resource planning);98.7
J0062;Taufik Permata;Jakarta;etl (extract transform load);75.2
J0062;Taufik Permata;Jakarta;firewall;50.8
J0062;Taufik Permata;Jakarta;flowchart;69.9
J0062;Taufik Permata;Jakarta;graphql;74.2
J0062;Taufik Permata;Jakarta;html;91.3
J0062;Taufik Permata;Jakarta;information systems;97.9
J0062;Taufik Permata;Jakarta;klasifikasi (data);81.6
J0062;Taufik Permata;Jakarta;kriptografi;98.4
J0062;Taufik Permata;Jakarta;linux;91.2
J0062;Taufik Permata;Jakarta;machine learning;93.4
J0062;Taufik Permata;Jakarta;microsoft excel;90.1
J0062;Taufik Permata;Jakarta;neural network;66.0
J0062;Taufik Permata;Jakarta;nosql;70.7
J0062;Taufik Permata;Jakarta;oop (object oriented programming);90.6
J0062;Taufik Permata;Jakarta;osi layer;79.4
J0062;Taufik Permata;Jakarta;otorisasi;78.1
J0062;Taufik Permata;Jakarta;php;95.8
J0062;Taufik Permata;Jakarta;prototyping;80.0
J0062;Taufik Permata;Jakarta;pseudocode;89.7
J0062;Taufik Permata;Jakarta;python;55.2
J0062;Taufik Permata;Jakarta;regresi;91.2
J0062;Taufik Permata;Jakarta;rest api;72.9
J0062;Taufik Permata;Jakarta;routing;86.4
J0062;Taufik Permata;Jakarta;sap;63.0
J0062;Taufik Permata;Jakarta;scm (supply chain management);94.4
J0062;Taufik Permata;Jakarta;scrum;81.7
J0062;Taufik Permata;Jakarta;sql;88.0
J0062;Taufik Permata;Jakarta;statistika/probabilitas;85.8
J0062;Taufik Permata;Jakarta;switching;58.0
J0062;Taufik Permata;Jakarta;tcp/ip;74.1
J0062;Taufik Permata;Jakarta;uml (unified modeling language);71.7
J0062;Taufik Permata;Jakarta;vulnerability assessment;54.3
J0063;Dewi Firmansyah;Jakarta;agile;70.9
J0063;Dewi Firmansyah;Jakarta;algorithm design;95.7
J0063;Dewi Firmansyah;Jakarta;basic programming;95.7
J0063;Dewi Firmansyah;Jakarta;basis data / database;97.1
J0063;Dewi Firmansyah;Jakarta;cloud computing;95.8
J0063;Dewi Firmansyah;Jakarta;cobit;78.3
J0063;Dewi Firmansyah;Jakarta;data mining;98.9
J0063;Dewi Firmansyah;Jakarta;design thinking;71.8
J0063;Dewi Firmansyah;Jakarta;erd (entity relationship diagram);65.9
J0063;Dewi Firmansyah;Jakarta;erp (enterprise resource planning);76.2
J0063;Dewi Firmansyah;Jakarta;etl (extract transform load);96.7
J0063;Dewi Firmansyah;Jakarta;firewall;99.0
J0063;Dewi Firmansyah;Jakarta;flowchart;72.1
J0063;Dewi Firmansyah;Jakarta;graphql;72.0
J0063;Dewi Firmansyah;Jakarta;html;74.7
J0063;Dewi Firmansyah;Jakarta;information systems;99.3
J0063;Dewi Firmansyah;Jakarta;jaringan komputer;77.3
J0063;Dewi Firmansyah;Jakarta;klasifikasi (data);81.7
J0063;Dewi Firmansyah;Jakarta;kpi (key performance indicator);59.4
J0063;Dewi Firmansyah;Jakarta;kriptografi;93.8
J0063;Dewi Firmansyah;Jakarta;linux;67.6
J0063;Dewi Firmansyah;Jakarta;machine learning;83.5
J0063;Dewi Firmansyah;Jakarta;microsoft excel;86.7
J0063;Dewi Firmansyah;Jakarta;mysql;62.7
J0063;Dewi Firmansyah;Jakarta;neural network;65.6
J0063;Dewi Firmansyah;Jakarta;oop (object oriented programming);94.0
J0063;Dewi Firmansyah;Jakarta;osi layer;54.1
J0063;Dewi Firmansyah;Jakarta;otorisasi;71.8
J0063;Dewi Firmansyah;Jakarta;php;95.1
J0063;Dewi Firmansyah;Jakarta;prototyping;74.5
J0063;Dewi Firmansyah;Jakarta;pseudocode;54.7
J0063;Dewi Firmansyah;Jakarta;python;76.1
J0063;Dewi Firmansyah;Jakarta;regresi;88.7
J0063;Dewi Firmansyah;Jakarta;routing;97.8
J0063;Dewi Firmansyah;Jakarta;sap;55.0
J0063;Dewi Firmansyah;Jakarta;scm (supply chain management);94.1
J0063;Dewi Firmansyah;Jakarta;scrum;55.3
J0063;Dewi Firmansyah;Jakarta;sql;65.1
J0063;Dewi Firmansyah;Jakarta;statistika/probabilitas;98.5
J0063;Dewi Firmansyah;Jakarta;switching;79.1
J0063;Dewi Firmansyah;Jakarta;tcp/ip;91.1
J0063;Dewi Firmansyah;Jakarta;uml (unified modeling language);67.7
J0063;Dewi Firmansyah;Jakarta;vulnerability assessment;56.6
J0064;Chandra Syahputra;Jakarta;agile;97.9
J0064;Chandra Syahputra;Jakarta;algorithm design;85.2
J0064;Chandra Syahputra;Jakarta;api;72.9
J0064;Chandra Syahputra;Jakarta;basic programming;85.2
J0064;Chandra Syahputra;Jakarta;basis data / database;87.9
J0064;Chandra Syahputra;Jakarta;cloud computing;82.9
J0064;Chandra Syahputra;Jakarta;cobit;87.9
J0064;Chandra Syahputra;Jakarta;data mining;97.4
J0064;Chandra Syahputra;Jakarta;data warehouse;55.6
J0064;Chandra Syahputra;Jakarta;decision tree;78.8
J0064;Chandra Syahputra;Jakarta;design thinking;66.9
J0064;Chandra Syahputra;Jakarta;erd (entity relationship diagram);52.6
J0064;Chandra Syahputra;Jakarta;erp (enterprise resource planning);75.4
J0064;Chandra Syahputra;Jakarta;etl (extract transform load);98.3
J0064;Chandra Syahputra;Jakarta;firewall;82.0
J0064;Chandra Syahputra;Jakarta;flowchart;59.4
J0064;Chandra Syahputra;Jakarta;git;57.2
J0064;Chandra Syahputra;Jakarta;graphql;82.1
J0064;Chandra Syahputra;Jakarta;html;77.1
J0064;Chandra Syahputra;Jakarta;information systems;99.6
J0064;Chandra Syahputra;Jakarta;klasifikasi (data);91.8
J0064;Chandra Syahputra;Jakarta;kpi (key performance indicator);97.5
J0064;Chandra Syahputra;Jakarta;kriptografi;98.5
J0064;Chandra Syahputra;Jakarta;linux;73.1
J0064;Chandra Syahputra;Jakarta;machine learning;99.4
J0064;Chandra Syahputra;Jakarta;microsoft excel;97.7
J0064;Chandra Syahputra;Jakarta;mysql;50.8
J0064;Chandra Syahputra;Jakarta;neural network;85.3
J0064;Chandra Syahputra;Jakarta;oop (object oriented programming);99.5
J0064;Chandra Syahputra;Jakarta;osi layer;77.4
J0064;Chandra Syahputra;Jakarta;otorisasi;87.2
J0064;Chandra Syahputra;Jakarta;php;99.7
J0064;Chandra Syahputra;Jakarta;prototyping;84.3
J0064;Chandra Syahputra;Jakarta;pseudocode;92.2
J0064;Chandra Syahputra;Jakarta;python;89.0
J0064;Chandra Syahputra;Jakarta;regresi;94.4
J0064;Chandra Syahputra;Jakarta;rest api;80.2
J0064;Chandra Syahputra;Jakarta;routing;73.0
J0064;Chandra Syahputra;Jakarta;scm (supply chain management);89.1
J0064;Chandra Syahputra;Jakarta;scrum;63.1
J0064;Chandra Syahputra;Jakarta;statistika/probabilitas;68.1
J0064;Chandra Syahputra;Jakarta;switching;91.4
J0064;Chandra Syahputra;Jakarta;tcp/ip;51.1
J0064;Chandra Syahputra;Jakarta;uml (unified modeling language);99.8
J0064;Chandra Syahputra;Jakarta;vulnerability assessment;52.1
J0065;Dewi Anggraini;Jakarta;agile;72.6
J0065;Dewi Anggraini;Jakarta;algorithm design;98.5
J0065;Dewi Anggraini;Jakarta;api;69.6
J0065;Dewi Anggraini;Jakarta;basic programming;98.5
J0065;Dewi Anggraini;Jakarta;basis data / database;85.7
J0065;Dewi Anggraini;Jakarta;cloud computing;60.7
J0065;Dewi Anggraini;Jakarta;cobit;58.1
J0065;Dewi Anggraini;Jakarta;data mining;72.3
J0065;Dewi Anggraini;Jakarta;data warehouse;76.1
J0065;Dewi Anggraini;Jakarta;decision tree;95.6
J0065;Dewi Anggraini;Jakarta;erp (enterprise resource planning);80.5
J0065;Dewi Anggraini;Jakarta;etl (extract transform load);58.9
J0065;Dewi Anggraini;Jakarta;firewall;62.1
J0065;Dewi Anggraini;Jakarta;flowchart;88.2
J0065;Dewi Anggraini;Jakarta;graphql;69.9
J0065;Dewi Anggraini;Jakarta;html;69.8
J0065;Dewi Anggraini;Jakarta;information systems;98.8
J0065;Dewi Anggraini;Jakarta;jaringan komputer;57.7
J0065;Dewi Anggraini;Jakarta;klasifikasi (data);99.6
J0065;Dewi Anggraini;Jakarta;kpi (key performance indicator);96.5
J0065;Dewi Anggraini;Jakarta;kriptografi;79.3
J0065;Dewi Anggraini;Jakarta;linux;72.6
J0065;Dewi Anggraini;Jakarta;machine learning;81.6
J0065;Dewi Anggraini;Jakarta;microsoft excel;78.1
J0065;Dewi Anggraini;Jakarta;mysql;68.3
J0065;Dewi Anggraini;Jakarta;neural network;52.8
J0065;Dewi Anggraini;Jakarta;nosql;53.1
J0065;Dewi Anggraini;Jakarta;oop (object oriented programming);83.9
J0065;Dewi Anggraini;Jakarta;osi layer;65.1
J0065;Dewi Anggraini;Jakarta;otorisasi;64.2
J0065;Dewi Anggraini;Jakarta;php;90.9
J0065;Dewi Anggraini;Jakarta;prototyping;98.2
J0065;Dewi Anggraini;Jakarta;pseudocode;54.3
J0065;Dewi Anggraini;Jakarta;python;69.1
J0065;Dewi Anggraini;Jakarta;regresi;91.8
J0065;Dewi Anggraini;Jakarta;rest api;71.0
J0065;Dewi Anggraini;Jakarta;routing;91.9
J0065;Dewi Anggraini;Jakarta;sap;85.1
J0065;Dewi Anggraini;Jakarta;scm (supply chain management);97.8
J0065;Dewi Anggraini;Jakarta;sql;97.4
J0065;Dewi Anggraini;Jakarta;statistika/probabilitas;74.3
J0065;Dewi Anggraini;Jakarta;switching;98.2
J0065;Dewi Anggraini;Jakarta;tcp/ip;73.5
J0065;Dewi Anggraini;Jakarta;uml (unified modeling language);74.8
J0065;Dewi Anggraini;Jakarta;vulnerability assessment;66.6
J0066;Nadia Permata;Jakarta;agile;77.7
J0066;Nadia Permata;Jakarta;algorithm design;97.1
J0066;Nadia Permata;Jakarta;basic programming;97.1
J0066;Nadia Permata;Jakarta;basis data / database;87.1
J0066;Nadia Permata;Jakarta;cloud computing;56.8
J0066;Nadia Permata;Jakarta;cobit;92.9
J0066;Nadia Permata;Jakarta;data mining;92.5
J0066;Nadia Permata;Jakarta;data warehouse;71.4
J0066;Nadia Permata;Jakarta;design thinking;70.3
J0066;Nadia Permata;Jakarta;erd (entity relationship diagram);78.3
J0066;Nadia Permata;Jakarta;erp (enterprise resource planning);97.1
J0066;Nadia Permata;Jakarta;etl (extract transform load);83.4
J0066;Nadia Permata;Jakarta;firewall;91.6
J0066;Nadia Permata;Jakarta;flowchart;77.1
J0066;Nadia Permata;Jakarta;git;56.1
J0066;Nadia Permata;Jakarta;graphql;50.5
J0066;Nadia Permata;Jakarta;html;93.7
J0066;Nadia Permata;Jakarta;information systems;97.6
J0066;Nadia Permata;Jakarta;jaringan komputer;58.7
J0066;Nadia Permata;Jakarta;klasifikasi (data);88.8
J0066;Nadia Permata;Jakarta;kpi (key performance indicator);71.5
J0066;Nadia Permata;Jakarta;kriptografi;98.5
J0066;Nadia Permata;Jakarta;linux;84.2
J0066;Nadia Permata;Jakarta;machine learning;78.9
J0066;Nadia Permata;Jakarta;microsoft excel;79.2
J0066;Nadia Permata;Jakarta;mysql;93.8
J0066;Nadia Permata;Jakarta;neural network;50.2
J0066;Nadia Permata;Jakarta;nosql;53.4
J0066;Nadia Permata;Jakarta;oop (object oriented programming);80.1
J0066;Nadia Permata;Jakarta;osi layer;89.7
J0066;Nadia Permata;Jakarta;otorisasi;76.6
J0066;Nadia Permata;Jakarta;php;90.9
J0066;Nadia Permata;Jakarta;prototyping;71.7
J0066;Nadia Permata;Jakarta;pseudocode;95.0
J0066;Nadia Permata;Jakarta;python;73.0
J0066;Nadia Permata;Jakarta;regresi;57.2
J0066;Nadia Permata;Jakarta;rest api;57.4
J0066;Nadia Permata;Jakarta;routing;95.5
J0066;Nadia Permata;Jakarta;sap;71.6
J0066;Nadia Permata;Jakarta;scm (supply chain management);72.2
J0066;Nadia Permata;Jakarta;scrum;95.3
J0066;Nadia Permata;Jakarta;sql;95.0
J0066;Nadia Permata;Jakarta;statistika/probabilitas;70.8
J0066;Nadia Permata;Jakarta;switching;71.4
J0066;Nadia Permata;Jakarta;tcp/ip;97.7
J0066;Nadia Permata;Jakarta;uml (unified modeling language);91.0
J0066;Nadia Permata;Jakarta;vulnerability assessment;63.1
J0067;Nurul Permata;Jakarta;agile;99.6
J0067;Nurul Permata;Jakarta;algorithm design;86.6
J0067;Nurul Permata;Jakarta;api;93.1
J0067;Nurul Permata;Jakarta;basic programming;86.6
J0067;Nurul Permata;Jakarta;basis data / database;89.6
J0067;Nurul Permata;Jakarta;cloud computing;90.6
J0067;Nurul Permata;Jakarta;cobit;91.5
J0067;Nurul Permata;Jakarta;data mining;53.5
J0067;Nurul Permata;Jakarta;data warehouse;62.1
J0067;Nurul Permata;Jakarta;design thinking;96.9
J0067;Nurul Permata;Jakarta;erd (entity relationship diagram);91.7
J0067;Nurul Permata;Jakarta;erp (enterprise resource planning);70.4
J0067;Nurul Permata;Jakarta;etl (extract transform load);76.1
J0067;Nurul Permata;Jakarta;firewall;84.3
J0067;Nurul Permata;Jakarta;graphql;61.5
J0067;Nurul Permata;Jakarta;information systems;98.0
J0067;Nurul Permata;Jakarta;klasifikasi (data);92.3
J0067;Nurul Permata;Jakarta;kriptografi;88.3
J0067;Nurul Permata;Jakarta;microsoft excel;77.8
J0067;Nurul Permata;Jakarta;mysql;59.1
J0067;Nurul Permata;Jakarta;neural network;88.9
J0067;Nurul Permata;Jakarta;nosql;50.5
J0067;Nurul Permata;Jakarta;oop (object oriented programming);61.1
J0067;Nurul Permata;Jakarta;osi layer;55.5
J0067;Nurul Permata;Jakarta;otorisasi;82.6
J0067;Nurul Permata;Jakarta;php;89.3
J0067;Nurul Permata;Jakarta;prototyping;95.1
J0067;Nurul Permata;Jakarta;pseudocode;99.7
J0067;Nurul Permata;Jakarta;python;98.3
J0067;Nurul Permata;Jakarta;routing;72.9
J0067;Nurul Permata;Jakarta;sap;84.0
J0067;Nurul Permata;Jakarta;scm (supply chain management);98.0
J0067;Nurul Permata;Jakarta;scrum;86.0
J0067;Nurul Permata;Jakarta;sql;84.7
J0067;Nurul Permata;Jakarta;statistika/probabilitas;78.8
J0067;Nurul Permata;Jakarta;switching;78.9
J0067;Nurul Permata;Jakarta;tcp/ip;84.3
J0067;Nurul Permata;Jakarta;uml (unified modeling language);66.0
J0067;Nurul Permata;Jakarta;vulnerability assessment;69.3
J0068;Agus Syahputra;Jakarta;agile;65.9
J0068;Agus Syahputra;Jakarta;algorithm design;92.7
J0068;Agus Syahputra;Jakarta;api;51.9
J0068;Agus Syahputra;Jakarta;basic programming;92.7
J0068;Agus Syahputra;Jakarta;basis data / database;89.6
J0068;Agus Syahputra;Jakarta;cloud computing;83.1
J0068;Agus Syahputra;Jakarta;cobit;75.5
J0068;Agus Syahputra;Jakarta;data mining;72.9
J0068;Agus Syahputra;Jakarta;decision tree;50.2
J0068;Agus Syahputra;Jakarta;design thinking;92.9
J0068;Agus Syahputra;Jakarta;erd (entity relationship diagram);76.2
J0068;Agus Syahputra;Jakarta;erp (enterprise resource planning);87.4
J0068;Agus Syahputra;Jakarta;etl (extract transform load);70.9
J0068;Agus Syahputra;Jakarta;firewall;73.6
J0068;Agus Syahputra;Jakarta;flowchart;73.7
J0068;Agus Syahputra;Jakarta;html;80.4
J0068;Agus Syahputra;Jakarta;information systems;99.7
J0068;Agus Syahputra;Jakarta;jaringan komputer;92.7
J0068;Agus Syahputra;Jakarta;klasifikasi (data);96.8
J0068;Agus Syahputra;Jakarta;kpi (key performance indicator);72.8
J0068;Agus Syahputra;Jakarta;kriptografi;100.0
J0068;Agus Syahputra;Jakarta;linux;93.1
J0068;Agus Syahputra;Jakarta;machine learning;94.7
J0068;Agus Syahputra;Jakarta;neural network;58.2
J0068;Agus Syahputra;Jakarta;nosql;51.4
J0068;Agus Syahputra;Jakarta;oop (object oriented programming);90.8
J0068;Agus Syahputra;Jakarta;osi layer;53.8
J0068;Agus Syahputra;Jakarta;otorisasi;96.0
J0068;Agus Syahputra;Jakarta;php;95.5
J0068;Agus Syahputra;Jakarta;prototyping;83.4
J0068;Agus Syahputra;Jakarta;pseudocode;70.6
J0068;Agus Syahputra;Jakarta;python;74.1
J0068;Agus Syahputra;Jakarta;regresi;55.8
J0068;Agus Syahputra;Jakarta;rest api;72.7
J0068;Agus Syahputra;Jakarta;routing;99.1
J0068;Agus Syahputra;Jakarta;sap;66.6
J0068;Agus Syahputra;Jakarta;scm (supply chain management);76.1
J0068;Agus Syahputra;Jakarta;scrum;71.3
J0068;Agus Syahputra;Jakarta;sql;67.8
J0068;Agus Syahputra;Jakarta;statistika/probabilitas;86.5
J0068;Agus Syahputra;Jakarta;switching;71.4
J0068;Agus Syahputra;Jakarta;tcp/ip;94.3
J0068;Agus Syahputra;Jakarta;uml (unified modeling language);76.4
J0068;Agus Syahputra;Jakarta;vulnerability assessment;90.7
J0069;Rian Handayani;Jakarta;agile;82.0
J0069;Rian Handayani;Jakarta;algorithm design;63.7
J0069;Rian Handayani;Jakarta;api;50.9
J0069;Rian Handayani;Jakarta;basic programming;63.7
J0069;Rian Handayani;Jakarta;basis data / database;86.5
J0069;Rian Handayani;Jakarta;cloud computing;72.0
J0069;Rian Handayani;Jakarta;cobit;91.2
J0069;Rian Handayani;Jakarta;data mining;79.8
J0069;Rian Handayani;Jakarta;decision tree;99.6
J0069;Rian Handayani;Jakarta;design thinking;85.7
J0069;Rian Handayani;Jakarta;erd (entity relationship diagram);50.1
J0069;Rian Handayani;Jakarta;erp (enterprise resource planning);91.6
J0069;Rian Handayani;Jakarta;etl (extract transform load);89.9
J0069;Rian Handayani;Jakarta;firewall;68.4
J0069;Rian Handayani;Jakarta;flowchart;78.5
J0069;Rian Handayani;Jakarta;git;98.2
J0069;Rian Handayani;Jakarta;graphql;86.6
J0069;Rian Handayani;Jakarta;html;58.4
J0069;Rian Handayani;Jakarta;information systems;99.1
J0069;Rian Handayani;Jakarta;klasifikasi (data);77.7
J0069;Rian Handayani;Jakarta;kpi (key performance indicator);58.1
J0069;Rian Handayani;Jakarta;kriptografi;96.7
J0069;Rian Handayani;Jakarta;linux;78.7
J0069;Rian Handayani;Jakarta;machine learning;67.1
J0069;Rian Handayani;Jakarta;mysql;70.1
J0069;Rian Handayani;Jakarta;neural network;84.9
J0069;Rian Handayani;Jakarta;nosql;85.2
J0069;Rian Handayani;Jakarta;oop (object oriented programming);71.2
J0069;Rian Handayani;Jakarta;osi layer;75.3
J0069;Rian Handayani;Jakarta;otorisasi;56.3
J0069;Rian Handayani;Jakarta;php;91.0
J0069;Rian Handayani;Jakarta;prototyping;96.3
J0069;Rian Handayani;Jakarta;pseudocode;75.7
J0069;Rian Handayani;Jakarta;python;67.6
J0069;Rian Handayani;Jakarta;regresi;54.4
J0069;Rian Handayani;Jakarta;rest api;97.7
J0069;Rian Handayani;Jakarta;routing;99.9
J0069;Rian Handayani;Jakarta;sap;52.7
J0069;Rian Handayani;Jakarta;scm (supply chain management);95.8
J0069;Rian Handayani;Jakarta;scrum;82.9
J0069;Rian Handayani;Jakarta;sql;76.1
J0069;Rian Handayani;Jakarta;statistika/probabilitas;75.3
J0069;Rian Handayani;Jakarta;switching;59.1
J0069;Rian Handayani;Jakarta;tcp/ip;87.2
J0069;Rian Handayani;Jakarta;uml (unified modeling language);68.7
J0069;Rian Handayani;Jakarta;vulnerability assessment;74.3
J0070;Fitri Permata;Jakarta;algorithm design;98.6
J0070;Fitri Permata;Jakarta;api;92.6
J0070;Fitri Permata;Jakarta;basic programming;98.6
J0070;Fitri Permata;Jakarta;basis data / database;97.6
J0070;Fitri Permata;Jakarta;cloud computing;91.0
J0070;Fitri Permata;Jakarta;cobit;99.3
J0070;Fitri Permata;Jakarta;data mining;88.0
J0070;Fitri Permata;Jakarta;data warehouse;62.8
J0070;Fitri Permata;Jakarta;design thinking;85.1
J0070;Fitri Permata;Jakarta;erd (entity relationship diagram);55.7
J0070;Fitri Permata;Jakarta;erp (enterprise resource planning);93.6
J0070;Fitri Permata;Jakarta;etl (extract transform load);84.6
J0070;Fitri Permata;Jakarta;firewall;53.7
J0070;Fitri Permata;Jakarta;git;85.8
J0070;Fitri Permata;Jakarta;graphql;51.5
J0070;Fitri Permata;Jakarta;html;75.5
J0070;Fitri Permata;Jakarta;information systems;98.2
J0070;Fitri Permata;Jakarta;jaringan komputer;95.9
J0070;Fitri Permata;Jakarta;klasifikasi (data);94.6
J0070;Fitri Permata;Jakarta;kpi (key performance indicator);76.5
J0070;Fitri Permata;Jakarta;kriptografi;96.9
J0070;Fitri Permata;Jakarta;linux;78.9
J0070;Fitri Permata;Jakarta;machine learning;77.3
J0070;Fitri Permata;Jakarta;microsoft excel;53.6
J0070;Fitri Permata;Jakarta;neural network;74.3
J0070;Fitri Permata;Jakarta;nosql;70.6
J0070;Fitri Permata;Jakarta;osi layer;75.6
J0070;Fitri Permata;Jakarta;otorisasi;79.5
J0070;Fitri Permata;Jakarta;php;79.8
J0070;Fitri Permata;Jakarta;prototyping;95.4
J0070;Fitri Permata;Jakarta;pseudocode;88.2
J0070;Fitri Permata;Jakarta;python;90.2
J0070;Fitri Permata;Jakarta;regresi;66.5
J0070;Fitri Permata;Jakarta;rest api;97.4
J0070;Fitri Permata;Jakarta;routing;53.3
J0070;Fitri Permata;Jakarta;sap;52.7
J0070;Fitri Permata;Jakarta;scm (supply chain management);62.7
J0070;Fitri Permata;Jakarta;scrum;97.4
J0070;Fitri Permata;Jakarta;sql;92.4
J0070;Fitri Permata;Jakarta;statistika/probabilitas;72.8
J0070;Fitri Permata;Jakarta;switching;83.9
J0070;Fitri Permata;Jakarta;tcp/ip;88.9
J0070;Fitri Permata;Jakarta;uml (unified modeling language);84.4
J0071;Hana Wijaya;Jakarta;agile;89.8
J0071;Hana Wijaya;Jakarta;algorithm design;91.2
J0071;Hana Wijaya;Jakarta;api;55.0
J0071;Hana Wijaya;Jakarta;basic programming;91.2
J0071;Hana Wijaya;Jakarta;basis data / database;71.0
J0071;Hana Wijaya;Jakarta;cloud computing;73.4
J0071;Hana Wijaya;Jakarta;cobit;95.5
J0071;Hana Wijaya;Jakarta;data mining;83.0
J0071;Hana Wijaya;Jakarta;data warehouse;52.1
J0071;Hana Wijaya;Jakarta;design thinking;67.2
J0071;Hana Wijaya;Jakarta;erd (entity relationship diagram);65.1
J0071;Hana Wijaya;Jakarta;erp (enterprise resource planning);69.2
J0071;Hana Wijaya;Jakarta;etl (extract transform load);71.7
J0071;Hana Wijaya;Jakarta;firewall;59.5
J0071;Hana Wijaya;Jakarta;flowchart;74.2
J0071;Hana Wijaya;Jakarta;graphql;52.9
J0071;Hana Wijaya;Jakarta;html;65.1
J0071;Hana Wijaya;Jakarta;information systems;96.8
J0071;Hana Wijaya;Jakarta;jaringan komputer;83.4
J0071;Hana Wijaya;Jakarta;klasifikasi (data);61.5
J0071;Hana Wijaya;Jakarta;kpi (key performance indicator);89.8
J0071;Hana Wijaya;Jakarta;kriptografi;99.5
J0071;Hana Wijaya;Jakarta;linux;89.6
J0071;Hana Wijaya;Jakarta;machine learning;96.5
J0071;Hana Wijaya;Jakarta;microsoft excel;64.9
J0071;Hana Wijaya;Jakarta;mysql;70.6
J0071;Hana Wijaya;Jakarta;neural network;73.1
J0071;Hana Wijaya;Jakarta;nosql;58.2
J0071;Hana Wijaya;Jakarta;oop (object oriented programming);85.7
J0071;Hana Wijaya;Jakarta;otorisasi;79.5
J0071;Hana Wijaya;Jakarta;php;81.4
J0071;Hana Wijaya;Jakarta;prototyping;78.8
J0071;Hana Wijaya;Jakarta;pseudocode;98.8
J0071;Hana Wijaya;Jakarta;python;77.4
J0071;Hana Wijaya;Jakarta;regresi;69.8
J0071;Hana Wijaya;Jakarta;rest api;63.2
J0071;Hana Wijaya;Jakarta;routing;71.5
J0071;Hana Wijaya;Jakarta;sap;50.2
J0071;Hana Wijaya;Jakarta;scm (supply chain management);93.2
J0071;Hana Wijaya;Jakarta;scrum;82.9
J0071;Hana Wijaya;Jakarta;sql;57.0
J0071;Hana Wijaya;Jakarta;statistika/probabilitas;90.2
J0071;Hana Wijaya;Jakarta;switching;83.6
J0071;Hana Wijaya;Jakarta;tcp/ip;50.9
J0071;Hana Wijaya;Jakarta;uml (unified modeling language);90.3
J0071;Hana Wijaya;Jakarta;vulnerability assessment;96.7
J0072;Chandra Santoso;Jakarta;agile;93.4
J0072;Chandra Santoso;Jakarta;algorithm design;91.5
J0072;Chandra Santoso;Jakarta;api;70.7
J0072;Chandra Santoso;Jakarta;basic programming;91.5
J0072;Chandra Santoso;Jakarta;basis data / database;85.0
J0072;Chandra Santoso;Jakarta;cloud computing;97.1
J0072;Chandra Santoso;Jakarta;cobit;80.2
J0072;Chandra Santoso;Jakarta;data mining;94.5
J0072;Chandra Santoso;Jakarta;data warehouse;99.2
J0072;Chandra Santoso;Jakarta;decision tree;80.5
J0072;Chandra Santoso;Jakarta;design thinking;86.9
J0072;Chandra Santoso;Jakarta;erp (enterprise resource planning);83.6
J0072;Chandra Santoso;Jakarta;etl (extract transform load);77.3
J0072;Chandra Santoso;Jakarta;firewall;62.8
J0072;Chandra Santoso;Jakarta;flowchart;59.2
J0072;Chandra Santoso;Jakarta;html;91.0
J0072;Chandra Santoso;Jakarta;information systems;100.0
J0072;Chandra Santoso;Jakarta;jaringan komputer;50.2
J0072;Chandra Santoso;Jakarta;klasifikasi (data);79.6
J0072;Chandra Santoso;Jakarta;kpi (key performance indicator);58.5
J0072;Chandra Santoso;Jakarta;kriptografi;95.4
J0072;Chandra Santoso;Jakarta;linux;99.4
J0072;Chandra Santoso;Jakarta;machine learning;95.6
J0072;Chandra Santoso;Jakarta;microsoft excel;62.5
J0072;Chandra Santoso;Jakarta;mysql;95.0
J0072;Chandra Santoso;Jakarta;neural network;64.8
J0072;Chandra Santoso;Jakarta;nosql;53.0
J0072;Chandra Santoso;Jakarta;oop (object oriented programming);89.4
J0072;Chandra Santoso;Jakarta;osi layer;90.4
J0072;Chandra Santoso;Jakarta;otorisasi;73.7
J0072;Chandra Santoso;Jakarta;php;99.5
J0072;Chandra Santoso;Jakarta;prototyping;98.4
J0072;Chandra Santoso;Jakarta;pseudocode;58.9
J0072;Chandra Santoso;Jakarta;python;62.7
J0072;Chandra Santoso;Jakarta;regresi;79.4
J0072;Chandra Santoso;Jakarta;rest api;90.5
J0072;Chandra Santoso;Jakarta;routing;90.1
J0072;Chandra Santoso;Jakarta;sap;67.1
J0072;Chandra Santoso;Jakarta;scm (supply chain management);88.1
J0072;Chandra Santoso;Jakarta;sql;79.4
J0072;Chandra Santoso;Jakarta;statistika/probabilitas;85.3
J0072;Chandra Santoso;Jakarta;switching;57.2
J0072;Chandra Santoso;Jakarta;tcp/ip;71.6
J0072;Chandra Santoso;Jakarta;uml (unified modeling language);71.4
J0072;Chandra Santoso;Jakarta;vulnerability assessment;61.5
J0073;Erlangga Wibowo;Jakarta;agile;69.5
J0073;Erlangga Wibowo;Jakarta;algorithm design;82.0
J0073;Erlangga Wibowo;Jakarta;api;50.1
J0073;Erlangga Wibowo;Jakarta;basic programming;82.0
J0073;Erlangga Wibowo;Jakarta;basis data / database;97.4
J0073;Erlangga Wibowo;Jakarta;cloud computing;68.7
J0073;Erlangga Wibowo;Jakarta;cobit;84.5
J0073;Erlangga Wibowo;Jakarta;data mining;92.8
J0073;Erlangga Wibowo;Jakarta;data warehouse;98.1
J0073;Erlangga Wibowo;Jakarta;decision tree;85.9
J0073;Erlangga Wibowo;Jakarta;erd (entity relationship diagram);98.6
J0073;Erlangga Wibowo;Jakarta;erp (enterprise resource planning);78.7
J0073;Erlangga Wibowo;Jakarta;etl (extract transform load);95.0
J0073;Erlangga Wibowo;Jakarta;firewall;83.3
J0073;Erlangga Wibowo;Jakarta;flowchart;79.7
J0073;Erlangga Wibowo;Jakarta;git;90.0
J0073;Erlangga Wibowo;Jakarta;graphql;72.9
J0073;Erlangga Wibowo;Jakarta;html;81.4
J0073;Erlangga Wibowo;Jakarta;information systems;99.8
J0073;Erlangga Wibowo;Jakarta;klasifikasi (data);89.0
J0073;Erlangga Wibowo;Jakarta;kpi (key performance indicator);72.0
J0073;Erlangga Wibowo;Jakarta;kriptografi;79.4
J0073;Erlangga Wibowo;Jakarta;linux;68.7
J0073;Erlangga Wibowo;Jakarta;machine learning;73.8
J0073;Erlangga Wibowo;Jakarta;microsoft excel;60.8
J0073;Erlangga Wibowo;Jakarta;mysql;66.7
J0073;Erlangga Wibowo;Jakarta;neural network;76.2
J0073;Erlangga Wibowo;Jakarta;nosql;76.3
J0073;Erlangga Wibowo;Jakarta;oop (object oriented programming);93.7
J0073;Erlangga Wibowo;Jakarta;osi layer;79.7
J0073;Erlangga Wibowo;Jakarta;otorisasi;88.7
J0073;Erlangga Wibowo;Jakarta;php;98.2
J0073;Erlangga Wibowo;Jakarta;prototyping;82.4
J0073;Erlangga Wibowo;Jakarta;pseudocode;53.4
J0073;Erlangga Wibowo;Jakarta;python;83.1
J0073;Erlangga Wibowo;Jakarta;regresi;80.9
J0073;Erlangga Wibowo;Jakarta;rest api;75.5
J0073;Erlangga Wibowo;Jakarta;routing;99.0
J0073;Erlangga Wibowo;Jakarta;sap;51.7
J0073;Erlangga Wibowo;Jakarta;scm (supply chain management);87.6
J0073;Erlangga Wibowo;Jakarta;sql;65.5
J0073;Erlangga Wibowo;Jakarta;statistika/probabilitas;95.3
J0073;Erlangga Wibowo;Jakarta;switching;51.1
J0073;Erlangga Wibowo;Jakarta;tcp/ip;95.1
J0073;Erlangga Wibowo;Jakarta;uml (unified modeling language);80.6
J0073;Erlangga Wibowo;Jakarta;vulnerability assessment;96.8
J0074;Qori Saputra;Jakarta;agile;79.4
J0074;Qori Saputra;Jakarta;algorithm design;62.8
J0074;Qori Saputra;Jakarta;basic programming;62.8
J0074;Qori Saputra;Jakarta;basis data / database;89.7
J0074;Qori Saputra;Jakarta;cloud computing;85.9
J0074;Qori Saputra;Jakarta;cobit;87.6
J0074;Qori Saputra;Jakarta;data mining;83.3
J0074;Qori Saputra;Jakarta;data warehouse;89.1
J0074;Qori Saputra;Jakarta;decision tree;95.8
J0074;Qori Saputra;Jakarta;design thinking;83.0
J0074;Qori Saputra;Jakarta;erp (enterprise resource planning);84.8
J0074;Qori Saputra;Jakarta;etl (extract transform load);67.2
J0074;Qori Saputra;Jakarta;firewall;68.1
J0074;Qori Saputra;Jakarta;flowchart;71.6
J0074;Qori Saputra;Jakarta;git;69.6
J0074;Qori Saputra;Jakarta;graphql;81.8
J0074;Qori Saputra;Jakarta;html;95.2
J0074;Qori Saputra;Jakarta;information systems;99.9
J0074;Qori Saputra;Jakarta;jaringan komputer;91.8
J0074;Qori Saputra;Jakarta;klasifikasi (data);77.6
J0074;Qori Saputra;Jakarta;kpi (key performance indicator);68.4
J0074;Qori Saputra;Jakarta;kriptografi;99.8
J0074;Qori Saputra;Jakarta;linux;94.6
J0074;Qori Saputra;Jakarta;machine learning;85.3
J0074;Qori Saputra;Jakarta;microsoft excel;97.4
J0074;Qori Saputra;Jakarta;mysql;77.3
J0074;Qori Saputra;Jakarta;nosql;56.6
J0074;Qori Saputra;Jakarta;oop (object oriented programming);79.1
J0074;Qori Saputra;Jakarta;osi layer;76.2
J0074;Qori Saputra;Jakarta;otorisasi;54.6
J0074;Qori Saputra;Jakarta;php;89.9
J0074;Qori Saputra;Jakarta;prototyping;76.2
J0074;Qori Saputra;Jakarta;pseudocode;73.4
J0074;Qori Saputra;Jakarta;python;85.5
J0074;Qori Saputra;Jakarta;regresi;92.3
J0074;Qori Saputra;Jakarta;routing;51.8
J0074;Qori Saputra;Jakarta;sap;80.7
J0074;Qori Saputra;Jakarta;scm (supply chain management);85.1
J0074;Qori Saputra;Jakarta;scrum;73.8
J0074;Qori Saputra;Jakarta;sql;65.0
J0074;Qori Saputra;Jakarta;statistika/probabilitas;90.2
J0074;Qori Saputra;Jakarta;switching;97.3
J0074;Qori Saputra;Jakarta;tcp/ip;87.4
J0074;Qori Saputra;Jakarta;uml (unified modeling language);69.0
J0074;Qori Saputra;Jakarta;vulnerability assessment;71.4
J0075;Wulan Kusuma;Jakarta;agile;55.1
J0075;Wulan Kusuma;Jakarta;algorithm design;94.7
J0075;Wulan Kusuma;Jakarta;api;85.7
J0075;Wulan Kusuma;Jakarta;basic programming;94.7
J0075;Wulan Kusuma;Jakarta;basis data / database;92.5
J0075;Wulan Kusuma;Jakarta;cloud computing;82.6
J0075;Wulan Kusuma;Jakarta;cobit;79.1
J0075;Wulan Kusuma;Jakarta;data mining;100.0
J0075;Wulan Kusuma;Jakarta;decision tree;82.2
J0075;Wulan Kusuma;Jakarta;design thinking;76.9
J0075;Wulan Kusuma;Jakarta;erd (entity relationship diagram);93.3
J0075;Wulan Kusuma;Jakarta;erp (enterprise resource planning);94.5
J0075;Wulan Kusuma;Jakarta;etl (extract transform load);57.9
J0075;Wulan Kusuma;Jakarta;firewall;84.9
J0075;Wulan Kusuma;Jakarta;flowchart;99.2
J0075;Wulan Kusuma;Jakarta;git;61.7
J0075;Wulan Kusuma;Jakarta;graphql;67.6
J0075;Wulan Kusuma;Jakarta;html;90.2
J0075;Wulan Kusuma;Jakarta;information systems;100.0
J0075;Wulan Kusuma;Jakarta;jaringan komputer;58.8
J0075;Wulan Kusuma;Jakarta;klasifikasi (data);95.6
J0075;Wulan Kusuma;Jakarta;kriptografi;93.6
J0075;Wulan Kusuma;Jakarta;linux;95.6
J0075;Wulan Kusuma;Jakarta;machine learning;91.9
J0075;Wulan Kusuma;Jakarta;microsoft excel;100.0
J0075;Wulan Kusuma;Jakarta;mysql;97.0
J0075;Wulan Kusuma;Jakarta;neural network;99.4
J0075;Wulan Kusuma;Jakarta;nosql;94.7
J0075;Wulan Kusuma;Jakarta;oop (object oriented programming);73.5
J0075;Wulan Kusuma;Jakarta;osi layer;71.0
J0075;Wulan Kusuma;Jakarta;otorisasi;82.2
J0075;Wulan Kusuma;Jakarta;php;99.4
J0075;Wulan Kusuma;Jakarta;prototyping;86.3
J0075;Wulan Kusuma;Jakarta;pseudocode;94.0
J0075;Wulan Kusuma;Jakarta;python;76.0
J0075;Wulan Kusuma;Jakarta;regresi;66.3
J0075;Wulan Kusuma;Jakarta;rest api;85.0
J0075;Wulan Kusuma;Jakarta;routing;65.7
J0075;Wulan Kusuma;Jakarta;scm (supply chain management);50.4
J0075;Wulan Kusuma;Jakarta;scrum;84.0
J0075;Wulan Kusuma;Jakarta;sql;92.3
J0075;Wulan Kusuma;Jakarta;statistika/probabilitas;95.3
J0075;Wulan Kusuma;Jakarta;switching;93.7
J0075;Wulan Kusuma;Jakarta;tcp/ip;91.1
J0075;Wulan Kusuma;Jakarta;uml (unified modeling language);52.8
J0075;Wulan Kusuma;Jakarta;vulnerability assessment;74.0
J0076;Oki Kusuma;Jakarta;agile;72.4
J0076;Oki Kusuma;Jakarta;algorithm design;66.2
J0076;Oki Kusuma;Jakarta;api;61.9
J0076;Oki Kusuma;Jakarta;basic programming;66.2
J0076;Oki Kusuma;Jakarta;basis data / database;87.7
J0076;Oki Kusuma;Jakarta;cloud computing;89.4
J0076;Oki Kusuma;Jakarta;cobit;84.7
J0076;Oki Kusuma;Jakarta;data mining;99.0
J0076;Oki Kusuma;Jakarta;decision tree;64.4
J0076;Oki Kusuma;Jakarta;design thinking;50.1
J0076;Oki Kusuma;Jakarta;erd (entity relationship diagram);68.2
J0076;Oki Kusuma;Jakarta;erp (enterprise resource planning);98.7
J0076;Oki Kusuma;Jakarta;firewall;50.8
J0076;Oki Kusuma;Jakarta;flowchart;77.6
J0076;Oki Kusuma;Jakarta;git;73.4
J0076;Oki Kusuma;Jakarta;html;94.8
J0076;Oki Kusuma;Jakarta;information systems;99.8
J0076;Oki Kusuma;Jakarta;jaringan komputer;70.5
J0076;Oki Kusuma;Jakarta;klasifikasi (data);80.0
J0076;Oki Kusuma;Jakarta;kpi (key performance indicator);64.4
J0076;Oki Kusuma;Jakarta;kriptografi;66.9
J0076;Oki Kusuma;Jakarta;linux;95.9
J0076;Oki Kusuma;Jakarta;machine learning;67.3
J0076;Oki Kusuma;Jakarta;microsoft excel;97.9
J0076;Oki Kusuma;Jakarta;mysql;79.2
J0076;Oki Kusuma;Jakarta;oop (object oriented programming);98.4
J0076;Oki Kusuma;Jakarta;otorisasi;90.2
J0076;Oki Kusuma;Jakarta;php;99.5
J0076;Oki Kusuma;Jakarta;prototyping;60.9
J0076;Oki Kusuma;Jakarta;pseudocode;89.0
J0076;Oki Kusuma;Jakarta;python;77.9
J0076;Oki Kusuma;Jakarta;regresi;72.0
J0076;Oki Kusuma;Jakarta;rest api;65.5
J0076;Oki Kusuma;Jakarta;routing;87.5
J0076;Oki Kusuma;Jakarta;scm (supply chain management);71.5
J0076;Oki Kusuma;Jakarta;scrum;87.8
J0076;Oki Kusuma;Jakarta;sql;87.3
J0076;Oki Kusuma;Jakarta;statistika/probabilitas;95.9
J0076;Oki Kusuma;Jakarta;switching;80.7
J0076;Oki Kusuma;Jakarta;tcp/ip;72.7
J0076;Oki Kusuma;Jakarta;uml (unified modeling language);57.2
J0076;Oki Kusuma;Jakarta;vulnerability assessment;90.9
J0077;Kartika Pratama;Jakarta;agile;95.4
J0077;Kartika Pratama;Jakarta;algorithm design;92.8
J0077;Kartika Pratama;Jakarta;api;55.4
J0077;Kartika Pratama;Jakarta;basic programming;92.8
J0077;Kartika Pratama;Jakarta;basis data / database;89.4
J0077;Kartika Pratama;Jakarta;cloud computing;76.2
J0077;Kartika Pratama;Jakarta;cobit;98.7
J0077;Kartika Pratama;Jakarta;data mining;84.5
J0077;Kartika Pratama;Jakarta;data warehouse;78.2
J0077;Kartika Pratama;Jakarta;decision tree;98.6
J0077;Kartika Pratama;Jakarta;design thinking;92.4
J0077;Kartika Pratama;Jakarta;erd (entity relationship diagram);56.1
J0077;Kartika Pratama;Jakarta;erp (enterprise resource planning);92.5
J0077;Kartika Pratama;Jakarta;etl (extract transform load);94.2
J0077;Kartika Pratama;Jakarta;firewall;59.4
J0077;Kartika Pratama;Jakarta;flowchart;99.5
J0077;Kartika Pratama;Jakarta;git;89.2
J0077;Kartika Pratama;Jakarta;graphql;77.0
J0077;Kartika Pratama;Jakarta;html;67.2
J0077;Kartika Pratama;Jakarta;information systems;97.5
J0077;Kartika Pratama;Jakarta;jaringan komputer;94.4
J0077;Kartika Pratama;Jakarta;klasifikasi (data);78.1
J0077;Kartika Pratama;Jakarta;kriptografi;88.7
J0077;Kartika Pratama;Jakarta;linux;66.2
J0077;Kartika Pratama;Jakarta;machine learning;82.9
J0077;Kartika Pratama;Jakarta;microsoft excel;89.6
J0077;Kartika Pratama;Jakarta;mysql;78.9
J0077;Kartika Pratama;Jakarta;neural network;67.6
J0077;Kartika Pratama;Jakarta;nosql;95.0
J0077;Kartika Pratama;Jakarta;oop (object oriented programming);75.7
J0077;Kartika Pratama;Jakarta;osi layer;72.2
J0077;Kartika Pratama;Jakarta;otorisasi;93.5
J0077;Kartika Pratama;Jakarta;php;99.9
J0077;Kartika Pratama;Jakarta;prototyping;86.0
J0077;Kartika Pratama;Jakarta;pseudocode;74.0
J0077;Kartika Pratama;Jakarta;python;95.2
J0077;Kartika Pratama;Jakarta;regresi;97.0
J0077;Kartika Pratama;Jakarta;routing;93.7
J0077;Kartika Pratama;Jakarta;scm (supply chain management);99.1
J0077;Kartika Pratama;Jakarta;scrum;56.7
J0077;Kartika Pratama;Jakarta;statistika/probabilitas;88.9
J0077;Kartika Pratama;Jakarta;switching;79.0
J0077;Kartika Pratama;Jakarta;tcp/ip;74.7
J0077;Kartika Pratama;Jakarta;uml (unified modeling language);91.6
J0077;Kartika Pratama;Jakarta;vulnerability assessment;91.6
J0078;Chandra Setiawan;Jakarta;agile;97.0
J0078;Chandra Setiawan;Jakarta;algorithm design;88.9
J0078;Chandra Setiawan;Jakarta;api;86.4
J0078;Chandra Setiawan;Jakarta;basic programming;88.9
J0078;Chandra Setiawan;Jakarta;basis data / database;96.8
J0078;Chandra Setiawan;Jakarta;cloud computing;74.6
J0078;Chandra Setiawan;Jakarta;cobit;92.7
J0078;Chandra Setiawan;Jakarta;data mining;96.4
J0078;Chandra Setiawan;Jakarta;data warehouse;98.3
J0078;Chandra Setiawan;Jakarta;decision tree;83.9
J0078;Chandra Setiawan;Jakarta;design thinking;72.3
J0078;Chandra Setiawan;Jakarta;erd (entity relationship diagram);97.6
J0078;Chandra Setiawan;Jakarta;erp (enterprise resource planning);99.6
J0078;Chandra Setiawan;Jakarta;etl (extract transform load);59.7
J0078;Chandra Setiawan;Jakarta;firewall;62.8
J0078;Chandra Setiawan;Jakarta;flowchart;81.2
J0078;Chandra Setiawan;Jakarta;git;62.7
J0078;Chandra Setiawan;Jakarta;graphql;76.8
J0078;Chandra Setiawan;Jakarta;html;92.6
J0078;Chandra Setiawan;Jakarta;information systems;98.4
J0078;Chandra Setiawan;Jakarta;klasifikasi (data);76.4
J0078;Chandra Setiawan;Jakarta;kpi (key performance indicator);70.7
J0078;Chandra Setiawan;Jakarta;kriptografi;85.2
J0078;Chandra Setiawan;Jakarta;linux;79.6
J0078;Chandra Setiawan;Jakarta;machine learning;83.9
J0078;Chandra Setiawan;Jakarta;microsoft excel;62.6
J0078;Chandra Setiawan;Jakarta;mysql;52.9
J0078;Chandra Setiawan;Jakarta;nosql;84.0
J0078;Chandra Setiawan;Jakarta;oop (object oriented programming);57.9
J0078;Chandra Setiawan;Jakarta;osi layer;74.3
J0078;Chandra Setiawan;Jakarta;otorisasi;92.9
J0078;Chandra Setiawan;Jakarta;php;81.6
J0078;Chandra Setiawan;Jakarta;prototyping;95.9
J0078;Chandra Setiawan;Jakarta;pseudocode;83.2
J0078;Chandra Setiawan;Jakarta;python;97.9
J0078;Chandra Setiawan;Jakarta;regresi;90.8
J0078;Chandra Setiawan;Jakarta;rest api;89.5
J0078;Chandra Setiawan;Jakarta;routing;70.9
J0078;Chandra Setiawan;Jakarta;sap;50.5
J0078;Chandra Setiawan;Jakarta;scm (supply chain management);88.2
J0078;Chandra Setiawan;Jakarta;scrum;70.0
J0078;Chandra Setiawan;Jakarta;statistika/probabilitas;84.9
J0078;Chandra Setiawan;Jakarta;switching;66.5
J0078;Chandra Setiawan;Jakarta;tcp/ip;50.7
J0078;Chandra Setiawan;Jakarta;uml (unified modeling language);59.8
J0078;Chandra Setiawan;Jakarta;vulnerability assessment;97.7
J0079;Made Kurniawan;Jakarta;agile;82.5
J0079;Made Kurniawan;Jakarta;algorithm design;89.6
J0079;Made Kurniawan;Jakarta;api;67.2
J0079;Made Kurniawan;Jakarta;basic programming;89.6
J0079;Made Kurniawan;Jakarta;basis data / database;97.4
J0079;Made Kurniawan;Jakarta;cloud computing;95.9
J0079;Made Kurniawan;Jakarta;cobit;96.1
J0079;Made Kurniawan;Jakarta;data mining;82.1
J0079;Made Kurniawan;Jakarta;data warehouse;96.3
J0079;Made Kurniawan;Jakarta;decision tree;68.9
J0079;Made Kurniawan;Jakarta;design thinking;65.6
J0079;Made Kurniawan;Jakarta;erd (entity relationship diagram);70.5
J0079;Made Kurniawan;Jakarta;erp (enterprise resource planning);97.8
J0079;Made Kurniawan;Jakarta;etl (extract transform load);61.8
J0079;Made Kurniawan;Jakarta;firewall;50.7
J0079;Made Kurniawan;Jakarta;git;66.5
J0079;Made Kurniawan;Jakarta;graphql;92.7
J0079;Made Kurniawan;Jakarta;html;88.5
J0079;Made Kurniawan;Jakarta;information systems;99.2
J0079;Made Kurniawan;Jakarta;jaringan komputer;91.4
J0079;Made Kurniawan;Jakarta;klasifikasi (data);88.8
J0079;Made Kurniawan;Jakarta;kriptografi;79.9
J0079;Made Kurniawan;Jakarta;linux;97.5
J0079;Made Kurniawan;Jakarta;machine learning;97.7
J0079;Made Kurniawan;Jakarta;microsoft excel;87.7
J0079;Made Kurniawan;Jakarta;mysql;90.7
J0079;Made Kurniawan;Jakarta;nosql;92.5
J0079;Made Kurniawan;Jakarta;oop (object oriented programming);91.7
J0079;Made Kurniawan;Jakarta;osi layer;89.2
J0079;Made Kurniawan;Jakarta;otorisasi;57.1
J0079;Made Kurniawan;Jakarta;php;77.4
J0079;Made Kurniawan;Jakarta;prototyping;94.4
J0079;Made Kurniawan;Jakarta;pseudocode;72.1
J0079;Made Kurniawan;Jakarta;python;80.2
J0079;Made Kurniawan;Jakarta;regresi;53.1
J0079;Made Kurniawan;Jakarta;rest api;76.1
J0079;Made Kurniawan;Jakarta;routing;69.6
J0079;Made Kurniawan;Jakarta;sap;92.2
J0079;Made Kurniawan;Jakarta;scm (supply chain management);92.7
J0079;Made Kurniawan;Jakarta;scrum;89.4
J0079;Made Kurniawan;Jakarta;sql;96.9
J0079;Made Kurniawan;Jakarta;statistika/probabilitas;71.4
J0079;Made Kurniawan;Jakarta;switching;90.1
J0079;Made Kurniawan;Jakarta;tcp/ip;51.7
J0079;Made Kurniawan;Jakarta;uml (unified modeling language);55.7
J0079;Made Kurniawan;Jakarta;vulnerability assessment;80.3
J0080;Galih Nugroho;Jakarta;algorithm design;94.8
J0080;Galih Nugroho;Jakarta;api;70.6
J0080;Galih Nugroho;Jakarta;basic programming;94.8
J0080;Galih Nugroho;Jakarta;basis data / database;67.5
J0080;Galih Nugroho;Jakarta;cloud computing;89.4
J0080;Galih Nugroho;Jakarta;cobit;85.7
J0080;Galih Nugroho;Jakarta;data mining;92.0
J0080;Galih Nugroho;Jakarta;data warehouse;71.4
J0080;Galih Nugroho;Jakarta;decision tree;63.2
J0080;Galih Nugroho;Jakarta;design thinking;59.2
J0080;Galih Nugroho;Jakarta;erd (entity relationship diagram);56.5
J0080;Galih Nugroho;Jakarta;erp (enterprise resource planning);88.1
J0080;Galih Nugroho;Jakarta;etl (extract transform load);92.6
J0080;Galih Nugroho;Jakarta;firewall;78.7
J0080;Galih Nugroho;Jakarta;flowchart;53.4
J0080;Galih Nugroho;Jakarta;graphql;87.7
J0080;Galih Nugroho;Jakarta;information systems;98.3
J0080;Galih Nugroho;Jakarta;jaringan komputer;53.4
J0080;Galih Nugroho;Jakarta;klasifikasi (data);92.5
J0080;Galih Nugroho;Jakarta;kpi (key performance indicator);87.6
J0080;Galih Nugroho;Jakarta;kriptografi;98.6
J0080;Galih Nugroho;Jakarta;linux;82.7
J0080;Galih Nugroho;Jakarta;machine learning;93.6
J0080;Galih Nugroho;Jakarta;microsoft excel;54.2
J0080;Galih Nugroho;Jakarta;neural network;58.0
J0080;Galih Nugroho;Jakarta;nosql;63.9
J0080;Galih Nugroho;Jakarta;oop (object oriented programming);62.0
J0080;Galih Nugroho;Jakarta;otorisasi;92.1
J0080;Galih Nugroho;Jakarta;php;85.2
J0080;Galih Nugroho;Jakarta;prototyping;94.2
J0080;Galih Nugroho;Jakarta;pseudocode;92.5
J0080;Galih Nugroho;Jakarta;python;84.3
J0080;Galih Nugroho;Jakarta;regresi;99.3
J0080;Galih Nugroho;Jakarta;rest api;50.6
J0080;Galih Nugroho;Jakarta;routing;90.7
J0080;Galih Nugroho;Jakarta;sap;83.1
J0080;Galih Nugroho;Jakarta;scm (supply chain management);81.7
J0080;Galih Nugroho;Jakarta;sql;79.9
J0080;Galih Nugroho;Jakarta;statistika/probabilitas;99.5
J0080;Galih Nugroho;Jakarta;switching;75.9
J0080;Galih Nugroho;Jakarta;tcp/ip;67.9
J0080;Galih Nugroho;Jakarta;uml (unified modeling language);81.0
J0080;Galih Nugroho;Jakarta;vulnerability assessment;73.8
J0081;Laila Kurniawan;Jakarta;agile;92.2
J0081;Laila Kurniawan;Jakarta;algorithm design;96.9
J0081;Laila Kurniawan;Jakarta;api;53.5
J0081;Laila Kurniawan;Jakarta;basic programming;96.9
J0081;Laila Kurniawan;Jakarta;basis data / database;92.5
J0081;Laila Kurniawan;Jakarta;cloud computing;94.4
J0081;Laila Kurniawan;Jakarta;cobit;89.6
J0081;Laila Kurniawan;Jakarta;data mining;75.2
J0081;Laila Kurniawan;Jakarta;decision tree;72.7
J0081;Laila Kurniawan;Jakarta;design thinking;80.8
J0081;Laila Kurniawan;Jakarta;erd (entity relationship diagram);65.0
J0081;Laila Kurniawan;Jakarta;erp (enterprise resource planning);58.6
J0081;Laila Kurniawan;Jakarta;etl (extract transform load);88.0
J0081;Laila Kurniawan;Jakarta;firewall;88.0
J0081;Laila Kurniawan;Jakarta;flowchart;77.5
J0081;Laila Kurniawan;Jakarta;git;73.4
J0081;Laila Kurniawan;Jakarta;graphql;65.4
J0081;Laila Kurniawan;Jakarta;html;91.5
J0081;Laila Kurniawan;Jakarta;information systems;99.6
J0081;Laila Kurniawan;Jakarta;klasifikasi (data);77.2
J0081;Laila Kurniawan;Jakarta;kpi (key performance indicator);80.8
J0081;Laila Kurniawan;Jakarta;kriptografi;98.9
J0081;Laila Kurniawan;Jakarta;linux;90.5
J0081;Laila Kurniawan;Jakarta;machine learning;50.1
J0081;Laila Kurniawan;Jakarta;microsoft excel;79.5
J0081;Laila Kurniawan;Jakarta;mysql;96.0
J0081;Laila Kurniawan;Jakarta;neural network;62.3
J0081;Laila Kurniawan;Jakarta;nosql;72.6
J0081;Laila Kurniawan;Jakarta;oop (object oriented programming);91.1
J0081;Laila Kurniawan;Jakarta;osi layer;64.8
J0081;Laila Kurniawan;Jakarta;otorisasi;70.2
J0081;Laila Kurniawan;Jakarta;php;99.9
J0081;Laila Kurniawan;Jakarta;prototyping;93.0
J0081;Laila Kurniawan;Jakarta;pseudocode;83.4
J0081;Laila Kurniawan;Jakarta;python;93.3
J0081;Laila Kurniawan;Jakarta;regresi;92.7
J0081;Laila Kurniawan;Jakarta;rest api;52.5
J0081;Laila Kurniawan;Jakarta;routing;90.9
J0081;Laila Kurniawan;Jakarta;sap;90.6
J0081;Laila Kurniawan;Jakarta;scm (supply chain management);92.2
J0081;Laila Kurniawan;Jakarta;scrum;87.8
J0081;Laila Kurniawan;Jakarta;sql;76.2
J0081;Laila Kurniawan;Jakarta;statistika/probabilitas;86.8
J0081;Laila Kurniawan;Jakarta;switching;85.0
J0081;Laila Kurniawan;Jakarta;tcp/ip;98.9
J0081;Laila Kurniawan;Jakarta;uml (unified modeling language);81.5
J0081;Laila Kurniawan;Jakarta;vulnerability assessment;93.4
J0082;Vina Kurniawan;Jakarta;agile;69.6
J0082;Vina Kurniawan;Jakarta;algorithm design;99.1
J0082;Vina Kurniawan;Jakarta;api;64.4
J0082;Vina Kurniawan;Jakarta;basic programming;99.1
J0082;Vina Kurniawan;Jakarta;basis data / database;92.7
J0082;Vina Kurniawan;Jakarta;cloud computing;94.4
J0082;Vina Kurniawan;Jakarta;cobit;81.4
J0082;Vina Kurniawan;Jakarta;data mining;88.2
J0082;Vina Kurniawan;Jakarta;data warehouse;80.2
J0082;Vina Kurniawan;Jakarta;decision tree;66.6
J0082;Vina Kurniawan;Jakarta;design thinking;67.0
J0082;Vina Kurniawan;Jakarta;erd (entity relationship diagram);61.2
J0082;Vina Kurniawan;Jakarta;erp (enterprise resource planning);97.0
J0082;Vina Kurniawan;Jakarta;firewall;99.7
J0082;Vina Kurniawan;Jakarta;flowchart;98.2
J0082;Vina Kurniawan;Jakarta;git;86.8
J0082;Vina Kurniawan;Jakarta;graphql;74.1
J0082;Vina Kurniawan;Jakarta;html;98.8
J0082;Vina Kurniawan;Jakarta;information systems;99.5
J0082;Vina Kurniawan;Jakarta;klasifikasi (data);70.6
J0082;Vina Kurniawan;Jakarta;kpi (key performance indicator);57.8
J0082;Vina Kurniawan;Jakarta;kriptografi;80.7
J0082;Vina Kurniawan;Jakarta;linux;87.2
J0082;Vina Kurniawan;Jakarta;machine learning;84.9
J0082;Vina Kurniawan;Jakarta;microsoft excel;88.9
J0082;Vina Kurniawan;Jakarta;mysql;61.9
J0082;Vina Kurniawan;Jakarta;nosql;99.6
J0082;Vina Kurniawan;Jakarta;oop (object oriented programming);83.6
J0082;Vina Kurniawan;Jakarta;osi layer;63.3
J0082;Vina Kurniawan;Jakarta;otorisasi;54.3
J0082;Vina Kurniawan;Jakarta;php;87.5
J0082;Vina Kurniawan;Jakarta;prototyping;98.9
J0082;Vina Kurniawan;Jakarta;pseudocode;96.4
J0082;Vina Kurniawan;Jakarta;python;60.7
J0082;Vina Kurniawan;Jakarta;regresi;56.4
J0082;Vina Kurniawan;Jakarta;rest api;65.0
J0082;Vina Kurniawan;Jakarta;routing;96.0
J0082;Vina Kurniawan;Jakarta;sap;71.8
J0082;Vina Kurniawan;Jakarta;scm (supply chain management);92.5
J0082;Vina Kurniawan;Jakarta;scrum;78.8
J0082;Vina Kurniawan;Jakarta;sql;55.3
J0082;Vina Kurniawan;Jakarta;statistika/probabilitas;91.1
J0082;Vina Kurniawan;Jakarta;switching;100.0
J0082;Vina Kurniawan;Jakarta;tcp/ip;85.3
J0082;Vina Kurniawan;Jakarta;uml (unified modeling language);62.7
J0082;Vina Kurniawan;Jakarta;vulnerability assessment;81.9
J0083;Kurnia Maharani;Jakarta;agile;79.6
J0083;Kurnia Maharani;Jakarta;algorithm design;70.2
J0083;Kurnia Maharani;Jakarta;api;76.0
J0083;Kurnia Maharani;Jakarta;basic programming;70.2
J0083;Kurnia Maharani;Jakarta;basis data / database;98.0
J0083;Kurnia Maharani;Jakarta;cloud computing;63.9
J0083;Kurnia Maharani;Jakarta;cobit;94.3
J0083;Kurnia Maharani;Jakarta;data mining;99.0
J0083;Kurnia Maharani;Jakarta;data warehouse;70.1
J0083;Kurnia Maharani;Jakarta;decision tree;94.0
J0083;Kurnia Maharani;Jakarta;design thinking;55.1
J0083;Kurnia Maharani;Jakarta;erp (enterprise resource planning);91.5
J0083;Kurnia Maharani;Jakarta;etl (extract transform load);89.1
J0083;Kurnia Maharani;Jakarta;firewall;79.4
J0083;Kurnia Maharani;Jakarta;git;72.1
J0083;Kurnia Maharani;Jakarta;graphql;94.7
J0083;Kurnia Maharani;Jakarta;html;94.1
J0083;Kurnia Maharani;Jakarta;information systems;98.5
J0083;Kurnia Maharani;Jakarta;klasifikasi (data);86.8
J0083;Kurnia Maharani;Jakarta;kpi (key performance indicator);81.1
J0083;Kurnia Maharani;Jakarta;kriptografi;93.1
J0083;Kurnia Maharani;Jakarta;linux;62.6
J0083;Kurnia Maharani;Jakarta;machine learning;52.9
J0083;Kurnia Maharani;Jakarta;mysql;94.9
J0083;Kurnia Maharani;Jakarta;neural network;75.7
J0083;Kurnia Maharani;Jakarta;nosql;92.0
J0083;Kurnia Maharani;Jakarta;oop (object oriented programming);90.8
J0083;Kurnia Maharani;Jakarta;otorisasi;52.3
J0083;Kurnia Maharani;Jakarta;php;83.2
J0083;Kurnia Maharani;Jakarta;prototyping;76.6
J0083;Kurnia Maharani;Jakarta;pseudocode;93.6
J0083;Kurnia Maharani;Jakarta;python;90.4
J0083;Kurnia Maharani;Jakarta;regresi;95.6
J0083;Kurnia Maharani;Jakarta;rest api;94.1
J0083;Kurnia Maharani;Jakarta;routing;87.1
J0083;Kurnia Maharani;Jakarta;scm (supply chain management);70.5
J0083;Kurnia Maharani;Jakarta;scrum;50.7
J0083;Kurnia Maharani;Jakarta;sql;78.6
J0083;Kurnia Maharani;Jakarta;statistika/probabilitas;93.5
J0083;Kurnia Maharani;Jakarta;switching;84.8
J0083;Kurnia Maharani;Jakarta;tcp/ip;97.8
J0083;Kurnia Maharani;Jakarta;uml (unified modeling language);64.5
J0083;Kurnia Maharani;Jakarta;vulnerability assessment;63.4
J0084;Hana Halim;Jakarta;agile;54.9
J0084;Hana Halim;Jakarta;algorithm design;98.2
J0084;Hana Halim;Jakarta;api;91.8
J0084;Hana Halim;Jakarta;basic programming;98.2
J0084;Hana Halim;Jakarta;basis data / database;82.0
J0084;Hana Halim;Jakarta;cloud computing;86.1
J0084;Hana Halim;Jakarta;cobit;76.2
J0084;Hana Halim;Jakarta;data mining;85.5
J0084;Hana Halim;Jakarta;data warehouse;78.7
J0084;Hana Halim;Jakarta;decision tree;91.2
J0084;Hana Halim;Jakarta;design thinking;74.7
J0084;Hana Halim;Jakarta;erd (entity relationship diagram);94.5
J0084;Hana Halim;Jakarta;erp (enterprise resource planning);99.9
J0084;Hana Halim;Jakarta;etl (extract transform load);93.7
J0084;Hana Halim;Jakarta;firewall;50.4
J0084;Hana Halim;Jakarta;graphql;58.1
J0084;Hana Halim;Jakarta;html;74.7
J0084;Hana Halim;Jakarta;information systems;98.7
J0084;Hana Halim;Jakarta;klasifikasi (data);86.4
J0084;Hana Halim;Jakarta;kpi (key performance indicator);69.8
J0084;Hana Halim;Jakarta;kriptografi;90.5
J0084;Hana Halim;Jakarta;linux;81.0
J0084;Hana Halim;Jakarta;machine learning;73.1
J0084;Hana Halim;Jakarta;microsoft excel;52.6
J0084;Hana Halim;Jakarta;mysql;61.7
J0084;Hana Halim;Jakarta;nosql;56.1
J0084;Hana Halim;Jakarta;oop (object oriented programming);78.2
J0084;Hana Halim;Jakarta;osi layer;51.4
J0084;Hana Halim;Jakarta;otorisasi;98.6
J0084;Hana Halim;Jakarta;php;88.6
J0084;Hana Halim;Jakarta;prototyping;92.6
J0084;Hana Halim;Jakarta;pseudocode;50.6
J0084;Hana Halim;Jakarta;python;74.0
J0084;Hana Halim;Jakarta;regresi;90.7
J0084;Hana Halim;Jakarta;routing;84.4
J0084;Hana Halim;Jakarta;sap;68.8
J0084;Hana Halim;Jakarta;scm (supply chain management);77.4
J0084;Hana Halim;Jakarta;scrum;71.4
J0084;Hana Halim;Jakarta;sql;87.1
J0084;Hana Halim;Jakarta;statistika/probabilitas;84.2
J0084;Hana Halim;Jakarta;switching;56.3
J0084;Hana Halim;Jakarta;tcp/ip;89.4
J0084;Hana Halim;Jakarta;uml (unified modeling language);66.4
J0084;Hana Halim;Jakarta;vulnerability assessment;69.6
J0085;Chandra Handayani;Jakarta;agile;56.5
J0085;Chandra Handayani;Jakarta;algorithm design;96.9
J0085;Chandra Handayani;Jakarta;api;50.5
J0085;Chandra Handayani;Jakarta;basic programming;96.9
J0085;Chandra Handayani;Jakarta;basis data / database;92.6
J0085;Chandra Handayani;Jakarta;cloud computing;90.6
J0085;Chandra Handayani;Jakarta;cobit;97.8
J0085;Chandra Handayani;Jakarta;data mining;77.1
J0085;Chandra Handayani;Jakarta;data warehouse;56.5
J0085;Chandra Handayani;Jakarta;decision tree;88.1
J0085;Chandra Handayani;Jakarta;design thinking;60.8
J0085;Chandra Handayani;Jakarta;erd (entity relationship diagram);51.3
J0085;Chandra Handayani;Jakarta;erp (enterprise resource planning);84.9
J0085;Chandra Handayani;Jakarta;etl (extract transform load);88.9
J0085;Chandra Handayani;Jakarta;flowchart;90.0
J0085;Chandra Handayani;Jakarta;git;71.3
J0085;Chandra Handayani;Jakarta;graphql;99.9
J0085;Chandra Handayani;Jakarta;html;64.4
J0085;Chandra Handayani;Jakarta;information systems;99.7
J0085;Chandra Handayani;Jakarta;jaringan komputer;62.8
J0085;Chandra Handayani;Jakarta;klasifikasi (data);98.3
J0085;Chandra Handayani;Jakarta;kpi (key performance indicator);57.5
J0085;Chandra Handayani;Jakarta;kriptografi;96.4
J0085;Chandra Handayani;Jakarta;linux;96.3
J0085;Chandra Handayani;Jakarta;machine learning;99.0
J0085;Chandra Handayani;Jakarta;microsoft excel;88.7
J0085;Chandra Handayani;Jakarta;oop (object oriented programming);62.9
J0085;Chandra Handayani;Jakarta;osi layer;84.9
J0085;Chandra Handayani;Jakarta;otorisasi;63.5
J0085;Chandra Handayani;Jakarta;php;88.2
J0085;Chandra Handayani;Jakarta;prototyping;97.6
J0085;Chandra Handayani;Jakarta;pseudocode;85.4
J0085;Chandra Handayani;Jakarta;python;97.0
J0085;Chandra Handayani;Jakarta;regresi;86.2
J0085;Chandra Handayani;Jakarta;rest api;74.4
J0085;Chandra Handayani;Jakarta;routing;99.1
J0085;Chandra Handayani;Jakarta;sap;65.7
J0085;Chandra Handayani;Jakarta;scm (supply chain management);91.8
J0085;Chandra Handayani;Jakarta;scrum;87.1
J0085;Chandra Handayani;Jakarta;sql;82.1
J0085;Chandra Handayani;Jakarta;statistika/probabilitas;74.4
J0085;Chandra Handayani;Jakarta;switching;73.3
J0085;Chandra Handayani;Jakarta;tcp/ip;70.9
J0085;Chandra Handayani;Jakarta;uml (unified modeling language);51.7
J0085;Chandra Handayani;Jakarta;vulnerability assessment;93.7
J0086;Farhan Anggraini;Jakarta;agile;55.1
J0086;Farhan Anggraini;Jakarta;algorithm design;92.7
J0086;Farhan Anggraini;Jakarta;api;84.9
J0086;Farhan Anggraini;Jakarta;basic programming;92.7
J0086;Farhan Anggraini;Jakarta;basis data / database;68.5
J0086;Farhan Anggraini;Jakarta;cloud computing;75.4
J0086;Farhan Anggraini;Jakarta;cobit;82.5
J0086;Farhan Anggraini;Jakarta;data mining;88.6
J0086;Farhan Anggraini;Jakarta;data warehouse;80.8
J0086;Farhan Anggraini;Jakarta;decision tree;76.9
J0086;Farhan Anggraini;Jakarta;erd (entity relationship diagram);87.9
J0086;Farhan Anggraini;Jakarta;erp (enterprise resource planning);94.4
J0086;Farhan Anggraini;Jakarta;etl (extract transform load);83.5
J0086;Farhan Anggraini;Jakarta;firewall;86.2
J0086;Farhan Anggraini;Jakarta;flowchart;65.7
J0086;Farhan Anggraini;Jakarta;graphql;62.1
J0086;Farhan Anggraini;Jakarta;html;98.7
J0086;Farhan Anggraini;Jakarta;information systems;98.4
J0086;Farhan Anggraini;Jakarta;jaringan komputer;92.1
J0086;Farhan Anggraini;Jakarta;klasifikasi (data);96.1
J0086;Farhan Anggraini;Jakarta;kpi (key performance indicator);90.2
J0086;Farhan Anggraini;Jakarta;kriptografi;80.2
J0086;Farhan Anggraini;Jakarta;linux;94.8
J0086;Farhan Anggraini;Jakarta;machine learning;64.2
J0086;Farhan Anggraini;Jakarta;microsoft excel;60.3
J0086;Farhan Anggraini;Jakarta;neural network;62.6
J0086;Farhan Anggraini;Jakarta;oop (object oriented programming);60.0
J0086;Farhan Anggraini;Jakarta;osi layer;69.2
J0086;Farhan Anggraini;Jakarta;otorisasi;96.8
J0086;Farhan Anggraini;Jakarta;php;62.4
J0086;Farhan Anggraini;Jakarta;prototyping;86.9
J0086;Farhan Anggraini;Jakarta;pseudocode;56.7
J0086;Farhan Anggraini;Jakarta;python;64.4
J0086;Farhan Anggraini;Jakarta;regresi;63.5
J0086;Farhan Anggraini;Jakarta;routing;71.5
J0086;Farhan Anggraini;Jakarta;sap;68.8
J0086;Farhan Anggraini;Jakarta;scm (supply chain management);84.5
J0086;Farhan Anggraini;Jakarta;scrum;66.7
J0086;Farhan Anggraini;Jakarta;sql;52.1
J0086;Farhan Anggraini;Jakarta;statistika/probabilitas;97.9
J0086;Farhan Anggraini;Jakarta;switching;94.9
J0086;Farhan Anggraini;Jakarta;tcp/ip;61.0
J0086;Farhan Anggraini;Jakarta;uml (unified modeling language);68.6
J0086;Farhan Anggraini;Jakarta;vulnerability assessment;59.0
J0087;Indra Permata;Jakarta;agile;73.8
J0087;Indra Permata;Jakarta;algorithm design;94.5
J0087;Indra Permata;Jakarta;basic programming;94.5
J0087;Indra Permata;Jakarta;basis data / database;96.3
J0087;Indra Permata;Jakarta;cloud computing;86.5
J0087;Indra Permata;Jakarta;cobit;81.3
J0087;Indra Permata;Jakarta;data mining;65.6
J0087;Indra Permata;Jakarta;data warehouse;51.2
J0087;Indra Permata;Jakarta;decision tree;63.2
J0087;Indra Permata;Jakarta;design thinking;70.2
J0087;Indra Permata;Jakarta;erd (entity relationship diagram);79.7
J0087;Indra Permata;Jakarta;erp (enterprise resource planning);76.8
J0087;Indra Permata;Jakarta;etl (extract transform load);76.6
J0087;Indra Permata;Jakarta;firewall;78.3
J0087;Indra Permata;Jakarta;flowchart;90.8
J0087;Indra Permata;Jakarta;graphql;52.5
J0087;Indra Permata;Jakarta;html;97.9
J0087;Indra Permata;Jakarta;information systems;99.3
J0087;Indra Permata;Jakarta;jaringan komputer;53.4
J0087;Indra Permata;Jakarta;klasifikasi (data);96.2
J0087;Indra Permata;Jakarta;kpi (key performance indicator);91.5
J0087;Indra Permata;Jakarta;kriptografi;94.2
J0087;Indra Permata;Jakarta;linux;91.7
J0087;Indra Permata;Jakarta;machine learning;69.3
J0087;Indra Permata;Jakarta;microsoft excel;95.6
J0087;Indra Permata;Jakarta;mysql;62.0
J0087;Indra Permata;Jakarta;neural network;72.0
J0087;Indra Permata;Jakarta;nosql;71.6
J0087;Indra Permata;Jakarta;oop (object oriented programming);74.6
J0087;Indra Permata;Jakarta;osi layer;61.1
J0087;Indra Permata;Jakarta;otorisasi;75.4
J0087;Indra Permata;Jakarta;php;84.1
J0087;Indra Permata;Jakarta;prototyping;92.2
J0087;Indra Permata;Jakarta;pseudocode;76.8
J0087;Indra Permata;Jakarta;python;60.0
J0087;Indra Permata;Jakarta;regresi;78.0
J0087;Indra Permata;Jakarta;rest api;52.2
J0087;Indra Permata;Jakarta;routing;90.0
J0087;Indra Permata;Jakarta;sap;78.8
J0087;Indra Permata;Jakarta;scm (supply chain management);86.3
J0087;Indra Permata;Jakarta;scrum;65.2
J0087;Indra Permata;Jakarta;sql;95.8
J0087;Indra Permata;Jakarta;statistika/probabilitas;99.7
J0087;Indra Permata;Jakarta;switching;50.8
J0087;Indra Permata;Jakarta;tcp/ip;82.7
J0087;Indra Permata;Jakarta;uml (unified modeling language);75.1
J0087;Indra Permata;Jakarta;vulnerability assessment;78.8
J0088;Sari Kurniawan;Jakarta;agile;99.6
J0088;Sari Kurniawan;Jakarta;algorithm design;87.9
J0088;Sari Kurniawan;Jakarta;api;55.5
J0088;Sari Kurniawan;Jakarta;basic programming;87.9
J0088;Sari Kurniawan;Jakarta;basis data / database;94.2
J0088;Sari Kurniawan;Jakarta;cloud computing;95.6
J0088;Sari Kurniawan;Jakarta;cobit;90.5
J0088;Sari Kurniawan;Jakarta;data mining;74.4
J0088;Sari Kurniawan;Jakarta;data warehouse;92.9
J0088;Sari Kurniawan;Jakarta;decision tree;51.8
J0088;Sari Kurniawan;Jakarta;design thinking;66.6
J0088;Sari Kurniawan;Jakarta;erd (entity relationship diagram);89.4
J0088;Sari Kurniawan;Jakarta;erp (enterprise resource planning);87.8
J0088;Sari Kurniawan;Jakarta;etl (extract transform load);71.4
J0088;Sari Kurniawan;Jakarta;firewall;91.0
J0088;Sari Kurniawan;Jakarta;flowchart;70.5
J0088;Sari Kurniawan;Jakarta;git;69.6
J0088;Sari Kurniawan;Jakarta;html;88.7
J0088;Sari Kurniawan;Jakarta;information systems;98.3
J0088;Sari Kurniawan;Jakarta;jaringan komputer;61.0
J0088;Sari Kurniawan;Jakarta;klasifikasi (data);96.8
J0088;Sari Kurniawan;Jakarta;kpi (key performance indicator);90.3
J0088;Sari Kurniawan;Jakarta;kriptografi;80.8
J0088;Sari Kurniawan;Jakarta;linux;95.5
J0088;Sari Kurniawan;Jakarta;machine learning;80.4
J0088;Sari Kurniawan;Jakarta;microsoft excel;97.2
J0088;Sari Kurniawan;Jakarta;mysql;67.4
J0088;Sari Kurniawan;Jakarta;neural network;65.0
J0088;Sari Kurniawan;Jakarta;oop (object oriented programming);92.2
J0088;Sari Kurniawan;Jakarta;osi layer;53.1
J0088;Sari Kurniawan;Jakarta;otorisasi;95.5
J0088;Sari Kurniawan;Jakarta;php;96.4
J0088;Sari Kurniawan;Jakarta;prototyping;76.5
J0088;Sari Kurniawan;Jakarta;python;87.4
J0088;Sari Kurniawan;Jakarta;regresi;57.7
J0088;Sari Kurniawan;Jakarta;rest api;71.2
J0088;Sari Kurniawan;Jakarta;routing;93.6
J0088;Sari Kurniawan;Jakarta;scm (supply chain management);56.6
J0088;Sari Kurniawan;Jakarta;sql;79.3
J0088;Sari Kurniawan;Jakarta;statistika/probabilitas;87.7
J0088;Sari Kurniawan;Jakarta;switching;87.0
J0088;Sari Kurniawan;Jakarta;tcp/ip;84.9
J0088;Sari Kurniawan;Jakarta;uml (unified modeling language);88.0
J0088;Sari Kurniawan;Jakarta;vulnerability assessment;68.9
J0089;Gita Utami;Jakarta;agile;74.2
J0089;Gita Utami;Jakarta;algorithm design;91.0
J0089;Gita Utami;Jakarta;basic programming;91.0
J0089;Gita Utami;Jakarta;basis data / database;94.4
J0089;Gita Utami;Jakarta;cloud computing;84.5
J0089;Gita Utami;Jakarta;cobit;92.7
J0089;Gita Utami;Jakarta;data mining;82.9
J0089;Gita Utami;Jakarta;data warehouse;80.2
J0089;Gita Utami;Jakarta;decision tree;96.6
J0089;Gita Utami;Jakarta;design thinking;87.9
J0089;Gita Utami;Jakarta;erd (entity relationship diagram);63.1
J0089;Gita Utami;Jakarta;erp (enterprise resource planning);74.3
J0089;Gita Utami;Jakarta;etl (extract transform load);88.8
J0089;Gita Utami;Jakarta;firewall;99.2
J0089;Gita Utami;Jakarta;flowchart;80.2
J0089;Gita Utami;Jakarta;graphql;94.5
J0089;Gita Utami;Jakarta;html;72.5
J0089;Gita Utami;Jakarta;information systems;96.8
J0089;Gita Utami;Jakarta;jaringan komputer;82.9
J0089;Gita Utami;Jakarta;klasifikasi (data);94.9
J0089;Gita Utami;Jakarta;kpi (key performance indicator);89.0
J0089;Gita Utami;Jakarta;kriptografi;95.5
J0089;Gita Utami;Jakarta;linux;64.1
J0089;Gita Utami;Jakarta;machine learning;61.6
J0089;Gita Utami;Jakarta;microsoft excel;76.9
J0089;Gita Utami;Jakarta;mysql;97.2
J0089;Gita Utami;Jakarta;neural network;68.2
J0089;Gita Utami;Jakarta;oop (object oriented programming);75.7
J0089;Gita Utami;Jakarta;osi layer;80.8
J0089;Gita Utami;Jakarta;otorisasi;88.8
J0089;Gita Utami;Jakarta;php;66.1
J0089;Gita Utami;Jakarta;prototyping;87.5
J0089;Gita Utami;Jakarta;python;89.0
J0089;Gita Utami;Jakarta;regresi;95.8
J0089;Gita Utami;Jakarta;rest api;69.3
J0089;Gita Utami;Jakarta;routing;94.9
J0089;Gita Utami;Jakarta;sap;71.4
J0089;Gita Utami;Jakarta;scm (supply chain management);97.6
J0089;Gita Utami;Jakarta;scrum;92.0
J0089;Gita Utami;Jakarta;sql;69.6
J0089;Gita Utami;Jakarta;statistika/probabilitas;87.2
J0089;Gita Utami;Jakarta;switching;96.6
J0089;Gita Utami;Jakarta;tcp/ip;53.9
J0089;Gita Utami;Jakarta;uml (unified modeling language);86.2
J0089;Gita Utami;Jakarta;vulnerability assessment;92.5
J0090;Putri Pratama;Jakarta;agile;56.4
J0090;Putri Pratama;Jakarta;algorithm design;74.0
J0090;Putri Pratama;Jakarta;api;57.4
J0090;Putri Pratama;Jakarta;basic programming;74.0
J0090;Putri Pratama;Jakarta;basis data / database;99.9
J0090;Putri Pratama;Jakarta;cloud computing;64.2
J0090;Putri Pratama;Jakarta;cobit;67.3
J0090;Putri Pratama;Jakarta;data mining;95.0
J0090;Putri Pratama;Jakarta;data warehouse;60.5
J0090;Putri Pratama;Jakarta;design thinking;61.0
J0090;Putri Pratama;Jakarta;erd (entity relationship diagram);77.7
J0090;Putri Pratama;Jakarta;erp (enterprise resource planning);82.0
J0090;Putri Pratama;Jakarta;etl (extract transform load);91.0
J0090;Putri Pratama;Jakarta;flowchart;95.3
J0090;Putri Pratama;Jakarta;git;58.7
J0090;Putri Pratama;Jakarta;graphql;50.8
J0090;Putri Pratama;Jakarta;html;78.9
J0090;Putri Pratama;Jakarta;information systems;95.9
J0090;Putri Pratama;Jakarta;jaringan komputer;80.4
J0090;Putri Pratama;Jakarta;klasifikasi (data);72.8
J0090;Putri Pratama;Jakarta;kpi (key performance indicator);69.9
J0090;Putri Pratama;Jakarta;kriptografi;71.5
J0090;Putri Pratama;Jakarta;linux;94.5
J0090;Putri Pratama;Jakarta;machine learning;62.2
J0090;Putri Pratama;Jakarta;microsoft excel;98.7
J0090;Putri Pratama;Jakarta;neural network;82.8
J0090;Putri Pratama;Jakarta;nosql;50.7
J0090;Putri Pratama;Jakarta;oop (object oriented programming);81.3
J0090;Putri Pratama;Jakarta;osi layer;68.9
J0090;Putri Pratama;Jakarta;otorisasi;63.9
J0090;Putri Pratama;Jakarta;php;88.6
J0090;Putri Pratama;Jakarta;prototyping;99.1
J0090;Putri Pratama;Jakarta;pseudocode;76.9
J0090;Putri Pratama;Jakarta;python;86.7
J0090;Putri Pratama;Jakarta;routing;89.9
J0090;Putri Pratama;Jakarta;sap;90.9
J0090;Putri Pratama;Jakarta;scm (supply chain management);100.0
J0090;Putri Pratama;Jakarta;scrum;76.6
J0090;Putri Pratama;Jakarta;sql;57.7
J0090;Putri Pratama;Jakarta;statistika/probabilitas;80.2
J0090;Putri Pratama;Jakarta;switching;77.0
J0090;Putri Pratama;Jakarta;tcp/ip;55.5
J0090;Putri Pratama;Jakarta;uml (unified modeling language);95.5
J0090;Putri Pratama;Jakarta;vulnerability assessment;85.4
J0091;Yusuf Puspita;Jakarta;agile;54.8
J0091;Yusuf Puspita;Jakarta;algorithm design;93.0
J0091;Yusuf Puspita;Jakarta;api;87.0
J0091;Yusuf Puspita;Jakarta;basic programming;93.0
J0091;Yusuf Puspita;Jakarta;basis data / database;95.0
J0091;Yusuf Puspita;Jakarta;cloud computing;63.3
J0091;Yusuf Puspita;Jakarta;cobit;91.8
J0091;Yusuf Puspita;Jakarta;data mining;83.1
J0091;Yusuf Puspita;Jakarta;data warehouse;57.3
J0091;Yusuf Puspita;Jakarta;decision tree;94.0
J0091;Yusuf Puspita;Jakarta;design thinking;91.4
J0091;Yusuf Puspita;Jakarta;erd (entity relationship diagram);77.2
J0091;Yusuf Puspita;Jakarta;erp (enterprise resource planning);97.7
J0091;Yusuf Puspita;Jakarta;etl (extract transform load);68.3
J0091;Yusuf Puspita;Jakarta;firewall;97.5
J0091;Yusuf Puspita;Jakarta;flowchart;92.7
J0091;Yusuf Puspita;Jakarta;git;82.1
J0091;Yusuf Puspita;Jakarta;graphql;96.7
J0091;Yusuf Puspita;Jakarta;html;80.1
J0091;Yusuf Puspita;Jakarta;information systems;99.8
J0091;Yusuf Puspita;Jakarta;jaringan komputer;53.9
J0091;Yusuf Puspita;Jakarta;klasifikasi (data);95.1
J0091;Yusuf Puspita;Jakarta;kpi (key performance indicator);86.0
J0091;Yusuf Puspita;Jakarta;kriptografi;83.6
J0091;Yusuf Puspita;Jakarta;linux;70.6
J0091;Yusuf Puspita;Jakarta;machine learning;88.2
J0091;Yusuf Puspita;Jakarta;microsoft excel;96.8
J0091;Yusuf Puspita;Jakarta;mysql;78.2
J0091;Yusuf Puspita;Jakarta;neural network;67.4
J0091;Yusuf Puspita;Jakarta;nosql;78.1
J0091;Yusuf Puspita;Jakarta;oop (object oriented programming);82.0
J0091;Yusuf Puspita;Jakarta;otorisasi;88.4
J0091;Yusuf Puspita;Jakarta;php;97.2
J0091;Yusuf Puspita;Jakarta;prototyping;93.4
J0091;Yusuf Puspita;Jakarta;pseudocode;76.0
J0091;Yusuf Puspita;Jakarta;python;95.6
J0091;Yusuf Puspita;Jakarta;regresi;87.5
J0091;Yusuf Puspita;Jakarta;rest api;83.2
J0091;Yusuf Puspita;Jakarta;routing;80.9
J0091;Yusuf Puspita;Jakarta;sap;78.9
J0091;Yusuf Puspita;Jakarta;scm (supply chain management);97.2
J0091;Yusuf Puspita;Jakarta;scrum;81.1
J0091;Yusuf Puspita;Jakarta;sql;70.3
J0091;Yusuf Puspita;Jakarta;statistika/probabilitas;82.6
J0091;Yusuf Puspita;Jakarta;switching;93.7
J0091;Yusuf Puspita;Jakarta;tcp/ip;75.9
J0091;Yusuf Puspita;Jakarta;uml (unified modeling language);82.9
J0091;Yusuf Puspita;Jakarta;vulnerability assessment;95.3
J0092;Joko Santoso;Jakarta;agile;94.2
J0092;Joko Santoso;Jakarta;algorithm design;93.8
J0092;Joko Santoso;Jakarta;basic programming;93.8
J0092;Joko Santoso;Jakarta;basis data / database;91.4
J0092;Joko Santoso;Jakarta;cloud computing;88.6
J0092;Joko Santoso;Jakarta;cobit;97.1
J0092;Joko Santoso;Jakarta;data mining;87.9
J0092;Joko Santoso;Jakarta;data warehouse;70.2
J0092;Joko Santoso;Jakarta;decision tree;80.8
J0092;Joko Santoso;Jakarta;design thinking;63.8
J0092;Joko Santoso;Jakarta;erp (enterprise resource planning);82.2
J0092;Joko Santoso;Jakarta;etl (extract transform load);66.0
J0092;Joko Santoso;Jakarta;firewall;88.6
J0092;Joko Santoso;Jakarta;flowchart;72.0
J0092;Joko Santoso;Jakarta;git;84.8
J0092;Joko Santoso;Jakarta;html;100.0
J0092;Joko Santoso;Jakarta;information systems;98.3
J0092;Joko Santoso;Jakarta;jaringan komputer;52.3
J0092;Joko Santoso;Jakarta;klasifikasi (data);79.0
J0092;Joko Santoso;Jakarta;kpi (key performance indicator);88.6
J0092;Joko Santoso;Jakarta;kriptografi;82.3
J0092;Joko Santoso;Jakarta;linux;88.9
J0092;Joko Santoso;Jakarta;machine learning;90.1
J0092;Joko Santoso;Jakarta;microsoft excel;83.9
J0092;Joko Santoso;Jakarta;mysql;56.5
J0092;Joko Santoso;Jakarta;neural network;86.1
J0092;Joko Santoso;Jakarta;nosql;63.2
J0092;Joko Santoso;Jakarta;oop (object oriented programming);69.9
J0092;Joko Santoso;Jakarta;osi layer;94.2
J0092;Joko Santoso;Jakarta;otorisasi;78.6
J0092;Joko Santoso;Jakarta;php;94.9
J0092;Joko Santoso;Jakarta;prototyping;79.0
J0092;Joko Santoso;Jakarta;pseudocode;51.4
J0092;Joko Santoso;Jakarta;python;69.5
J0092;Joko Santoso;Jakarta;regresi;53.0
J0092;Joko Santoso;Jakarta;rest api;61.9
J0092;Joko Santoso;Jakarta;routing;72.1
J0092;Joko Santoso;Jakarta;sap;79.2
J0092;Joko Santoso;Jakarta;scm (supply chain management);67.3
J0092;Joko Santoso;Jakarta;scrum;57.5
J0092;Joko Santoso;Jakarta;statistika/probabilitas;88.4
J0092;Joko Santoso;Jakarta;switching;99.4
J0092;Joko Santoso;Jakarta;tcp/ip;83.6
J0092;Joko Santoso;Jakarta;uml (unified modeling language);90.8
J0092;Joko Santoso;Jakarta;vulnerability assessment;72.9
J0093;Citra Nugroho;Jakarta;agile;75.7
J0093;Citra Nugroho;Jakarta;algorithm design;96.0
J0093;Citra Nugroho;Jakarta;api;62.8
J0093;Citra Nugroho;Jakarta;basic programming;96.0
J0093;Citra Nugroho;Jakarta;basis data / database;99.7
J0093;Citra Nugroho;Jakarta;cloud computing;70.6
J0093;Citra Nugroho;Jakarta;cobit;91.7
J0093;Citra Nugroho;Jakarta;data mining;92.8
J0093;Citra Nugroho;Jakarta;data warehouse;79.5
J0093;Citra Nugroho;Jakarta;decision tree;96.0
J0093;Citra Nugroho;Jakarta;design thinking;90.6
J0093;Citra Nugroho;Jakarta;erd (entity relationship diagram);88.7
J0093;Citra Nugroho;Jakarta;erp (enterprise resource planning);88.2
J0093;Citra Nugroho;Jakarta;etl (extract transform load);77.0
J0093;Citra Nugroho;Jakarta;firewall;72.3
J0093;Citra Nugroho;Jakarta;flowchart;79.2
J0093;Citra Nugroho;Jakarta;git;59.2
J0093;Citra Nugroho;Jakarta;graphql;70.7
J0093;Citra Nugroho;Jakarta;html;54.6
J0093;Citra Nugroho;Jakarta;information systems;99.1
J0093;Citra Nugroho;Jakarta;jaringan komputer;51.4
J0093;Citra Nugroho;Jakarta;klasifikasi (data);97.3
J0093;Citra Nugroho;Jakarta;kpi (key performance indicator);63.8
J0093;Citra Nugroho;Jakarta;kriptografi;83.9
J0093;Citra Nugroho;Jakarta;linux;76.8
J0093;Citra Nugroho;Jakarta;machine learning;97.0
J0093;Citra Nugroho;Jakarta;mysql;90.0
J0093;Citra Nugroho;Jakarta;neural network;50.5
J0093;Citra Nugroho;Jakarta;nosql;57.8
J0093;Citra Nugroho;Jakarta;oop (object oriented programming);71.0
J0093;Citra Nugroho;Jakarta;osi layer;61.5
J0093;Citra Nugroho;Jakarta;otorisasi;78.1
J0093;Citra Nugroho;Jakarta;php;98.6
J0093;Citra Nugroho;Jakarta;prototyping;78.3
J0093;Citra Nugroho;Jakarta;pseudocode;74.0
J0093;Citra Nugroho;Jakarta;regresi;83.1
J0093;Citra Nugroho;Jakarta;rest api;62.1
J0093;Citra Nugroho;Jakarta;routing;78.8
J0093;Citra Nugroho;Jakarta;sap;99.8
J0093;Citra Nugroho;Jakarta;scm (supply chain management);51.9
J0093;Citra Nugroho;Jakarta;scrum;66.1
J0093;Citra Nugroho;Jakarta;statistika/probabilitas;86.1
J0093;Citra Nugroho;Jakarta;tcp/ip;98.3
J0093;Citra Nugroho;Jakarta;uml (unified modeling language);94.2
J0093;Citra Nugroho;Jakarta;vulnerability assessment;65.4
J0094;Yusuf Nugroho;Jakarta;agile;91.3
J0094;Yusuf Nugroho;Jakarta;algorithm design;87.5
J0094;Yusuf Nugroho;Jakarta;api;89.5
J0094;Yusuf Nugroho;Jakarta;basic programming;87.5
J0094;Yusuf Nugroho;Jakarta;basis data / database;93.3
J0094;Yusuf Nugroho;Jakarta;cloud computing;63.4
J0094;Yusuf Nugroho;Jakarta;cobit;93.0
J0094;Yusuf Nugroho;Jakarta;data mining;80.2
J0094;Yusuf Nugroho;Jakarta;data warehouse;85.7
J0094;Yusuf Nugroho;Jakarta;decision tree;80.5
J0094;Yusuf Nugroho;Jakarta;design thinking;60.2
J0094;Yusuf Nugroho;Jakarta;erp (enterprise resource planning);91.7
J0094;Yusuf Nugroho;Jakarta;etl (extract transform load);85.2
J0094;Yusuf Nugroho;Jakarta;firewall;87.9
J0094;Yusuf Nugroho;Jakarta;flowchart;62.1
J0094;Yusuf Nugroho;Jakarta;git;80.8
J0094;Yusuf Nugroho;Jakarta;graphql;65.2
J0094;Yusuf Nugroho;Jakarta;html;95.8
J0094;Yusuf Nugroho;Jakarta;information systems;97.2
J0094;Yusuf Nugroho;Jakarta;jaringan komputer;92.1
J0094;Yusuf Nugroho;Jakarta;klasifikasi (data);99.0
J0094;Yusuf Nugroho;Jakarta;kpi (key performance indicator);51.2
J0094;Yusuf Nugroho;Jakarta;kriptografi;85.6
J0094;Yusuf Nugroho;Jakarta;linux;94.1
J0094;Yusuf Nugroho;Jakarta;machine learning;99.7
J0094;Yusuf Nugroho;Jakarta;microsoft excel;75.1
J0094;Yusuf Nugroho;Jakarta;nosql;56.1
J0094;Yusuf Nugroho;Jakarta;oop (object oriented programming);80.3
J0094;Yusuf Nugroho;Jakarta;osi layer;76.8
J0094;Yusuf Nugroho;Jakarta;otorisasi;78.8
J0094;Yusuf Nugroho;Jakarta;php;88.4
J0094;Yusuf Nugroho;Jakarta;prototyping;84.1
J0094;Yusuf Nugroho;Jakarta;pseudocode;83.5
J0094;Yusuf Nugroho;Jakarta;python;78.6
J0094;Yusuf Nugroho;Jakarta;regresi;75.0
J0094;Yusuf Nugroho;Jakarta;routing;84.9
J0094;Yusuf Nugroho;Jakarta;sap;89.3
J0094;Yusuf Nugroho;Jakarta;scm (supply chain management);73.0
J0094;Yusuf Nugroho;Jakarta;scrum;58.5
J0094;Yusuf Nugroho;Jakarta;statistika/probabilitas;98.1
J0094;Yusuf Nugroho;Jakarta;switching;96.2
J0094;Yusuf Nugroho;Jakarta;tcp/ip;67.9
J0094;Yusuf Nugroho;Jakarta;uml (unified modeling language);99.1
J0094;Yusuf Nugroho;Jakarta;vulnerability assessment;71.0
J0095;Putri Kusuma;Jakarta;agile;93.3
J0095;Putri Kusuma;Jakarta;algorithm design;69.2
J0095;Putri Kusuma;Jakarta;api;79.5
J0095;Putri Kusuma;Jakarta;basic programming;69.2
J0095;Putri Kusuma;Jakarta;basis data / database;99.8
J0095;Putri Kusuma;Jakarta;cloud computing;91.7
J0095;Putri Kusuma;Jakarta;cobit;92.4
J0095;Putri Kusuma;Jakarta;data mining;97.3
J0095;Putri Kusuma;Jakarta;data warehouse;64.5
J0095;Putri Kusuma;Jakarta;decision tree;63.0
J0095;Putri Kusuma;Jakarta;design thinking;54.9
J0095;Putri Kusuma;Jakarta;erd (entity relationship diagram);59.6
J0095;Putri Kusuma;Jakarta;erp (enterprise resource planning);73.1
J0095;Putri Kusuma;Jakarta;flowchart;89.9
J0095;Putri Kusuma;Jakarta;git;82.6
J0095;Putri Kusuma;Jakarta;graphql;93.5
J0095;Putri Kusuma;Jakarta;html;76.1
J0095;Putri Kusuma;Jakarta;information systems;98.9
J0095;Putri Kusuma;Jakarta;jaringan komputer;92.6
J0095;Putri Kusuma;Jakarta;klasifikasi (data);79.7
J0095;Putri Kusuma;Jakarta;kpi (key performance indicator);74.3
J0095;Putri Kusuma;Jakarta;kriptografi;93.6
J0095;Putri Kusuma;Jakarta;linux;75.5
J0095;Putri Kusuma;Jakarta;machine learning;88.8
J0095;Putri Kusuma;Jakarta;microsoft excel;51.9
J0095;Putri Kusuma;Jakarta;mysql;85.4
J0095;Putri Kusuma;Jakarta;neural network;74.5
J0095;Putri Kusuma;Jakarta;oop (object oriented programming);78.4
J0095;Putri Kusuma;Jakarta;osi layer;84.4
J0095;Putri Kusuma;Jakarta;otorisasi;89.2
J0095;Putri Kusuma;Jakarta;php;78.0
J0095;Putri Kusuma;Jakarta;prototyping;94.5
J0095;Putri Kusuma;Jakarta;pseudocode;66.4
J0095;Putri Kusuma;Jakarta;python;93.8
J0095;Putri Kusuma;Jakarta;routing;98.6
J0095;Putri Kusuma;Jakarta;scm (supply chain management);85.7
J0095;Putri Kusuma;Jakarta;scrum;67.6
J0095;Putri Kusuma;Jakarta;sql;93.5
J0095;Putri Kusuma;Jakarta;statistika/probabilitas;95.8
J0095;Putri Kusuma;Jakarta;switching;61.2
J0095;Putri Kusuma;Jakarta;tcp/ip;77.1
J0095;Putri Kusuma;Jakarta;uml (unified modeling language);100.0
J0095;Putri Kusuma;Jakarta;vulnerability assessment;89.4
J0096;Joko Handayani;Jakarta;agile;50.8
J0096;Joko Handayani;Jakarta;algorithm design;96.8
J0096;Joko Handayani;Jakarta;api;91.9
J0096;Joko Handayani;Jakarta;basic programming;96.8
J0096;Joko Handayani;Jakarta;basis data / database;86.6
J0096;Joko Handayani;Jakarta;cloud computing;85.1
J0096;Joko Handayani;Jakarta;cobit;95.5
J0096;Joko Handayani;Jakarta;data mining;88.2
J0096;Joko Handayani;Jakarta;data warehouse;54.3
J0096;Joko Handayani;Jakarta;decision tree;85.0
J0096;Joko Handayani;Jakarta;design thinking;85.3
J0096;Joko Handayani;Jakarta;erp (enterprise resource planning);89.6
J0096;Joko Handayani;Jakarta;etl (extract transform load);74.8
J0096;Joko Handayani;Jakarta;firewall;84.2
J0096;Joko Handayani;Jakarta;flowchart;77.4
J0096;Joko Handayani;Jakarta;git;61.0
J0096;Joko Handayani;Jakarta;html;51.5
J0096;Joko Handayani;Jakarta;information systems;97.9
J0096;Joko Handayani;Jakarta;jaringan komputer;55.2
J0096;Joko Handayani;Jakarta;klasifikasi (data);78.3
J0096;Joko Handayani;Jakarta;kpi (key performance indicator);70.2
J0096;Joko Handayani;Jakarta;kriptografi;84.6
J0096;Joko Handayani;Jakarta;linux;93.6
J0096;Joko Handayani;Jakarta;machine learning;96.3
J0096;Joko Handayani;Jakarta;microsoft excel;67.6
J0096;Joko Handayani;Jakarta;mysql;77.3
J0096;Joko Handayani;Jakarta;neural network;53.8
J0096;Joko Handayani;Jakarta;nosql;59.9
J0096;Joko Handayani;Jakarta;oop (object oriented programming);82.0
J0096;Joko Handayani;Jakarta;otorisasi;95.8
J0096;Joko Handayani;Jakarta;php;96.1
J0096;Joko Handayani;Jakarta;prototyping;93.8
J0096;Joko Handayani;Jakarta;pseudocode;53.7
J0096;Joko Handayani;Jakarta;python;81.9
J0096;Joko Handayani;Jakarta;regresi;81.3
J0096;Joko Handayani;Jakarta;rest api;55.4
J0096;Joko Handayani;Jakarta;routing;76.7
J0096;Joko Handayani;Jakarta;scm (supply chain management);84.9
J0096;Joko Handayani;Jakarta;scrum;81.4
J0096;Joko Handayani;Jakarta;sql;77.6
J0096;Joko Handayani;Jakarta;statistika/probabilitas;84.3
J0096;Joko Handayani;Jakarta;switching;99.6
J0096;Joko Handayani;Jakarta;tcp/ip;95.2
J0096;Joko Handayani;Jakarta;uml (unified modeling language);68.9
J0096;Joko Handayani;Jakarta;vulnerability assessment;98.8
J0097;Fitri Syahputra;Jakarta;agile;68.9
J0097;Fitri Syahputra;Jakarta;algorithm design;82.2
J0097;Fitri Syahputra;Jakarta;api;51.6
J0097;Fitri Syahputra;Jakarta;basic programming;82.2
J0097;Fitri Syahputra;Jakarta;basis data / database;96.2
J0097;Fitri Syahputra;Jakarta;cloud computing;98.5
J0097;Fitri Syahputra;Jakarta;cobit;66.7
J0097;Fitri Syahputra;Jakarta;data mining;95.2
J0097;Fitri Syahputra;Jakarta;data warehouse;66.9
J0097;Fitri Syahputra;Jakarta;decision tree;87.5
J0097;Fitri Syahputra;Jakarta;design thinking;82.4
J0097;Fitri Syahputra;Jakarta;erp (enterprise resource planning);88.9
J0097;Fitri Syahputra;Jakarta;etl (extract transform load);75.8
J0097;Fitri Syahputra;Jakarta;git;94.5
J0097;Fitri Syahputra;Jakarta;graphql;50.6
J0097;Fitri Syahputra;Jakarta;information systems;95.0
J0097;Fitri Syahputra;Jakarta;klasifikasi (data);65.1
J0097;Fitri Syahputra;Jakarta;kpi (key performance indicator);77.3
J0097;Fitri Syahputra;Jakarta;kriptografi;85.0
J0097;Fitri Syahputra;Jakarta;linux;73.4
J0097;Fitri Syahputra;Jakarta;machine learning;80.5
J0097;Fitri Syahputra;Jakarta;microsoft excel;53.2
J0097;Fitri Syahputra;Jakarta;neural network;50.1
J0097;Fitri Syahputra;Jakarta;nosql;94.0
J0097;Fitri Syahputra;Jakarta;oop (object oriented programming);68.0
J0097;Fitri Syahputra;Jakarta;osi layer;94.6
J0097;Fitri Syahputra;Jakarta;otorisasi;69.6
J0097;Fitri Syahputra;Jakarta;php;90.8
J0097;Fitri Syahputra;Jakarta;prototyping;88.6
J0097;Fitri Syahputra;Jakarta;pseudocode;95.8
J0097;Fitri Syahputra;Jakarta;python;65.3
J0097;Fitri Syahputra;Jakarta;regresi;87.8
J0097;Fitri Syahputra;Jakarta;routing;98.7
J0097;Fitri Syahputra;Jakarta;sap;94.9
J0097;Fitri Syahputra;Jakarta;scm (supply chain management);98.2
J0097;Fitri Syahputra;Jakarta;scrum;71.7
J0097;Fitri Syahputra;Jakarta;sql;83.3
J0097;Fitri Syahputra;Jakarta;statistika/probabilitas;96.8
J0097;Fitri Syahputra;Jakarta;switching;74.7
J0097;Fitri Syahputra;Jakarta;tcp/ip;61.9
J0097;Fitri Syahputra;Jakarta;uml (unified modeling language);91.9
J0097;Fitri Syahputra;Jakarta;vulnerability assessment;80.5
J0098;Made Anggraini;Jakarta;agile;56.0
J0098;Made Anggraini;Jakarta;algorithm design;83.9
J0098;Made Anggraini;Jakarta;api;60.1
J0098;Made Anggraini;Jakarta;basic programming;83.9
J0098;Made Anggraini;Jakarta;basis data / database;81.7
J0098;Made Anggraini;Jakarta;cloud computing;94.2
J0098;Made Anggraini;Jakarta;cobit;96.2
J0098;Made Anggraini;Jakarta;data mining;85.3
J0098;Made Anggraini;Jakarta;data warehouse;83.7
J0098;Made Anggraini;Jakarta;decision tree;62.1
J0098;Made Anggraini;Jakarta;erd (entity relationship diagram);93.1
J0098;Made Anggraini;Jakarta;erp (enterprise resource planning);87.0
J0098;Made Anggraini;Jakarta;etl (extract transform load);61.8
J0098;Made Anggraini;Jakarta;flowchart;53.2
J0098;Made Anggraini;Jakarta;git;55.2
J0098;Made Anggraini;Jakarta;html;84.9
J0098;Made Anggraini;Jakarta;information systems;96.9
J0098;Made Anggraini;Jakarta;klasifikasi (data);58.4
J0098;Made Anggraini;Jakarta;kpi (key performance indicator);58.1
J0098;Made Anggraini;Jakarta;kriptografi;64.7
J0098;Made Anggraini;Jakarta;linux;71.1
J0098;Made Anggraini;Jakarta;machine learning;96.3
J0098;Made Anggraini;Jakarta;microsoft excel;62.8
J0098;Made Anggraini;Jakarta;mysql;85.7
J0098;Made Anggraini;Jakarta;neural network;64.0
J0098;Made Anggraini;Jakarta;nosql;62.8
J0098;Made Anggraini;Jakarta;oop (object oriented programming);72.1
J0098;Made Anggraini;Jakarta;osi layer;56.3
J0098;Made Anggraini;Jakarta;otorisasi;97.5
J0098;Made Anggraini;Jakarta;php;78.1
J0098;Made Anggraini;Jakarta;prototyping;75.8
J0098;Made Anggraini;Jakarta;pseudocode;92.2
J0098;Made Anggraini;Jakarta;python;96.7
J0098;Made Anggraini;Jakarta;regresi;80.8
J0098;Made Anggraini;Jakarta;rest api;63.5
J0098;Made Anggraini;Jakarta;routing;73.6
J0098;Made Anggraini;Jakarta;sap;92.8
J0098;Made Anggraini;Jakarta;scm (supply chain management);65.3
J0098;Made Anggraini;Jakarta;scrum;63.5
J0098;Made Anggraini;Jakarta;sql;53.1
J0098;Made Anggraini;Jakarta;statistika/probabilitas;80.6
J0098;Made Anggraini;Jakarta;switching;81.8
J0098;Made Anggraini;Jakarta;tcp/ip;80.3
J0098;Made Anggraini;Jakarta;uml (unified modeling language);67.8
J0098;Made Anggraini;Jakarta;vulnerability assessment;73.3
J0099;Made Santoso;Jakarta;agile;62.2
J0099;Made Santoso;Jakarta;algorithm design;87.6
J0099;Made Santoso;Jakarta;api;68.4
J0099;Made Santoso;Jakarta;basic programming;87.6
J0099;Made Santoso;Jakarta;basis data / database;78.4
J0099;Made Santoso;Jakarta;cloud computing;96.2
J0099;Made Santoso;Jakarta;cobit;99.2
J0099;Made Santoso;Jakarta;data mining;83.1
J0099;Made Santoso;Jakarta;decision tree;60.6
J0099;Made Santoso;Jakarta;design thinking;88.8
J0099;Made Santoso;Jakarta;erd (entity relationship diagram);72.7
J0099;Made Santoso;Jakarta;erp (enterprise resource planning);96.0
J0099;Made Santoso;Jakarta;etl (extract transform load);60.3
J0099;Made Santoso;Jakarta;flowchart;51.8
J0099;Made Santoso;Jakarta;git;99.4
J0099;Made Santoso;Jakarta;graphql;78.8
J0099;Made Santoso;Jakarta;html;86.5
J0099;Made Santoso;Jakarta;information systems;96.9
J0099;Made Santoso;Jakarta;jaringan komputer;82.5
J0099;Made Santoso;Jakarta;klasifikasi (data);92.7
J0099;Made Santoso;Jakarta;kpi (key performance indicator);96.7
J0099;Made Santoso;Jakarta;kriptografi;99.2
J0099;Made Santoso;Jakarta;linux;97.1
J0099;Made Santoso;Jakarta;machine learning;93.4
J0099;Made Santoso;Jakarta;microsoft excel;83.6
J0099;Made Santoso;Jakarta;neural network;81.2
J0099;Made Santoso;Jakarta;nosql;61.0
J0099;Made Santoso;Jakarta;oop (object oriented programming);51.4
J0099;Made Santoso;Jakarta;otorisasi;79.9
J0099;Made Santoso;Jakarta;php;96.4
J0099;Made Santoso;Jakarta;prototyping;91.1
J0099;Made Santoso;Jakarta;python;75.7
J0099;Made Santoso;Jakarta;regresi;90.7
J0099;Made Santoso;Jakarta;rest api;74.6
J0099;Made Santoso;Jakarta;routing;83.4
J0099;Made Santoso;Jakarta;sap;87.8
J0099;Made Santoso;Jakarta;scm (supply chain management);61.2
J0099;Made Santoso;Jakarta;scrum;95.5
J0099;Made Santoso;Jakarta;sql;51.0
J0099;Made Santoso;Jakarta;statistika/probabilitas;97.2
J0099;Made Santoso;Jakarta;switching;70.8
J0099;Made Santoso;Jakarta;tcp/ip;94.6
J0099;Made Santoso;Jakarta;uml (unified modeling language);82.5
J0099;Made Santoso;Jakarta;vulnerability assessment;76.7
J0100;Hesti Anggraini;Jakarta;agile;90.9
J0100;Hesti Anggraini;Jakarta;algorithm design;89.9
J0100;Hesti Anggraini;Jakarta;api;56.5
J0100;Hesti Anggraini;Jakarta;basic programming;89.9
J0100;Hesti Anggraini;Jakarta;basis data / database;95.4
J0100;Hesti Anggraini;Jakarta;cloud computing;66.4
J0100;Hesti Anggraini;Jakarta;cobit;86.1
J0100;Hesti Anggraini;Jakarta;data mining;95.6
J0100;Hesti Anggraini;Jakarta;data warehouse;99.0
J0100;Hesti Anggraini;Jakarta;design thinking;64.5
J0100;Hesti Anggraini;Jakarta;erd (entity relationship diagram);69.1
J0100;Hesti Anggraini;Jakarta;erp (enterprise resource planning);68.5
J0100;Hesti Anggraini;Jakarta;etl (extract transform load);75.5
J0100;Hesti Anggraini;Jakarta;firewall;74.4
J0100;Hesti Anggraini;Jakarta;git;70.5
J0100;Hesti Anggraini;Jakarta;graphql;61.4
J0100;Hesti Anggraini;Jakarta;html;79.0
J0100;Hesti Anggraini;Jakarta;information systems;99.3
J0100;Hesti Anggraini;Jakarta;jaringan komputer;57.2
J0100;Hesti Anggraini;Jakarta;klasifikasi (data);86.7
J0100;Hesti Anggraini;Jakarta;kpi (key performance indicator);66.7
J0100;Hesti Anggraini;Jakarta;kriptografi;83.5
J0100;Hesti Anggraini;Jakarta;linux;87.9
J0100;Hesti Anggraini;Jakarta;machine learning;81.8
J0100;Hesti Anggraini;Jakarta;microsoft excel;56.2
J0100;Hesti Anggraini;Jakarta;mysql;59.3
J0100;Hesti Anggraini;Jakarta;neural network;85.8
J0100;Hesti Anggraini;Jakarta;nosql;77.0
J0100;Hesti Anggraini;Jakarta;oop (object oriented programming);90.4
J0100;Hesti Anggraini;Jakarta;otorisasi;75.8
J0100;Hesti Anggraini;Jakarta;php;99.7
J0100;Hesti Anggraini;Jakarta;prototyping;92.5
J0100;Hesti Anggraini;Jakarta;pseudocode;63.2
J0100;Hesti Anggraini;Jakarta;python;87.7
J0100;Hesti Anggraini;Jakarta;regresi;87.7
J0100;Hesti Anggraini;Jakarta;rest api;74.7
J0100;Hesti Anggraini;Jakarta;routing;93.9
J0100;Hesti Anggraini;Jakarta;sap;52.4
J0100;Hesti Anggraini;Jakarta;scm (supply chain management);85.6
J0100;Hesti Anggraini;Jakarta;scrum;54.7
J0100;Hesti Anggraini;Jakarta;sql;79.2
J0100;Hesti Anggraini;Jakarta;statistika/probabilitas;95.4
J0100;Hesti Anggraini;Jakarta;switching;94.7
J0100;Hesti Anggraini;Jakarta;tcp/ip;79.6
J0100;Hesti Anggraini;Jakarta;uml (unified modeling language);90.9
J0100;Hesti Anggraini;Jakarta;vulnerability assessment;65.5
S0001;Yusuf Maharani;Surabaya;agile;76.7
S0001;Yusuf Maharani;Surabaya;algorithm design;89.7
S0001;Yusuf Maharani;Surabaya;basic programming;89.7
S0001;Yusuf Maharani;Surabaya;basis data / database;95.1
S0001;Yusuf Maharani;Surabaya;business intelligence;90.9
S0001;Yusuf Maharani;Surabaya;cisco;65.1
S0001;Yusuf Maharani;Surabaya;cloud computing;78.0
S0001;Yusuf Maharani;Surabaya;clustering;62.3
S0001;Yusuf Maharani;Surabaya;cobit;70.3
S0001;Yusuf Maharani;Surabaya;crm (customer relationship management);60.7
S0001;Yusuf Maharani;Surabaya;css;54.9
S0001;Yusuf Maharani;Surabaya;data mining;87.5
S0001;Yusuf Maharani;Surabaya;data warehouse;89.8
S0001;Yusuf Maharani;Surabaya;design thinking;55.0
S0001;Yusuf Maharani;Surabaya;devops;90.2
S0001;Yusuf Maharani;Surabaya;docker;62.9
S0001;Yusuf Maharani;Surabaya;erp (enterprise resource planning);92.6
S0001;Yusuf Maharani;Surabaya;figma;82.5
S0001;Yusuf Maharani;Surabaya;firewall;96.4
S0001;Yusuf Maharani;Surabaya;git;72.5
S0001;Yusuf Maharani;Surabaya;github;94.3
S0001;Yusuf Maharani;Surabaya;html;78.7
S0001;Yusuf Maharani;Surabaya;http;83.3
S0001;Yusuf Maharani;Surabaya;information systems;99.5
S0001;Yusuf Maharani;Surabaya;jaringan komputer;70.3
S0001;Yusuf Maharani;Surabaya;java;95.8
S0001;Yusuf Maharani;Surabaya;json;73.4
S0001;Yusuf Maharani;Surabaya;kanban;83.4
S0001;Yusuf Maharani;Surabaya;klasifikasi (data);96.4
S0001;Yusuf Maharani;Surabaya;kpi (key performance indicator);60.2
S0001;Yusuf Maharani;Surabaya;kriptografi;78.4
S0001;Yusuf Maharani;Surabaya;linux;82.9
S0001;Yusuf Maharani;Surabaya;machine learning;99.9
S0001;Yusuf Maharani;Surabaya;microservices;55.7
S0001;Yusuf Maharani;Surabaya;microsoft excel;50.7
S0001;Yusuf Maharani;Surabaya;mysql;90.1
S0001;Yusuf Maharani;Surabaya;nosql;94.7
S0001;Yusuf Maharani;Surabaya;oop (object oriented programming);65.3
S0001;Yusuf Maharani;Surabaya;osi layer;86.6
S0001;Yusuf Maharani;Surabaya;php;97.1
S0001;Yusuf Maharani;Surabaya;prototyping;96.7
S0001;Yusuf Maharani;Surabaya;python;93.8
S0001;Yusuf Maharani;Surabaya;regresi;63.3
S0001;Yusuf Maharani;Surabaya;rest api;52.9
S0001;Yusuf Maharani;Surabaya;sap;88.6
S0001;Yusuf Maharani;Surabaya;scm (supply chain management);89.1
S0001;Yusuf Maharani;Surabaya;sprint (agile);96.1
S0001;Yusuf Maharani;Surabaya;sql;97.7
S0001;Yusuf Maharani;Surabaya;statistika/probabilitas;81.4
S0001;Yusuf Maharani;Surabaya;ui/ux design;74.0
S0001;Yusuf Maharani;Surabaya;uml (unified modeling language);86.5
S0001;Yusuf Maharani;Surabaya;usability testing;65.4
S0001;Yusuf Maharani;Surabaya;use case diagram;93.9
S0001;Yusuf Maharani;Surabaya;vulnerability assessment;82.6
S0001;Yusuf Maharani;Surabaya;xml;99.5
S0002;Made Kusuma;Surabaya;algorithm design;92.0
S0002;Made Kusuma;Surabaya;basic programming;92.0
S0002;Made Kusuma;Surabaya;basis data / database;93.4
S0002;Made Kusuma;Surabaya;business intelligence;81.6
S0002;Made Kusuma;Surabaya;cisco;96.8
S0002;Made Kusuma;Surabaya;cloud computing;63.9
S0002;Made Kusuma;Surabaya;clustering;59.0
S0002;Made Kusuma;Surabaya;cobit;78.4
S0002;Made Kusuma;Surabaya;crm (customer relationship management);75.4
S0002;Made Kusuma;Surabaya;css;58.6
S0002;Made Kusuma;Surabaya;data mining;93.9
S0002;Made Kusuma;Surabaya;data warehouse;99.9
S0002;Made Kusuma;Surabaya;design thinking;76.0
S0002;Made Kusuma;Surabaya;devops;98.5
S0002;Made Kusuma;Surabaya;docker;76.4
S0002;Made Kusuma;Surabaya;erd (entity relationship diagram);89.2
S0002;Made Kusuma;Surabaya;erp (enterprise resource planning);88.6
S0002;Made Kusuma;Surabaya;figma;69.2
S0002;Made Kusuma;Surabaya;firewall;96.4
S0002;Made Kusuma;Surabaya;git;91.6
S0002;Made Kusuma;Surabaya;github;76.4
S0002;Made Kusuma;Surabaya;graphql;91.3
S0002;Made Kusuma;Surabaya;http;70.2
S0002;Made Kusuma;Surabaya;information systems;99.6
S0002;Made Kusuma;Surabaya;jaringan komputer;67.2
S0002;Made Kusuma;Surabaya;java;78.9
S0002;Made Kusuma;Surabaya;kanban;93.5
S0002;Made Kusuma;Surabaya;klasifikasi (data);97.9
S0002;Made Kusuma;Surabaya;kpi (key performance indicator);79.7
S0002;Made Kusuma;Surabaya;kriptografi;57.9
S0002;Made Kusuma;Surabaya;laravel;84.7
S0002;Made Kusuma;Surabaya;linux;98.4
S0002;Made Kusuma;Surabaya;machine learning;69.7
S0002;Made Kusuma;Surabaya;microservices;75.1
S0002;Made Kusuma;Surabaya;microsoft excel;99.9
S0002;Made Kusuma;Surabaya;mysql;51.1
S0002;Made Kusuma;Surabaya;nosql;74.7
S0002;Made Kusuma;Surabaya;oop (object oriented programming);67.9
S0002;Made Kusuma;Surabaya;osi layer;89.9
S0002;Made Kusuma;Surabaya;php;95.8
S0002;Made Kusuma;Surabaya;prototyping;94.4
S0002;Made Kusuma;Surabaya;python;83.7
S0002;Made Kusuma;Surabaya;regresi;63.5
S0002;Made Kusuma;Surabaya;sap;70.2
S0002;Made Kusuma;Surabaya;scm (supply chain management);83.7
S0002;Made Kusuma;Surabaya;sprint (agile);58.8
S0002;Made Kusuma;Surabaya;sql;60.7
S0002;Made Kusuma;Surabaya;statistika/probabilitas;90.1
S0002;Made Kusuma;Surabaya;ui/ux design;84.1
S0002;Made Kusuma;Surabaya;uml (unified modeling language);66.0
S0002;Made Kusuma;Surabaya;usability testing;80.7
S0002;Made Kusuma;Surabaya;use case diagram;99.3
S0002;Made Kusuma;Surabaya;vulnerability assessment;97.0
S0002;Made Kusuma;Surabaya;xml;85.6
S0003;Zainal Permata;Surabaya;agile;70.5
S0003;Zainal Permata;Surabaya;algorithm design;83.8
S0003;Zainal Permata;Surabaya;basic programming;83.8
S0003;Zainal Permata;Surabaya;basis data / database;98.5
S0003;Zainal Permata;Surabaya;business intelligence;88.4
S0003;Zainal Permata;Surabaya;cisco;89.6
S0003;Zainal Permata;Surabaya;cloud computing;87.4
S0003;Zainal Permata;Surabaya;clustering;84.1
S0003;Zainal Permata;Surabaya;cobit;98.1
S0003;Zainal Permata;Surabaya;crm (customer relationship management);97.3
S0003;Zainal Permata;Surabaya;data mining;91.5
S0003;Zainal Permata;Surabaya;data warehouse;61.0
S0003;Zainal Permata;Surabaya;design thinking;96.7
S0003;Zainal Permata;Surabaya;devops;93.9
S0003;Zainal Permata;Surabaya;docker;81.7
S0003;Zainal Permata;Surabaya;erd (entity relationship diagram);76.9
S0003;Zainal Permata;Surabaya;erp (enterprise resource planning);96.1
S0003;Zainal Permata;Surabaya;figma;70.9
S0003;Zainal Permata;Surabaya;firewall;53.8
S0003;Zainal Permata;Surabaya;git;98.3
S0003;Zainal Permata;Surabaya;github;89.0
S0003;Zainal Permata;Surabaya;graphql;75.3
S0003;Zainal Permata;Surabaya;html;75.8
S0003;Zainal Permata;Surabaya;information systems;99.6
S0003;Zainal Permata;Surabaya;jaringan komputer;95.7
S0003;Zainal Permata;Surabaya;java;82.7
S0003;Zainal Permata;Surabaya;kanban;64.5
S0003;Zainal Permata;Surabaya;klasifikasi (data);99.9
S0003;Zainal Permata;Surabaya;kpi (key performance indicator);89.4
S0003;Zainal Permata;Surabaya;kriptografi;75.1
S0003;Zainal Permata;Surabaya;laravel;74.7
S0003;Zainal Permata;Surabaya;linux;97.1
S0003;Zainal Permata;Surabaya;machine learning;79.0
S0003;Zainal Permata;Surabaya;microservices;85.3
S0003;Zainal Permata;Surabaya;microsoft excel;94.8
S0003;Zainal Permata;Surabaya;nosql;76.1
S0003;Zainal Permata;Surabaya;oop (object oriented programming);89.2
S0003;Zainal Permata;Surabaya;osi layer;96.3
S0003;Zainal Permata;Surabaya;php;69.2
S0003;Zainal Permata;Surabaya;prototyping;72.7
S0003;Zainal Permata;Surabaya;python;63.1
S0003;Zainal Permata;Surabaya;regresi;70.4
S0003;Zainal Permata;Surabaya;sap;94.6
S0003;Zainal Permata;Surabaya;scm (supply chain management);94.1
S0003;Zainal Permata;Surabaya;statistika/probabilitas;88.5
S0003;Zainal Permata;Surabaya;ui/ux design;98.0
S0003;Zainal Permata;Surabaya;uml (unified modeling language);94.1
S0003;Zainal Permata;Surabaya;usability testing;89.6
S0003;Zainal Permata;Surabaya;use case diagram;93.0
S0003;Zainal Permata;Surabaya;vulnerability assessment;99.7
S0003;Zainal Permata;Surabaya;xml;76.7
S0004;Chandra Syahputra;Surabaya;agile;93.7
S0004;Chandra Syahputra;Surabaya;algorithm design;96.0
S0004;Chandra Syahputra;Surabaya;basic programming;96.0
S0004;Chandra Syahputra;Surabaya;basis data / database;64.1
S0004;Chandra Syahputra;Surabaya;business intelligence;88.9
S0004;Chandra Syahputra;Surabaya;cloud computing;82.4
S0004;Chandra Syahputra;Surabaya;clustering;89.3
S0004;Chandra Syahputra;Surabaya;cobit;89.5
S0004;Chandra Syahputra;Surabaya;crm (customer relationship management);75.5
S0004;Chandra Syahputra;Surabaya;css;61.3
S0004;Chandra Syahputra;Surabaya;data mining;91.6
S0004;Chandra Syahputra;Surabaya;data warehouse;73.4
S0004;Chandra Syahputra;Surabaya;design thinking;86.6
S0004;Chandra Syahputra;Surabaya;devops;88.6
S0004;Chandra Syahputra;Surabaya;docker;72.1
S0004;Chandra Syahputra;Surabaya;erp (enterprise resource planning);99.0
S0004;Chandra Syahputra;Surabaya;figma;81.0
S0004;Chandra Syahputra;Surabaya;firewall;92.5
S0004;Chandra Syahputra;Surabaya;git;54.1
S0004;Chandra Syahputra;Surabaya;github;75.8
S0004;Chandra Syahputra;Surabaya;graphql;59.8
S0004;Chandra Syahputra;Surabaya;html;62.1
S0004;Chandra Syahputra;Surabaya;http;77.1
S0004;Chandra Syahputra;Surabaya;information systems;98.4
S0004;Chandra Syahputra;Surabaya;jaringan komputer;61.4
S0004;Chandra Syahputra;Surabaya;java;79.0
S0004;Chandra Syahputra;Surabaya;json;89.8
S0004;Chandra Syahputra;Surabaya;kanban;50.3
S0004;Chandra Syahputra;Surabaya;klasifikasi (data);76.1
S0004;Chandra Syahputra;Surabaya;kriptografi;61.8
S0004;Chandra Syahputra;Surabaya;laravel;50.4
S0004;Chandra Syahputra;Surabaya;linux;67.0
S0004;Chandra Syahputra;Surabaya;machine learning;84.6
S0004;Chandra Syahputra;Surabaya;microservices;84.2
S0004;Chandra Syahputra;Surabaya;microsoft excel;55.9
S0004;Chandra Syahputra;Surabaya;mysql;75.2
S0004;Chandra Syahputra;Surabaya;nosql;93.1
S0004;Chandra Syahputra;Surabaya;oop (object oriented programming);60.0
S0004;Chandra Syahputra;Surabaya;osi layer;51.3
S0004;Chandra Syahputra;Surabaya;php;95.3
S0004;Chandra Syahputra;Surabaya;prototyping;95.9
S0004;Chandra Syahputra;Surabaya;python;88.9
S0004;Chandra Syahputra;Surabaya;rest api;87.7
S0004;Chandra Syahputra;Surabaya;scm (supply chain management);95.0
S0004;Chandra Syahputra;Surabaya;sprint (agile);78.5
S0004;Chandra Syahputra;Surabaya;sql;65.0
S0004;Chandra Syahputra;Surabaya;statistika/probabilitas;95.1
S0004;Chandra Syahputra;Surabaya;ui/ux design;80.9
S0004;Chandra Syahputra;Surabaya;uml (unified modeling language);99.7
S0004;Chandra Syahputra;Surabaya;usability testing;93.0
S0004;Chandra Syahputra;Surabaya;use case diagram;96.9
S0004;Chandra Syahputra;Surabaya;vulnerability assessment;93.4
S0004;Chandra Syahputra;Surabaya;xml;65.3
S0005;Hesti Santoso;Surabaya;agile;94.2
S0005;Hesti Santoso;Surabaya;algorithm design;94.8
S0005;Hesti Santoso;Surabaya;basic programming;94.8
S0005;Hesti Santoso;Surabaya;basis data / database;89.0
S0005;Hesti Santoso;Surabaya;business intelligence;75.4
S0005;Hesti Santoso;Surabaya;cisco;70.4
S0005;Hesti Santoso;Surabaya;cloud computing;79.2
S0005;Hesti Santoso;Surabaya;clustering;87.9
S0005;Hesti Santoso;Surabaya;cobit;90.5
S0005;Hesti Santoso;Surabaya;crm (customer relationship management);65.9
S0005;Hesti Santoso;Surabaya;css;79.0
S0005;Hesti Santoso;Surabaya;data mining;97.1
S0005;Hesti Santoso;Surabaya;data warehouse;94.1
S0005;Hesti Santoso;Surabaya;design thinking;89.4
S0005;Hesti Santoso;Surabaya;devops;94.9
S0005;Hesti Santoso;Surabaya;erd (entity relationship diagram);78.2
S0005;Hesti Santoso;Surabaya;erp (enterprise resource planning);70.8
S0005;Hesti Santoso;Surabaya;figma;84.2
S0005;Hesti Santoso;Surabaya;firewall;56.5
S0005;Hesti Santoso;Surabaya;git;81.8
S0005;Hesti Santoso;Surabaya;github;90.3
S0005;Hesti Santoso;Surabaya;graphql;60.7
S0005;Hesti Santoso;Surabaya;html;79.8
S0005;Hesti Santoso;Surabaya;http;67.0
S0005;Hesti Santoso;Surabaya;information systems;99.6
S0005;Hesti Santoso;Surabaya;jaringan komputer;90.4
S0005;Hesti Santoso;Surabaya;java;95.7
S0005;Hesti Santoso;Surabaya;json;84.1
S0005;Hesti Santoso;Surabaya;kanban;69.6
S0005;Hesti Santoso;Surabaya;klasifikasi (data);96.1
S0005;Hesti Santoso;Surabaya;kpi (key performance indicator);70.3
S0005;Hesti Santoso;Surabaya;kriptografi;58.6
S0005;Hesti Santoso;Surabaya;laravel;59.0
S0005;Hesti Santoso;Surabaya;linux;84.9
S0005;Hesti Santoso;Surabaya;machine learning;69.6
S0005;Hesti Santoso;Surabaya;microservices;65.2
S0005;Hesti Santoso;Surabaya;microsoft excel;63.3
S0005;Hesti Santoso;Surabaya;mysql;85.9
S0005;Hesti Santoso;Surabaya;nosql;78.3
S0005;Hesti Santoso;Surabaya;oop (object oriented programming);89.0
S0005;Hesti Santoso;Surabaya;php;93.9
S0005;Hesti Santoso;Surabaya;prototyping;98.8
S0005;Hesti Santoso;Surabaya;python;90.1
S0005;Hesti Santoso;Surabaya;regresi;73.9
S0005;Hesti Santoso;Surabaya;rest api;75.2
S0005;Hesti Santoso;Surabaya;scm (supply chain management);88.8
S0005;Hesti Santoso;Surabaya;statistika/probabilitas;80.2
S0005;Hesti Santoso;Surabaya;ui/ux design;91.6
S0005;Hesti Santoso;Surabaya;uml (unified modeling language);69.7
S0005;Hesti Santoso;Surabaya;usability testing;99.8
S0005;Hesti Santoso;Surabaya;use case diagram;93.9
S0005;Hesti Santoso;Surabaya;vulnerability assessment;87.1
S0005;Hesti Santoso;Surabaya;xml;52.9
S0006;Putri Maharani;Surabaya;agile;62.2
S0006;Putri Maharani;Surabaya;algorithm design;80.2
S0006;Putri Maharani;Surabaya;basic programming;80.2
S0006;Putri Maharani;Surabaya;basis data / database;87.9
S0006;Putri Maharani;Surabaya;business intelligence;72.5
S0006;Putri Maharani;Surabaya;cloud computing;87.0
S0006;Putri Maharani;Surabaya;clustering;71.0
S0006;Putri Maharani;Surabaya;cobit;69.6
S0006;Putri Maharani;Surabaya;crm (customer relationship management);84.7
S0006;Putri Maharani;Surabaya;data mining;84.8
S0006;Putri Maharani;Surabaya;data warehouse;70.7
S0006;Putri Maharani;Surabaya;devops;93.2
S0006;Putri Maharani;Surabaya;erd (entity relationship diagram);62.3
S0006;Putri Maharani;Surabaya;erp (enterprise resource planning);99.8
S0006;Putri Maharani;Surabaya;figma;93.4
S0006;Putri Maharani;Surabaya;firewall;98.1
S0006;Putri Maharani;Surabaya;git;64.2
S0006;Putri Maharani;Surabaya;github;95.1
S0006;Putri Maharani;Surabaya;graphql;86.7
S0006;Putri Maharani;Surabaya;html;93.8
S0006;Putri Maharani;Surabaya;http;81.9
S0006;Putri Maharani;Surabaya;information systems;99.6
S0006;Putri Maharani;Surabaya;jaringan komputer;84.8
S0006;Putri Maharani;Surabaya;java;70.7
S0006;Putri Maharani;Surabaya;json;94.5
S0006;Putri Maharani;Surabaya;kanban;52.0
S0006;Putri Maharani;Surabaya;klasifikasi (data);88.3
S0006;Putri Maharani;Surabaya;kriptografi;70.1
S0006;Putri Maharani;Surabaya;laravel;99.1
S0006;Putri Maharani;Surabaya;linux;90.1
S0006;Putri Maharani;Surabaya;machine learning;96.8
S0006;Putri Maharani;Surabaya;microservices;73.2
S0006;Putri Maharani;Surabaya;microsoft excel;82.6
S0006;Putri Maharani;Surabaya;mysql;91.3
S0006;Putri Maharani;Surabaya;nosql;95.0
S0006;Putri Maharani;Surabaya;oop (object oriented programming);58.4
S0006;Putri Maharani;Surabaya;osi layer;66.0
S0006;Putri Maharani;Surabaya;php;84.9
S0006;Putri Maharani;Surabaya;prototyping;94.9
S0006;Putri Maharani;Surabaya;python;81.0
S0006;Putri Maharani;Surabaya;regresi;78.4
S0006;Putri Maharani;Surabaya;rest api;58.3
S0006;Putri Maharani;Surabaya;sap;88.2
S0006;Putri Maharani;Surabaya;scm (supply chain management);84.0
S0006;Putri Maharani;Surabaya;sprint (agile);71.7
S0006;Putri Maharani;Surabaya;sql;78.8
S0006;Putri Maharani;Surabaya;statistika/probabilitas;96.1
S0006;Putri Maharani;Surabaya;ui/ux design;80.3
S0006;Putri Maharani;Surabaya;uml (unified modeling language);89.4
S0006;Putri Maharani;Surabaya;usability testing;56.6
S0006;Putri Maharani;Surabaya;use case diagram;81.0
S0006;Putri Maharani;Surabaya;vulnerability assessment;93.2
S0006;Putri Maharani;Surabaya;xml;85.2
S0007;Nurul Kurniawan;Surabaya;agile;63.3
S0007;Nurul Kurniawan;Surabaya;algorithm design;75.5
S0007;Nurul Kurniawan;Surabaya;basic programming;75.5
S0007;Nurul Kurniawan;Surabaya;basis data / database;93.8
S0007;Nurul Kurniawan;Surabaya;business intelligence;60.1
S0007;Nurul Kurniawan;Surabaya;cisco;96.3
S0007;Nurul Kurniawan;Surabaya;cloud computing;73.2
S0007;Nurul Kurniawan;Surabaya;cobit;81.8
S0007;Nurul Kurniawan;Surabaya;crm (customer relationship management);68.9
S0007;Nurul Kurniawan;Surabaya;css;88.0
S0007;Nurul Kurniawan;Surabaya;data mining;92.2
S0007;Nurul Kurniawan;Surabaya;data warehouse;97.5
S0007;Nurul Kurniawan;Surabaya;design thinking;84.6
S0007;Nurul Kurniawan;Surabaya;devops;52.7
S0007;Nurul Kurniawan;Surabaya;docker;58.4
S0007;Nurul Kurniawan;Surabaya;erd (entity relationship diagram);62.1
S0007;Nurul Kurniawan;Surabaya;erp (enterprise resource planning);74.3
S0007;Nurul Kurniawan;Surabaya;figma;71.5
S0007;Nurul Kurniawan;Surabaya;firewall;54.2
S0007;Nurul Kurniawan;Surabaya;git;68.6
S0007;Nurul Kurniawan;Surabaya;github;88.7
S0007;Nurul Kurniawan;Surabaya;graphql;63.8
S0007;Nurul Kurniawan;Surabaya;http;77.8
S0007;Nurul Kurniawan;Surabaya;information systems;97.7
S0007;Nurul Kurniawan;Surabaya;jaringan komputer;78.2
S0007;Nurul Kurniawan;Surabaya;java;61.2
S0007;Nurul Kurniawan;Surabaya;json;90.4
S0007;Nurul Kurniawan;Surabaya;kanban;72.7
S0007;Nurul Kurniawan;Surabaya;klasifikasi (data);96.1
S0007;Nurul Kurniawan;Surabaya;kpi (key performance indicator);79.2
S0007;Nurul Kurniawan;Surabaya;kriptografi;53.1
S0007;Nurul Kurniawan;Surabaya;laravel;54.3
S0007;Nurul Kurniawan;Surabaya;linux;67.2
S0007;Nurul Kurniawan;Surabaya;microservices;97.4
S0007;Nurul Kurniawan;Surabaya;microsoft excel;86.7
S0007;Nurul Kurniawan;Surabaya;mysql;75.7
S0007;Nurul Kurniawan;Surabaya;nosql;80.9
S0007;Nurul Kurniawan;Surabaya;oop (object oriented programming);93.2
S0007;Nurul Kurniawan;Surabaya;osi layer;86.8
S0007;Nurul Kurniawan;Surabaya;php;75.6
S0007;Nurul Kurniawan;Surabaya;prototyping;98.7
S0007;Nurul Kurniawan;Surabaya;python;86.6
S0007;Nurul Kurniawan;Surabaya;rest api;57.1
S0007;Nurul Kurniawan;Surabaya;sap;76.4
S0007;Nurul Kurniawan;Surabaya;scm (supply chain management);91.1
S0007;Nurul Kurniawan;Surabaya;sprint (agile);70.7
S0007;Nurul Kurniawan;Surabaya;statistika/probabilitas;95.0
S0007;Nurul Kurniawan;Surabaya;ui/ux design;78.1
S0007;Nurul Kurniawan;Surabaya;uml (unified modeling language);94.1
S0007;Nurul Kurniawan;Surabaya;usability testing;57.5
S0007;Nurul Kurniawan;Surabaya;use case diagram;65.7
S0007;Nurul Kurniawan;Surabaya;vulnerability assessment;71.7
S0007;Nurul Kurniawan;Surabaya;xml;92.2
S0008;Zainal Santoso;Surabaya;agile;77.9
S0008;Zainal Santoso;Surabaya;algorithm design;79.3
S0008;Zainal Santoso;Surabaya;basic programming;79.3
S0008;Zainal Santoso;Surabaya;basis data / database;84.7
S0008;Zainal Santoso;Surabaya;business intelligence;81.9
S0008;Zainal Santoso;Surabaya;cisco;65.7
S0008;Zainal Santoso;Surabaya;cloud computing;91.9
S0008;Zainal Santoso;Surabaya;clustering;57.3
S0008;Zainal Santoso;Surabaya;cobit;97.8
S0008;Zainal Santoso;Surabaya;crm (customer relationship management);93.7
S0008;Zainal Santoso;Surabaya;data mining;80.9
S0008;Zainal Santoso;Surabaya;data warehouse;68.9
S0008;Zainal Santoso;Surabaya;design thinking;75.5
S0008;Zainal Santoso;Surabaya;devops;94.2
S0008;Zainal Santoso;Surabaya;docker;53.6
S0008;Zainal Santoso;Surabaya;erd (entity relationship diagram);72.4
S0008;Zainal Santoso;Surabaya;erp (enterprise resource planning);72.8
S0008;Zainal Santoso;Surabaya;figma;86.7
S0008;Zainal Santoso;Surabaya;git;86.3
S0008;Zainal Santoso;Surabaya;github;98.4
S0008;Zainal Santoso;Surabaya;html;75.1
S0008;Zainal Santoso;Surabaya;http;72.0
S0008;Zainal Santoso;Surabaya;information systems;99.7
S0008;Zainal Santoso;Surabaya;jaringan komputer;89.1
S0008;Zainal Santoso;Surabaya;java;89.2
S0008;Zainal Santoso;Surabaya;json;94.9
S0008;Zainal Santoso;Surabaya;kanban;79.4
S0008;Zainal Santoso;Surabaya;klasifikasi (data);88.7
S0008;Zainal Santoso;Surabaya;kpi (key performance indicator);76.8
S0008;Zainal Santoso;Surabaya;kriptografi;90.2
S0008;Zainal Santoso;Surabaya;laravel;88.1
S0008;Zainal Santoso;Surabaya;linux;96.8
S0008;Zainal Santoso;Surabaya;machine learning;76.9
S0008;Zainal Santoso;Surabaya;microservices;92.8
S0008;Zainal Santoso;Surabaya;mysql;63.9
S0008;Zainal Santoso;Surabaya;nosql;51.0
S0008;Zainal Santoso;Surabaya;oop (object oriented programming);76.3
S0008;Zainal Santoso;Surabaya;osi layer;74.9
S0008;Zainal Santoso;Surabaya;php;91.6
S0008;Zainal Santoso;Surabaya;prototyping;82.1
S0008;Zainal Santoso;Surabaya;python;71.0
S0008;Zainal Santoso;Surabaya;regresi;71.2
S0008;Zainal Santoso;Surabaya;rest api;76.0
S0008;Zainal Santoso;Surabaya;sap;70.5
S0008;Zainal Santoso;Surabaya;scm (supply chain management);80.3
S0008;Zainal Santoso;Surabaya;sprint (agile);68.7
S0008;Zainal Santoso;Surabaya;sql;85.0
S0008;Zainal Santoso;Surabaya;statistika/probabilitas;97.5
S0008;Zainal Santoso;Surabaya;ui/ux design;96.9
S0008;Zainal Santoso;Surabaya;uml (unified modeling language);94.5
S0008;Zainal Santoso;Surabaya;usability testing;76.1
S0008;Zainal Santoso;Surabaya;use case diagram;87.5
S0008;Zainal Santoso;Surabaya;vulnerability assessment;77.6
S0008;Zainal Santoso;Surabaya;xml;74.7
S0009;Indra Wibowo;Surabaya;agile;75.2
S0009;Indra Wibowo;Surabaya;algorithm design;97.9
S0009;Indra Wibowo;Surabaya;basic programming;97.9
S0009;Indra Wibowo;Surabaya;basis data / database;95.2
S0009;Indra Wibowo;Surabaya;business intelligence;82.5
S0009;Indra Wibowo;Surabaya;cisco;72.9
S0009;Indra Wibowo;Surabaya;cloud computing;84.2
S0009;Indra Wibowo;Surabaya;clustering;54.9
S0009;Indra Wibowo;Surabaya;cobit;92.0
S0009;Indra Wibowo;Surabaya;crm (customer relationship management);77.6
S0009;Indra Wibowo;Surabaya;css;66.9
S0009;Indra Wibowo;Surabaya;data mining;73.6
S0009;Indra Wibowo;Surabaya;data warehouse;72.0
S0009;Indra Wibowo;Surabaya;devops;92.6
S0009;Indra Wibowo;Surabaya;docker;71.6
S0009;Indra Wibowo;Surabaya;erd (entity relationship diagram);85.0
S0009;Indra Wibowo;Surabaya;erp (enterprise resource planning);98.5
S0009;Indra Wibowo;Surabaya;figma;96.5
S0009;Indra Wibowo;Surabaya;firewall;99.7
S0009;Indra Wibowo;Surabaya;git;97.0
S0009;Indra Wibowo;Surabaya;github;85.5
S0009;Indra Wibowo;Surabaya;graphql;79.5
S0009;Indra Wibowo;Surabaya;html;59.6
S0009;Indra Wibowo;Surabaya;http;86.1
S0009;Indra Wibowo;Surabaya;information systems;99.1
S0009;Indra Wibowo;Surabaya;jaringan komputer;94.4
S0009;Indra Wibowo;Surabaya;java;89.7
S0009;Indra Wibowo;Surabaya;json;79.8
S0009;Indra Wibowo;Surabaya;kanban;82.1
S0009;Indra Wibowo;Surabaya;klasifikasi (data);74.0
S0009;Indra Wibowo;Surabaya;laravel;70.8
S0009;Indra Wibowo;Surabaya;linux;99.9
S0009;Indra Wibowo;Surabaya;machine learning;91.6
S0009;Indra Wibowo;Surabaya;microservices;95.9
S0009;Indra Wibowo;Surabaya;microsoft excel;92.4
S0009;Indra Wibowo;Surabaya;nosql;64.4
S0009;Indra Wibowo;Surabaya;osi layer;66.4
S0009;Indra Wibowo;Surabaya;php;99.7
S0009;Indra Wibowo;Surabaya;prototyping;91.5
S0009;Indra Wibowo;Surabaya;python;86.0
S0009;Indra Wibowo;Surabaya;regresi;71.1
S0009;Indra Wibowo;Surabaya;rest api;84.3
S0009;Indra Wibowo;Surabaya;sap;93.4
S0009;Indra Wibowo;Surabaya;scm (supply chain management);91.6
S0009;Indra Wibowo;Surabaya;sprint (agile);91.2
S0009;Indra Wibowo;Surabaya;sql;77.2
S0009;Indra Wibowo;Surabaya;statistika/probabilitas;83.2
S0009;Indra Wibowo;Surabaya;ui/ux design;67.9
S0009;Indra Wibowo;Surabaya;uml (unified modeling language);91.8
S0009;Indra Wibowo;Surabaya;usability testing;94.3
S0009;Indra Wibowo;Surabaya;use case diagram;57.8
S0009;Indra Wibowo;Surabaya;vulnerability assessment;75.7
S0009;Indra Wibowo;Surabaya;xml;72.1
S0010;Citra Kurniawan;Surabaya;agile;75.9
S0010;Citra Kurniawan;Surabaya;algorithm design;80.2
S0010;Citra Kurniawan;Surabaya;basic programming;80.2
S0010;Citra Kurniawan;Surabaya;basis data / database;92.2
S0010;Citra Kurniawan;Surabaya;business intelligence;77.2
S0010;Citra Kurniawan;Surabaya;cisco;60.9
S0010;Citra Kurniawan;Surabaya;cloud computing;87.3
S0010;Citra Kurniawan;Surabaya;clustering;69.2
S0010;Citra Kurniawan;Surabaya;cobit;95.4
S0010;Citra Kurniawan;Surabaya;crm (customer relationship management);87.6
S0010;Citra Kurniawan;Surabaya;css;94.7
S0010;Citra Kurniawan;Surabaya;data mining;87.0
S0010;Citra Kurniawan;Surabaya;data warehouse;94.8
S0010;Citra Kurniawan;Surabaya;design thinking;60.7
S0010;Citra Kurniawan;Surabaya;devops;94.3
S0010;Citra Kurniawan;Surabaya;erd (entity relationship diagram);89.0
S0010;Citra Kurniawan;Surabaya;erp (enterprise resource planning);91.7
S0010;Citra Kurniawan;Surabaya;figma;70.9
S0010;Citra Kurniawan;Surabaya;git;86.6
S0010;Citra Kurniawan;Surabaya;github;98.0
S0010;Citra Kurniawan;Surabaya;graphql;58.1
S0010;Citra Kurniawan;Surabaya;html;67.5
S0010;Citra Kurniawan;Surabaya;http;89.4
S0010;Citra Kurniawan;Surabaya;information systems;99.9
S0010;Citra Kurniawan;Surabaya;jaringan komputer;73.2
S0010;Citra Kurniawan;Surabaya;java;97.6
S0010;Citra Kurniawan;Surabaya;json;52.6
S0010;Citra Kurniawan;Surabaya;kanban;76.6
S0010;Citra Kurniawan;Surabaya;klasifikasi (data);92.6
S0010;Citra Kurniawan;Surabaya;kpi (key performance indicator);73.3
S0010;Citra Kurniawan;Surabaya;kriptografi;89.3
S0010;Citra Kurniawan;Surabaya;laravel;67.0
S0010;Citra Kurniawan;Surabaya;linux;73.6
S0010;Citra Kurniawan;Surabaya;machine learning;93.8
S0010;Citra Kurniawan;Surabaya;microservices;97.4
S0010;Citra Kurniawan;Surabaya;microsoft excel;80.1
S0010;Citra Kurniawan;Surabaya;mysql;77.7
S0010;Citra Kurniawan;Surabaya;nosql;95.0
S0010;Citra Kurniawan;Surabaya;osi layer;58.0
S0010;Citra Kurniawan;Surabaya;php;99.6
S0010;Citra Kurniawan;Surabaya;prototyping;70.1
S0010;Citra Kurniawan;Surabaya;python;99.3
S0010;Citra Kurniawan;Surabaya;regresi;76.7
S0010;Citra Kurniawan;Surabaya;rest api;69.7
S0010;Citra Kurniawan;Surabaya;scm (supply chain management);93.9
S0010;Citra Kurniawan;Surabaya;sprint (agile);58.2
S0010;Citra Kurniawan;Surabaya;sql;87.3
S0010;Citra Kurniawan;Surabaya;statistika/probabilitas;89.7
S0010;Citra Kurniawan;Surabaya;ui/ux design;79.1
S0010;Citra Kurniawan;Surabaya;uml (unified modeling language);91.2
S0010;Citra Kurniawan;Surabaya;usability testing;83.6
S0010;Citra Kurniawan;Surabaya;use case diagram;69.9
S0010;Citra Kurniawan;Surabaya;vulnerability assessment;85.5
S0010;Citra Kurniawan;Surabaya;xml;91.9
S0011;Qori Syahputra;Surabaya;agile;67.0
S0011;Qori Syahputra;Surabaya;algorithm design;68.3
S0011;Qori Syahputra;Surabaya;basic programming;68.3
S0011;Qori Syahputra;Surabaya;basis data / database;64.6
S0011;Qori Syahputra;Surabaya;business intelligence;85.0
S0011;Qori Syahputra;Surabaya;cisco;98.7
S0011;Qori Syahputra;Surabaya;cloud computing;72.9
S0011;Qori Syahputra;Surabaya;clustering;55.8
S0011;Qori Syahputra;Surabaya;cobit;88.8
S0011;Qori Syahputra;Surabaya;crm (customer relationship management);77.3
S0011;Qori Syahputra;Surabaya;css;68.6
S0011;Qori Syahputra;Surabaya;data mining;65.6
S0011;Qori Syahputra;Surabaya;data warehouse;69.5
S0011;Qori Syahputra;Surabaya;devops;61.3
S0011;Qori Syahputra;Surabaya;docker;85.7
S0011;Qori Syahputra;Surabaya;erd (entity relationship diagram);56.4
S0011;Qori Syahputra;Surabaya;erp (enterprise resource planning);94.9
S0011;Qori Syahputra;Surabaya;figma;98.5
S0011;Qori Syahputra;Surabaya;firewall;59.8
S0011;Qori Syahputra;Surabaya;git;54.2
S0011;Qori Syahputra;Surabaya;github;95.1
S0011;Qori Syahputra;Surabaya;graphql;68.7
S0011;Qori Syahputra;Surabaya;html;85.0
S0011;Qori Syahputra;Surabaya;http;92.0
S0011;Qori Syahputra;Surabaya;information systems;99.8
S0011;Qori Syahputra;Surabaya;jaringan komputer;93.5
S0011;Qori Syahputra;Surabaya;java;78.3
S0011;Qori Syahputra;Surabaya;json;62.4
S0011;Qori Syahputra;Surabaya;kanban;68.8
S0011;Qori Syahputra;Surabaya;klasifikasi (data);66.2
S0011;Qori Syahputra;Surabaya;kpi (key performance indicator);68.5
S0011;Qori Syahputra;Surabaya;kriptografi;66.2
S0011;Qori Syahputra;Surabaya;laravel;56.3
S0011;Qori Syahputra;Surabaya;linux;78.9
S0011;Qori Syahputra;Surabaya;microservices;91.4
S0011;Qori Syahputra;Surabaya;microsoft excel;88.6
S0011;Qori Syahputra;Surabaya;mysql;90.1
S0011;Qori Syahputra;Surabaya;nosql;71.0
S0011;Qori Syahputra;Surabaya;oop (object oriented programming);52.5
S0011;Qori Syahputra;Surabaya;osi layer;72.1
S0011;Qori Syahputra;Surabaya;php;53.4
S0011;Qori Syahputra;Surabaya;prototyping;98.0
S0011;Qori Syahputra;Surabaya;python;90.3
S0011;Qori Syahputra;Surabaya;rest api;71.3
S0011;Qori Syahputra;Surabaya;scm (supply chain management);90.1
S0011;Qori Syahputra;Surabaya;sprint (agile);79.0
S0011;Qori Syahputra;Surabaya;sql;52.3
S0011;Qori Syahputra;Surabaya;statistika/probabilitas;72.8
S0011;Qori Syahputra;Surabaya;ui/ux design;88.6
S0011;Qori Syahputra;Surabaya;uml (unified modeling language);98.5
S0011;Qori Syahputra;Surabaya;usability testing;78.7
S0011;Qori Syahputra;Surabaya;use case diagram;90.3
S0011;Qori Syahputra;Surabaya;vulnerability assessment;86.9
S0011;Qori Syahputra;Surabaya;xml;56.0
S0012;Fitri Anggraini;Surabaya;agile;97.5
S0012;Fitri Anggraini;Surabaya;algorithm design;93.2
S0012;Fitri Anggraini;Surabaya;basic programming;93.2
S0012;Fitri Anggraini;Surabaya;basis data / database;67.8
S0012;Fitri Anggraini;Surabaya;business intelligence;97.8
S0012;Fitri Anggraini;Surabaya;cisco;91.5
S0012;Fitri Anggraini;Surabaya;cloud computing;83.7
S0012;Fitri Anggraini;Surabaya;clustering;85.9
S0012;Fitri Anggraini;Surabaya;cobit;99.7
S0012;Fitri Anggraini;Surabaya;crm (customer relationship management);82.9
S0012;Fitri Anggraini;Surabaya;data mining;97.9
S0012;Fitri Anggraini;Surabaya;data warehouse;99.8
S0012;Fitri Anggraini;Surabaya;devops;100.0
S0012;Fitri Anggraini;Surabaya;docker;61.8
S0012;Fitri Anggraini;Surabaya;erp (enterprise resource planning);95.5
S0012;Fitri Anggraini;Surabaya;figma;58.7
S0012;Fitri Anggraini;Surabaya;firewall;96.4
S0012;Fitri Anggraini;Surabaya;git;93.0
S0012;Fitri Anggraini;Surabaya;github;85.7
S0012;Fitri Anggraini;Surabaya;graphql;76.0
S0012;Fitri Anggraini;Surabaya;html;67.9
S0012;Fitri Anggraini;Surabaya;http;82.4
S0012;Fitri Anggraini;Surabaya;information systems;99.6
S0012;Fitri Anggraini;Surabaya;jaringan komputer;96.4
S0012;Fitri Anggraini;Surabaya;java;84.8
S0012;Fitri Anggraini;Surabaya;json;58.5
S0012;Fitri Anggraini;Surabaya;kanban;75.1
S0012;Fitri Anggraini;Surabaya;klasifikasi (data);96.1
S0012;Fitri Anggraini;Surabaya;kpi (key performance indicator);87.2
S0012;Fitri Anggraini;Surabaya;kriptografi;75.0
S0012;Fitri Anggraini;Surabaya;laravel;96.4
S0012;Fitri Anggraini;Surabaya;linux;81.9
S0012;Fitri Anggraini;Surabaya;machine learning;69.9
S0012;Fitri Anggraini;Surabaya;microservices;75.8
S0012;Fitri Anggraini;Surabaya;microsoft excel;52.6
S0012;Fitri Anggraini;Surabaya;mysql;55.9
S0012;Fitri Anggraini;Surabaya;oop (object oriented programming);52.4
S0012;Fitri Anggraini;Surabaya;osi layer;59.5
S0012;Fitri Anggraini;Surabaya;php;72.1
S0012;Fitri Anggraini;Surabaya;prototyping;97.9
S0012;Fitri Anggraini;Surabaya;python;98.6
S0012;Fitri Anggraini;Surabaya;regresi;92.8
S0012;Fitri Anggraini;Surabaya;rest api;95.2
S0012;Fitri Anggraini;Surabaya;sap;75.6
S0012;Fitri Anggraini;Surabaya;scm (supply chain management);81.4
S0012;Fitri Anggraini;Surabaya;sql;76.0
S0012;Fitri Anggraini;Surabaya;statistika/probabilitas;93.4
S0012;Fitri Anggraini;Surabaya;ui/ux design;92.1
S0012;Fitri Anggraini;Surabaya;uml (unified modeling language);86.9
S0012;Fitri Anggraini;Surabaya;use case diagram;88.8
S0012;Fitri Anggraini;Surabaya;vulnerability assessment;91.5
S0012;Fitri Anggraini;Surabaya;xml;74.6
S0013;Lestari Halim;Surabaya;agile;65.6
S0013;Lestari Halim;Surabaya;algorithm design;76.6
S0013;Lestari Halim;Surabaya;basic programming;76.6
S0013;Lestari Halim;Surabaya;basis data / database;90.7
S0013;Lestari Halim;Surabaya;business intelligence;62.6
S0013;Lestari Halim;Surabaya;cisco;95.3
S0013;Lestari Halim;Surabaya;cloud computing;88.3
S0013;Lestari Halim;Surabaya;clustering;77.3
S0013;Lestari Halim;Surabaya;cobit;89.6
S0013;Lestari Halim;Surabaya;css;99.5
S0013;Lestari Halim;Surabaya;data mining;92.6
S0013;Lestari Halim;Surabaya;design thinking;52.0
S0013;Lestari Halim;Surabaya;devops;61.8
S0013;Lestari Halim;Surabaya;docker;55.8
S0013;Lestari Halim;Surabaya;erd (entity relationship diagram);55.6
S0013;Lestari Halim;Surabaya;erp (enterprise resource planning);80.9
S0013;Lestari Halim;Surabaya;figma;89.8
S0013;Lestari Halim;Surabaya;git;97.1
S0013;Lestari Halim;Surabaya;github;82.1
S0013;Lestari Halim;Surabaya;graphql;56.5
S0013;Lestari Halim;Surabaya;html;61.9
S0013;Lestari Halim;Surabaya;http;82.2
S0013;Lestari Halim;Surabaya;information systems;99.4
S0013;Lestari Halim;Surabaya;jaringan komputer;86.7
S0013;Lestari Halim;Surabaya;java;85.9
S0013;Lestari Halim;Surabaya;kanban;93.7
S0013;Lestari Halim;Surabaya;klasifikasi (data);74.0
S0013;Lestari Halim;Surabaya;kpi (key performance indicator);92.4
S0013;Lestari Halim;Surabaya;kriptografi;92.2
S0013;Lestari Halim;Surabaya;linux;98.4
S0013;Lestari Halim;Surabaya;microservices;63.1
S0013;Lestari Halim;Surabaya;microsoft excel;69.5
S0013;Lestari Halim;Surabaya;mysql;83.3
S0013;Lestari Halim;Surabaya;nosql;81.1
S0013;Lestari Halim;Surabaya;oop (object oriented programming);87.8
S0013;Lestari Halim;Surabaya;osi layer;96.7
S0013;Lestari Halim;Surabaya;php;88.4
S0013;Lestari Halim;Surabaya;prototyping;98.0
S0013;Lestari Halim;Surabaya;python;73.5
S0013;Lestari Halim;Surabaya;regresi;92.9
S0013;Lestari Halim;Surabaya;rest api;53.1
S0013;Lestari Halim;Surabaya;sap;100.0
S0013;Lestari Halim;Surabaya;scm (supply chain management);96.8
S0013;Lestari Halim;Surabaya;sprint (agile);88.3
S0013;Lestari Halim;Surabaya;statistika/probabilitas;78.9
S0013;Lestari Halim;Surabaya;ui/ux design;67.5
S0013;Lestari Halim;Surabaya;uml (unified modeling language);92.5
S0013;Lestari Halim;Surabaya;usability testing;81.6
S0013;Lestari Halim;Surabaya;use case diagram;99.7
S0013;Lestari Halim;Surabaya;vulnerability assessment;63.1
S0013;Lestari Halim;Surabaya;xml;57.4
S0014;Yusuf Anggraini;Surabaya;agile;92.2
S0014;Yusuf Anggraini;Surabaya;algorithm design;89.9
S0014;Yusuf Anggraini;Surabaya;basic programming;89.9
S0014;Yusuf Anggraini;Surabaya;basis data / database;81.4
S0014;Yusuf Anggraini;Surabaya;business intelligence;99.2
S0014;Yusuf Anggraini;Surabaya;cloud computing;62.1
S0014;Yusuf Anggraini;Surabaya;clustering;85.8
S0014;Yusuf Anggraini;Surabaya;cobit;72.8
S0014;Yusuf Anggraini;Surabaya;crm (customer relationship management);73.9
S0014;Yusuf Anggraini;Surabaya;css;86.7
S0014;Yusuf Anggraini;Surabaya;data mining;82.3
S0014;Yusuf Anggraini;Surabaya;data warehouse;84.5
S0014;Yusuf Anggraini;Surabaya;design thinking;66.9
S0014;Yusuf Anggraini;Surabaya;devops;79.2
S0014;Yusuf Anggraini;Surabaya;docker;65.1
S0014;Yusuf Anggraini;Surabaya;erp (enterprise resource planning);60.8
S0014;Yusuf Anggraini;Surabaya;figma;90.8
S0014;Yusuf Anggraini;Surabaya;firewall;94.6
S0014;Yusuf Anggraini;Surabaya;git;75.2
S0014;Yusuf Anggraini;Surabaya;github;95.3
S0014;Yusuf Anggraini;Surabaya;graphql;84.7
S0014;Yusuf Anggraini;Surabaya;html;67.9
S0014;Yusuf Anggraini;Surabaya;http;77.5
S0014;Yusuf Anggraini;Surabaya;information systems;99.9
S0014;Yusuf Anggraini;Surabaya;jaringan komputer;92.0
S0014;Yusuf Anggraini;Surabaya;java;98.5
S0014;Yusuf Anggraini;Surabaya;json;63.8
S0014;Yusuf Anggraini;Surabaya;kanban;81.9
S0014;Yusuf Anggraini;Surabaya;klasifikasi (data);74.4
S0014;Yusuf Anggraini;Surabaya;kpi (key performance indicator);79.1
S0014;Yusuf Anggraini;Surabaya;laravel;53.2
S0014;Yusuf Anggraini;Surabaya;linux;92.4
S0014;Yusuf Anggraini;Surabaya;machine learning;99.7
S0014;Yusuf Anggraini;Surabaya;microservices;92.8
S0014;Yusuf Anggraini;Surabaya;microsoft excel;78.9
S0014;Yusuf Anggraini;Surabaya;mysql;79.6
S0014;Yusuf Anggraini;Surabaya;nosql;68.5
S0014;Yusuf Anggraini;Surabaya;osi layer;83.6
S0014;Yusuf Anggraini;Surabaya;php;99.9
S0014;Yusuf Anggraini;Surabaya;prototyping;81.8
S0014;Yusuf Anggraini;Surabaya;python;77.5
S0014;Yusuf Anggraini;Surabaya;regresi;54.9
S0014;Yusuf Anggraini;Surabaya;rest api;75.1
S0014;Yusuf Anggraini;Surabaya;sap;86.2
S0014;Yusuf Anggraini;Surabaya;scm (supply chain management);97.9
S0014;Yusuf Anggraini;Surabaya;sprint (agile);75.9
S0014;Yusuf Anggraini;Surabaya;sql;77.4
S0014;Yusuf Anggraini;Surabaya;statistika/probabilitas;81.8
S0014;Yusuf Anggraini;Surabaya;ui/ux design;72.6
S0014;Yusuf Anggraini;Surabaya;uml (unified modeling language);90.2
S0014;Yusuf Anggraini;Surabaya;usability testing;68.4
S0014;Yusuf Anggraini;Surabaya;use case diagram;83.8
S0014;Yusuf Anggraini;Surabaya;vulnerability assessment;66.1
S0014;Yusuf Anggraini;Surabaya;xml;75.4
S0015;Lestari Kusuma;Surabaya;agile;95.7
S0015;Lestari Kusuma;Surabaya;algorithm design;94.1
S0015;Lestari Kusuma;Surabaya;basic programming;94.1
S0015;Lestari Kusuma;Surabaya;basis data / database;92.7
S0015;Lestari Kusuma;Surabaya;business intelligence;85.4
S0015;Lestari Kusuma;Surabaya;cisco;63.3
S0015;Lestari Kusuma;Surabaya;cloud computing;66.6
S0015;Lestari Kusuma;Surabaya;clustering;99.2
S0015;Lestari Kusuma;Surabaya;cobit;89.2
S0015;Lestari Kusuma;Surabaya;crm (customer relationship management);93.4
S0015;Lestari Kusuma;Surabaya;css;55.7
S0015;Lestari Kusuma;Surabaya;data mining;70.6
S0015;Lestari Kusuma;Surabaya;data warehouse;73.0
S0015;Lestari Kusuma;Surabaya;design thinking;98.6
S0015;Lestari Kusuma;Surabaya;devops;64.2
S0015;Lestari Kusuma;Surabaya;docker;90.1
S0015;Lestari Kusuma;Surabaya;erd (entity relationship diagram);85.6
S0015;Lestari Kusuma;Surabaya;erp (enterprise resource planning);60.7
S0015;Lestari Kusuma;Surabaya;figma;87.5
S0015;Lestari Kusuma;Surabaya;firewall;52.0
S0015;Lestari Kusuma;Surabaya;git;79.5
S0015;Lestari Kusuma;Surabaya;github;79.5
S0015;Lestari Kusuma;Surabaya;graphql;97.8
S0015;Lestari Kusuma;Surabaya;html;52.2
S0015;Lestari Kusuma;Surabaya;http;83.0
S0015;Lestari Kusuma;Surabaya;information systems;99.5
S0015;Lestari Kusuma;Surabaya;jaringan komputer;58.0
S0015;Lestari Kusuma;Surabaya;java;99.9
S0015;Lestari Kusuma;Surabaya;json;64.7
S0015;Lestari Kusuma;Surabaya;kanban;97.6
S0015;Lestari Kusuma;Surabaya;klasifikasi (data);91.0
S0015;Lestari Kusuma;Surabaya;kpi (key performance indicator);55.0
S0015;Lestari Kusuma;Surabaya;laravel;65.2
S0015;Lestari Kusuma;Surabaya;linux;91.4
S0015;Lestari Kusuma;Surabaya;machine learning;72.2
S0015;Lestari Kusuma;Surabaya;microservices;99.0
S0015;Lestari Kusuma;Surabaya;microsoft excel;79.3
S0015;Lestari Kusuma;Surabaya;mysql;75.9
S0015;Lestari Kusuma;Surabaya;nosql;96.4
S0015;Lestari Kusuma;Surabaya;osi layer;77.2
S0015;Lestari Kusuma;Surabaya;php;86.4
S0015;Lestari Kusuma;Surabaya;prototyping;96.8
S0015;Lestari Kusuma;Surabaya;python;81.8
S0015;Lestari Kusuma;Surabaya;rest api;60.6
S0015;Lestari Kusuma;Surabaya;scm (supply chain management);97.9
S0015;Lestari Kusuma;Surabaya;sprint (agile);70.4
S0015;Lestari Kusuma;Surabaya;sql;92.5
S0015;Lestari Kusuma;Surabaya;statistika/probabilitas;79.6
S0015;Lestari Kusuma;Surabaya;ui/ux design;84.6
S0015;Lestari Kusuma;Surabaya;uml (unified modeling language);93.5
S0015;Lestari Kusuma;Surabaya;usability testing;95.4
S0015;Lestari Kusuma;Surabaya;use case diagram;96.0
S0015;Lestari Kusuma;Surabaya;vulnerability assessment;80.9
S0015;Lestari Kusuma;Surabaya;xml;91.2
S0016;Hana Hidayat;Surabaya;agile;83.1
S0016;Hana Hidayat;Surabaya;algorithm design;77.0
S0016;Hana Hidayat;Surabaya;basic programming;77.0
S0016;Hana Hidayat;Surabaya;basis data / database;81.7
S0016;Hana Hidayat;Surabaya;business intelligence;61.9
S0016;Hana Hidayat;Surabaya;cisco;59.2
S0016;Hana Hidayat;Surabaya;cloud computing;87.1
S0016;Hana Hidayat;Surabaya;clustering;60.3
S0016;Hana Hidayat;Surabaya;cobit;93.2
S0016;Hana Hidayat;Surabaya;crm (customer relationship management);79.3
S0016;Hana Hidayat;Surabaya;css;52.5
S0016;Hana Hidayat;Surabaya;data mining;80.3
S0016;Hana Hidayat;Surabaya;data warehouse;76.4
S0016;Hana Hidayat;Surabaya;design thinking;93.9
S0016;Hana Hidayat;Surabaya;devops;95.9
S0016;Hana Hidayat;Surabaya;docker;66.6
S0016;Hana Hidayat;Surabaya;erd (entity relationship diagram);87.9
S0016;Hana Hidayat;Surabaya;erp (enterprise resource planning);76.1
S0016;Hana Hidayat;Surabaya;figma;93.0
S0016;Hana Hidayat;Surabaya;firewall;74.3
S0016;Hana Hidayat;Surabaya;git;52.5
S0016;Hana Hidayat;Surabaya;github;81.5
S0016;Hana Hidayat;Surabaya;graphql;51.5
S0016;Hana Hidayat;Surabaya;html;53.4
S0016;Hana Hidayat;Surabaya;http;76.0
S0016;Hana Hidayat;Surabaya;information systems;98.3
S0016;Hana Hidayat;Surabaya;jaringan komputer;83.4
S0016;Hana Hidayat;Surabaya;java;68.8
S0016;Hana Hidayat;Surabaya;json;94.2
S0016;Hana Hidayat;Surabaya;klasifikasi (data);93.2
S0016;Hana Hidayat;Surabaya;kpi (key performance indicator);54.9
S0016;Hana Hidayat;Surabaya;kriptografi;54.5
S0016;Hana Hidayat;Surabaya;laravel;58.6
S0016;Hana Hidayat;Surabaya;linux;91.2
S0016;Hana Hidayat;Surabaya;machine learning;66.0
S0016;Hana Hidayat;Surabaya;microservices;80.3
S0016;Hana Hidayat;Surabaya;microsoft excel;97.4
S0016;Hana Hidayat;Surabaya;nosql;99.5
S0016;Hana Hidayat;Surabaya;oop (object oriented programming);58.4
S0016;Hana Hidayat;Surabaya;osi layer;50.7
S0016;Hana Hidayat;Surabaya;php;71.2
S0016;Hana Hidayat;Surabaya;prototyping;97.9
S0016;Hana Hidayat;Surabaya;python;74.8
S0016;Hana Hidayat;Surabaya;regresi;66.8
S0016;Hana Hidayat;Surabaya;rest api;71.8
S0016;Hana Hidayat;Surabaya;sap;57.9
S0016;Hana Hidayat;Surabaya;scm (supply chain management);82.0
S0016;Hana Hidayat;Surabaya;sprint (agile);69.5
S0016;Hana Hidayat;Surabaya;sql;51.8
S0016;Hana Hidayat;Surabaya;statistika/probabilitas;80.9
S0016;Hana Hidayat;Surabaya;ui/ux design;96.2
S0016;Hana Hidayat;Surabaya;uml (unified modeling language);73.0
S0016;Hana Hidayat;Surabaya;usability testing;62.2
S0016;Hana Hidayat;Surabaya;use case diagram;79.6
S0016;Hana Hidayat;Surabaya;vulnerability assessment;63.6
S0017;Oki Kusuma;Surabaya;agile;97.2
S0017;Oki Kusuma;Surabaya;algorithm design;96.0
S0017;Oki Kusuma;Surabaya;basic programming;96.0
S0017;Oki Kusuma;Surabaya;basis data / database;85.4
S0017;Oki Kusuma;Surabaya;business intelligence;85.7
S0017;Oki Kusuma;Surabaya;cisco;99.8
S0017;Oki Kusuma;Surabaya;cloud computing;78.4
S0017;Oki Kusuma;Surabaya;clustering;93.3
S0017;Oki Kusuma;Surabaya;cobit;72.0
S0017;Oki Kusuma;Surabaya;crm (customer relationship management);82.6
S0017;Oki Kusuma;Surabaya;css;75.5
S0017;Oki Kusuma;Surabaya;data mining;92.7
S0017;Oki Kusuma;Surabaya;data warehouse;88.4
S0017;Oki Kusuma;Surabaya;design thinking;82.2
S0017;Oki Kusuma;Surabaya;devops;80.6
S0017;Oki Kusuma;Surabaya;docker;53.0
S0017;Oki Kusuma;Surabaya;erd (entity relationship diagram);72.1
S0017;Oki Kusuma;Surabaya;erp (enterprise resource planning);91.2
S0017;Oki Kusuma;Surabaya;figma;88.3
S0017;Oki Kusuma;Surabaya;firewall;99.7
S0017;Oki Kusuma;Surabaya;git;89.4
S0017;Oki Kusuma;Surabaya;github;93.7
S0017;Oki Kusuma;Surabaya;graphql;67.8
S0017;Oki Kusuma;Surabaya;html;56.4
S0017;Oki Kusuma;Surabaya;http;96.7
S0017;Oki Kusuma;Surabaya;information systems;99.3
S0017;Oki Kusuma;Surabaya;jaringan komputer;81.6
S0017;Oki Kusuma;Surabaya;java;96.5
S0017;Oki Kusuma;Surabaya;json;88.7
S0017;Oki Kusuma;Surabaya;klasifikasi (data);75.5
S0017;Oki Kusuma;Surabaya;kpi (key performance indicator);98.8
S0017;Oki Kusuma;Surabaya;kriptografi;94.0
S0017;Oki Kusuma;Surabaya;linux;95.9
S0017;Oki Kusuma;Surabaya;machine learning;66.5
S0017;Oki Kusuma;Surabaya;microservices;81.9
S0017;Oki Kusuma;Surabaya;microsoft excel;75.7
S0017;Oki Kusuma;Surabaya;mysql;68.2
S0017;Oki Kusuma;Surabaya;nosql;51.7
S0017;Oki Kusuma;Surabaya;osi layer;57.5
S0017;Oki Kusuma;Surabaya;php;78.7
S0017;Oki Kusuma;Surabaya;prototyping;99.1
S0017;Oki Kusuma;Surabaya;python;79.0
S0017;Oki Kusuma;Surabaya;regresi;56.8
S0017;Oki Kusuma;Surabaya;rest api;89.7
S0017;Oki Kusuma;Surabaya;sap;82.4
S0017;Oki Kusuma;Surabaya;scm (supply chain management);95.0
S0017;Oki Kusuma;Surabaya;sprint (agile);72.4
S0017;Oki Kusuma;Surabaya;sql;83.5
S0017;Oki Kusuma;Surabaya;statistika/probabilitas;80.6
S0017;Oki Kusuma;Surabaya;ui/ux design;54.2
S0017;Oki Kusuma;Surabaya;uml (unified modeling language);91.3
S0017;Oki Kusuma;Surabaya;usability testing;91.2
S0017;Oki Kusuma;Surabaya;use case diagram;64.1
S0017;Oki Kusuma;Surabaya;vulnerability assessment;79.3
S0017;Oki Kusuma;Surabaya;xml;95.5
S0018;Putri Utami;Surabaya;agile;87.1
S0018;Putri Utami;Surabaya;algorithm design;97.5
S0018;Putri Utami;Surabaya;basic programming;97.5
S0018;Putri Utami;Surabaya;basis data / database;91.8
S0018;Putri Utami;Surabaya;business intelligence;84.8
S0018;Putri Utami;Surabaya;cisco;92.0
S0018;Putri Utami;Surabaya;cloud computing;57.0
S0018;Putri Utami;Surabaya;clustering;80.6
S0018;Putri Utami;Surabaya;cobit;91.0
S0018;Putri Utami;Surabaya;crm (customer relationship management);95.0
S0018;Putri Utami;Surabaya;data mining;92.7
S0018;Putri Utami;Surabaya;data warehouse;97.0
S0018;Putri Utami;Surabaya;design thinking;79.4
S0018;Putri Utami;Surabaya;devops;98.8
S0018;Putri Utami;Surabaya;docker;59.1
S0018;Putri Utami;Surabaya;erd (entity relationship diagram);99.1
S0018;Putri Utami;Surabaya;erp (enterprise resource planning);90.2
S0018;Putri Utami;Surabaya;figma;99.9
S0018;Putri Utami;Surabaya;firewall;56.8
S0018;Putri Utami;Surabaya;github;95.6
S0018;Putri Utami;Surabaya;graphql;63.3
S0018;Putri Utami;Surabaya;html;93.9
S0018;Putri Utami;Surabaya;http;91.1
S0018;Putri Utami;Surabaya;information systems;99.8
S0018;Putri Utami;Surabaya;jaringan komputer;95.9
S0018;Putri Utami;Surabaya;java;89.3
S0018;Putri Utami;Surabaya;kanban;84.6
S0018;Putri Utami;Surabaya;klasifikasi (data);93.9
S0018;Putri Utami;Surabaya;kriptografi;99.6
S0018;Putri Utami;Surabaya;laravel;62.1
S0018;Putri Utami;Surabaya;linux;96.6
S0018;Putri Utami;Surabaya;machine learning;61.5
S0018;Putri Utami;Surabaya;microservices;81.0
S0018;Putri Utami;Surabaya;microsoft excel;84.3
S0018;Putri Utami;Surabaya;mysql;97.7
S0018;Putri Utami;Surabaya;oop (object oriented programming);67.7
S0018;Putri Utami;Surabaya;osi layer;65.7
S0018;Putri Utami;Surabaya;php;90.8
S0018;Putri Utami;Surabaya;prototyping;78.5
S0018;Putri Utami;Surabaya;python;85.3
S0018;Putri Utami;Surabaya;regresi;77.6
S0018;Putri Utami;Surabaya;rest api;95.8
S0018;Putri Utami;Surabaya;sap;77.1
S0018;Putri Utami;Surabaya;scm (supply chain management);97.4
S0018;Putri Utami;Surabaya;sprint (agile);97.9
S0018;Putri Utami;Surabaya;sql;80.0
S0018;Putri Utami;Surabaya;statistika/probabilitas;82.5
S0018;Putri Utami;Surabaya;ui/ux design;88.1
S0018;Putri Utami;Surabaya;uml (unified modeling language);69.5
S0018;Putri Utami;Surabaya;usability testing;72.2
S0018;Putri Utami;Surabaya;use case diagram;81.6
S0018;Putri Utami;Surabaya;vulnerability assessment;85.1
S0018;Putri Utami;Surabaya;xml;78.0
S0019;Wulan Kusuma;Surabaya;agile;84.0
S0019;Wulan Kusuma;Surabaya;algorithm design;92.8
S0019;Wulan Kusuma;Surabaya;basic programming;92.8
S0019;Wulan Kusuma;Surabaya;basis data / database;96.9
S0019;Wulan Kusuma;Surabaya;business intelligence;92.5
S0019;Wulan Kusuma;Surabaya;cloud computing;83.1
S0019;Wulan Kusuma;Surabaya;clustering;76.5
S0019;Wulan Kusuma;Surabaya;cobit;98.7
S0019;Wulan Kusuma;Surabaya;crm (customer relationship management);95.5
S0019;Wulan Kusuma;Surabaya;data mining;93.2
S0019;Wulan Kusuma;Surabaya;data warehouse;66.5
S0019;Wulan Kusuma;Surabaya;design thinking;78.5
S0019;Wulan Kusuma;Surabaya;devops;60.4
S0019;Wulan Kusuma;Surabaya;docker;86.7
S0019;Wulan Kusuma;Surabaya;erd (entity relationship diagram);88.2
S0019;Wulan Kusuma;Surabaya;erp (enterprise resource planning);74.1
S0019;Wulan Kusuma;Surabaya;figma;57.8
S0019;Wulan Kusuma;Surabaya;firewall;68.8
S0019;Wulan Kusuma;Surabaya;git;80.9
S0019;Wulan Kusuma;Surabaya;github;71.8
S0019;Wulan Kusuma;Surabaya;graphql;59.4
S0019;Wulan Kusuma;Surabaya;html;57.0
S0019;Wulan Kusuma;Surabaya;http;73.5
S0019;Wulan Kusuma;Surabaya;information systems;97.6
S0019;Wulan Kusuma;Surabaya;jaringan komputer;99.2
S0019;Wulan Kusuma;Surabaya;java;91.8
S0019;Wulan Kusuma;Surabaya;json;84.7
S0019;Wulan Kusuma;Surabaya;klasifikasi (data);92.9
S0019;Wulan Kusuma;Surabaya;kriptografi;75.3
S0019;Wulan Kusuma;Surabaya;laravel;92.3
S0019;Wulan Kusuma;Surabaya;linux;88.0
S0019;Wulan Kusuma;Surabaya;machine learning;92.6
S0019;Wulan Kusuma;Surabaya;microservices;96.3
S0019;Wulan Kusuma;Surabaya;microsoft excel;72.8
S0019;Wulan Kusuma;Surabaya;nosql;85.9
S0019;Wulan Kusuma;Surabaya;osi layer;50.5
S0019;Wulan Kusuma;Surabaya;php;95.4
S0019;Wulan Kusuma;Surabaya;prototyping;82.8
S0019;Wulan Kusuma;Surabaya;python;81.5
S0019;Wulan Kusuma;Surabaya;regresi;60.8
S0019;Wulan Kusuma;Surabaya;sap;94.3
S0019;Wulan Kusuma;Surabaya;scm (supply chain management);82.3
S0019;Wulan Kusuma;Surabaya;sprint (agile);99.6
S0019;Wulan Kusuma;Surabaya;sql;50.9
S0019;Wulan Kusuma;Surabaya;statistika/probabilitas;97.4
S0019;Wulan Kusuma;Surabaya;ui/ux design;98.0
S0019;Wulan Kusuma;Surabaya;uml (unified modeling language);86.8
S0019;Wulan Kusuma;Surabaya;usability testing;98.6
S0019;Wulan Kusuma;Surabaya;use case diagram;67.3
S0019;Wulan Kusuma;Surabaya;vulnerability assessment;69.8
S0019;Wulan Kusuma;Surabaya;xml;81.3
S0020;Sari Santoso;Surabaya;agile;87.4
S0020;Sari Santoso;Surabaya;algorithm design;94.2
S0020;Sari Santoso;Surabaya;basic programming;94.2
S0020;Sari Santoso;Surabaya;basis data / database;95.9
S0020;Sari Santoso;Surabaya;business intelligence;96.1
S0020;Sari Santoso;Surabaya;cisco;97.6
S0020;Sari Santoso;Surabaya;cloud computing;86.2
S0020;Sari Santoso;Surabaya;cobit;96.1
S0020;Sari Santoso;Surabaya;crm (customer relationship management);66.7
S0020;Sari Santoso;Surabaya;css;82.2
S0020;Sari Santoso;Surabaya;data mining;97.3
S0020;Sari Santoso;Surabaya;data warehouse;97.9
S0020;Sari Santoso;Surabaya;design thinking;82.0
S0020;Sari Santoso;Surabaya;devops;65.4
S0020;Sari Santoso;Surabaya;docker;95.9
S0020;Sari Santoso;Surabaya;erd (entity relationship diagram);93.3
S0020;Sari Santoso;Surabaya;erp (enterprise resource planning);86.8
S0020;Sari Santoso;Surabaya;figma;63.9
S0020;Sari Santoso;Surabaya;firewall;87.4
S0020;Sari Santoso;Surabaya;git;79.3
S0020;Sari Santoso;Surabaya;github;98.6
S0020;Sari Santoso;Surabaya;html;82.4
S0020;Sari Santoso;Surabaya;http;51.5
S0020;Sari Santoso;Surabaya;information systems;98.9
S0020;Sari Santoso;Surabaya;jaringan komputer;93.5
S0020;Sari Santoso;Surabaya;java;59.7
S0020;Sari Santoso;Surabaya;json;84.8
S0020;Sari Santoso;Surabaya;kanban;94.8
S0020;Sari Santoso;Surabaya;klasifikasi (data);54.9
S0020;Sari Santoso;Surabaya;kriptografi;98.2
S0020;Sari Santoso;Surabaya;linux;82.7
S0020;Sari Santoso;Surabaya;microservices;66.3
S0020;Sari Santoso;Surabaya;microsoft excel;60.6
S0020;Sari Santoso;Surabaya;mysql;64.1
S0020;Sari Santoso;Surabaya;nosql;52.8
S0020;Sari Santoso;Surabaya;osi layer;64.4
S0020;Sari Santoso;Surabaya;php;91.4
S0020;Sari Santoso;Surabaya;prototyping;98.5
S0020;Sari Santoso;Surabaya;python;98.0
S0020;Sari Santoso;Surabaya;regresi;59.7
S0020;Sari Santoso;Surabaya;rest api;53.9
S0020;Sari Santoso;Surabaya;sap;68.5
S0020;Sari Santoso;Surabaya;scm (supply chain management);89.4
S0020;Sari Santoso;Surabaya;sprint (agile);61.2
S0020;Sari Santoso;Surabaya;sql;61.9
S0020;Sari Santoso;Surabaya;statistika/probabilitas;72.7
S0020;Sari Santoso;Surabaya;ui/ux design;93.0
S0020;Sari Santoso;Surabaya;uml (unified modeling language);95.4
S0020;Sari Santoso;Surabaya;usability testing;99.3
S0020;Sari Santoso;Surabaya;use case diagram;93.2
S0020;Sari Santoso;Surabaya;vulnerability assessment;88.1
S0020;Sari Santoso;Surabaya;xml;92.1
S0021;Putri Hidayat;Surabaya;agile;89.3
S0021;Putri Hidayat;Surabaya;algorithm design;87.1
S0021;Putri Hidayat;Surabaya;basic programming;87.1
S0021;Putri Hidayat;Surabaya;basis data / database;86.7
S0021;Putri Hidayat;Surabaya;business intelligence;57.7
S0021;Putri Hidayat;Surabaya;cisco;50.2
S0021;Putri Hidayat;Surabaya;cloud computing;80.5
S0021;Putri Hidayat;Surabaya;clustering;78.1
S0021;Putri Hidayat;Surabaya;cobit;97.0
S0021;Putri Hidayat;Surabaya;crm (customer relationship management);97.6
S0021;Putri Hidayat;Surabaya;css;56.9
S0021;Putri Hidayat;Surabaya;data mining;70.7
S0021;Putri Hidayat;Surabaya;data warehouse;84.5
S0021;Putri Hidayat;Surabaya;design thinking;84.2
S0021;Putri Hidayat;Surabaya;devops;93.6
S0021;Putri Hidayat;Surabaya;docker;91.6
S0021;Putri Hidayat;Surabaya;erd (entity relationship diagram);87.8
S0021;Putri Hidayat;Surabaya;erp (enterprise resource planning);80.8
S0021;Putri Hidayat;Surabaya;figma;75.9
S0021;Putri Hidayat;Surabaya;firewall;58.5
S0021;Putri Hidayat;Surabaya;git;75.2
S0021;Putri Hidayat;Surabaya;github;81.6
S0021;Putri Hidayat;Surabaya;graphql;87.0
S0021;Putri Hidayat;Surabaya;http;81.8
S0021;Putri Hidayat;Surabaya;information systems;99.5
S0021;Putri Hidayat;Surabaya;jaringan komputer;79.4
S0021;Putri Hidayat;Surabaya;java;93.0
S0021;Putri Hidayat;Surabaya;json;89.5
S0021;Putri Hidayat;Surabaya;kanban;51.8
S0021;Putri Hidayat;Surabaya;klasifikasi (data);98.7
S0021;Putri Hidayat;Surabaya;kpi (key performance indicator);62.6
S0021;Putri Hidayat;Surabaya;laravel;57.7
S0021;Putri Hidayat;Surabaya;linux;93.6
S0021;Putri Hidayat;Surabaya;microservices;79.2
S0021;Putri Hidayat;Surabaya;microsoft excel;93.0
S0021;Putri Hidayat;Surabaya;mysql;68.9
S0021;Putri Hidayat;Surabaya;nosql;90.1
S0021;Putri Hidayat;Surabaya;oop (object oriented programming);67.5
S0021;Putri Hidayat;Surabaya;osi layer;56.6
S0021;Putri Hidayat;Surabaya;php;89.9
S0021;Putri Hidayat;Surabaya;prototyping;94.8
S0021;Putri Hidayat;Surabaya;python;79.2
S0021;Putri Hidayat;Surabaya;rest api;75.0
S0021;Putri Hidayat;Surabaya;sap;83.8
S0021;Putri Hidayat;Surabaya;scm (supply chain management);64.2
S0021;Putri Hidayat;Surabaya;sql;67.3
S0021;Putri Hidayat;Surabaya;statistika/probabilitas;93.1
S0021;Putri Hidayat;Surabaya;ui/ux design;64.8
S0021;Putri Hidayat;Surabaya;uml (unified modeling language);97.6
S0021;Putri Hidayat;Surabaya;usability testing;74.9
S0021;Putri Hidayat;Surabaya;use case diagram;72.2
S0021;Putri Hidayat;Surabaya;vulnerability assessment;99.6
S0021;Putri Hidayat;Surabaya;xml;73.1
S0022;Nurul Kusuma;Surabaya;agile;71.1
S0022;Nurul Kusuma;Surabaya;algorithm design;63.7
S0022;Nurul Kusuma;Surabaya;basic programming;63.7
S0022;Nurul Kusuma;Surabaya;basis data / database;96.0
S0022;Nurul Kusuma;Surabaya;business intelligence;76.4
S0022;Nurul Kusuma;Surabaya;cloud computing;65.8
S0022;Nurul Kusuma;Surabaya;clustering;57.8
S0022;Nurul Kusuma;Surabaya;cobit;67.7
S0022;Nurul Kusuma;Surabaya;crm (customer relationship management);92.8
S0022;Nurul Kusuma;Surabaya;css;86.2
S0022;Nurul Kusuma;Surabaya;data mining;96.6
S0022;Nurul Kusuma;Surabaya;data warehouse;76.0
S0022;Nurul Kusuma;Surabaya;design thinking;66.7
S0022;Nurul Kusuma;Surabaya;devops;77.0
S0022;Nurul Kusuma;Surabaya;docker;64.0
S0022;Nurul Kusuma;Surabaya;erd (entity relationship diagram);60.6
S0022;Nurul Kusuma;Surabaya;erp (enterprise resource planning);91.8
S0022;Nurul Kusuma;Surabaya;figma;76.2
S0022;Nurul Kusuma;Surabaya;firewall;99.3
S0022;Nurul Kusuma;Surabaya;git;55.3
S0022;Nurul Kusuma;Surabaya;github;98.1
S0022;Nurul Kusuma;Surabaya;graphql;90.2
S0022;Nurul Kusuma;Surabaya;html;75.3
S0022;Nurul Kusuma;Surabaya;http;85.1
S0022;Nurul Kusuma;Surabaya;information systems;99.2
S0022;Nurul Kusuma;Surabaya;jaringan komputer;76.4
S0022;Nurul Kusuma;Surabaya;java;78.6
S0022;Nurul Kusuma;Surabaya;json;56.3
S0022;Nurul Kusuma;Surabaya;kanban;81.6
S0022;Nurul Kusuma;Surabaya;klasifikasi (data);84.6
S0022;Nurul Kusuma;Surabaya;kpi (key performance indicator);76.1
S0022;Nurul Kusuma;Surabaya;kriptografi;96.2
S0022;Nurul Kusuma;Surabaya;laravel;66.6
S0022;Nurul Kusuma;Surabaya;linux;80.5
S0022;Nurul Kusuma;Surabaya;machine learning;65.7
S0022;Nurul Kusuma;Surabaya;microservices;84.4
S0022;Nurul Kusuma;Surabaya;microsoft excel;69.3
S0022;Nurul Kusuma;Surabaya;mysql;54.0
S0022;Nurul Kusuma;Surabaya;nosql;82.7
S0022;Nurul Kusuma;Surabaya;oop (object oriented programming);80.9
S0022;Nurul Kusuma;Surabaya;osi layer;78.9
S0022;Nurul Kusuma;Surabaya;php;95.8
S0022;Nurul Kusuma;Surabaya;prototyping;93.4
S0022;Nurul Kusuma;Surabaya;python;92.7
S0022;Nurul Kusuma;Surabaya;regresi;69.6
S0022;Nurul Kusuma;Surabaya;rest api;89.9
S0022;Nurul Kusuma;Surabaya;sap;78.5
S0022;Nurul Kusuma;Surabaya;scm (supply chain management);64.4
S0022;Nurul Kusuma;Surabaya;sprint (agile);62.0
S0022;Nurul Kusuma;Surabaya;statistika/probabilitas;93.4
S0022;Nurul Kusuma;Surabaya;ui/ux design;70.0
S0022;Nurul Kusuma;Surabaya;uml (unified modeling language);92.1
S0022;Nurul Kusuma;Surabaya;usability testing;87.6
S0022;Nurul Kusuma;Surabaya;use case diagram;89.1
S0022;Nurul Kusuma;Surabaya;vulnerability assessment;69.3
S0022;Nurul Kusuma;Surabaya;xml;81.4
S0023;Zainal Kurniawan;Surabaya;agile;70.1
S0023;Zainal Kurniawan;Surabaya;algorithm design;70.8
S0023;Zainal Kurniawan;Surabaya;basic programming;70.8
S0023;Zainal Kurniawan;Surabaya;basis data / database;84.0
S0023;Zainal Kurniawan;Surabaya;business intelligence;87.0
S0023;Zainal Kurniawan;Surabaya;cisco;68.2
S0023;Zainal Kurniawan;Surabaya;cloud computing;61.1
S0023;Zainal Kurniawan;Surabaya;clustering;67.0
S0023;Zainal Kurniawan;Surabaya;cobit;81.9
S0023;Zainal Kurniawan;Surabaya;crm (customer relationship management);93.6
S0023;Zainal Kurniawan;Surabaya;css;66.0
S0023;Zainal Kurniawan;Surabaya;data mining;96.4
S0023;Zainal Kurniawan;Surabaya;data warehouse;96.9
S0023;Zainal Kurniawan;Surabaya;design thinking;89.2
S0023;Zainal Kurniawan;Surabaya;devops;80.5
S0023;Zainal Kurniawan;Surabaya;docker;69.5
S0023;Zainal Kurniawan;Surabaya;erd (entity relationship diagram);97.6
S0023;Zainal Kurniawan;Surabaya;erp (enterprise resource planning);91.1
S0023;Zainal Kurniawan;Surabaya;figma;76.1
S0023;Zainal Kurniawan;Surabaya;firewall;78.8
S0023;Zainal Kurniawan;Surabaya;git;92.1
S0023;Zainal Kurniawan;Surabaya;github;99.9
S0023;Zainal Kurniawan;Surabaya;graphql;59.7
S0023;Zainal Kurniawan;Surabaya;html;59.9
S0023;Zainal Kurniawan;Surabaya;http;78.3
S0023;Zainal Kurniawan;Surabaya;information systems;99.9
S0023;Zainal Kurniawan;Surabaya;jaringan komputer;86.8
S0023;Zainal Kurniawan;Surabaya;java;96.8
S0023;Zainal Kurniawan;Surabaya;json;57.9
S0023;Zainal Kurniawan;Surabaya;kanban;92.8
S0023;Zainal Kurniawan;Surabaya;klasifikasi (data);79.1
S0023;Zainal Kurniawan;Surabaya;kriptografi;90.9
S0023;Zainal Kurniawan;Surabaya;linux;73.5
S0023;Zainal Kurniawan;Surabaya;machine learning;80.1
S0023;Zainal Kurniawan;Surabaya;microservices;55.3
S0023;Zainal Kurniawan;Surabaya;microsoft excel;73.2
S0023;Zainal Kurniawan;Surabaya;mysql;99.6
S0023;Zainal Kurniawan;Surabaya;nosql;88.6
S0023;Zainal Kurniawan;Surabaya;oop (object oriented programming);74.6
S0023;Zainal Kurniawan;Surabaya;osi layer;65.0
S0023;Zainal Kurniawan;Surabaya;php;92.9
S0023;Zainal Kurniawan;Surabaya;prototyping;98.3
S0023;Zainal Kurniawan;Surabaya;python;92.4
S0023;Zainal Kurniawan;Surabaya;regresi;85.4
S0023;Zainal Kurniawan;Surabaya;rest api;94.8
S0023;Zainal Kurniawan;Surabaya;scm (supply chain management);96.5
S0023;Zainal Kurniawan;Surabaya;sprint (agile);86.8
S0023;Zainal Kurniawan;Surabaya;sql;79.5
S0023;Zainal Kurniawan;Surabaya;statistika/probabilitas;91.0
S0023;Zainal Kurniawan;Surabaya;ui/ux design;85.4
S0023;Zainal Kurniawan;Surabaya;uml (unified modeling language);81.4
S0023;Zainal Kurniawan;Surabaya;usability testing;88.4
S0023;Zainal Kurniawan;Surabaya;use case diagram;81.4
S0023;Zainal Kurniawan;Surabaya;vulnerability assessment;92.4
S0023;Zainal Kurniawan;Surabaya;xml;61.2
S0024;Wulan Hidayat;Surabaya;agile;59.9
S0024;Wulan Hidayat;Surabaya;algorithm design;71.9
S0024;Wulan Hidayat;Surabaya;basic programming;71.9
S0024;Wulan Hidayat;Surabaya;basis data / database;84.5
S0024;Wulan Hidayat;Surabaya;business intelligence;95.8
S0024;Wulan Hidayat;Surabaya;cisco;85.5
S0024;Wulan Hidayat;Surabaya;cloud computing;80.0
S0024;Wulan Hidayat;Surabaya;clustering;67.7
S0024;Wulan Hidayat;Surabaya;cobit;90.8
S0024;Wulan Hidayat;Surabaya;crm (customer relationship management);70.9
S0024;Wulan Hidayat;Surabaya;css;79.6
S0024;Wulan Hidayat;Surabaya;data mining;95.7
S0024;Wulan Hidayat;Surabaya;data warehouse;71.4
S0024;Wulan Hidayat;Surabaya;design thinking;91.4
S0024;Wulan Hidayat;Surabaya;devops;74.0
S0024;Wulan Hidayat;Surabaya;docker;64.0
S0024;Wulan Hidayat;Surabaya;erd (entity relationship diagram);86.6
S0024;Wulan Hidayat;Surabaya;erp (enterprise resource planning);99.7
S0024;Wulan Hidayat;Surabaya;figma;81.7
S0024;Wulan Hidayat;Surabaya;git;73.9
S0024;Wulan Hidayat;Surabaya;github;85.6
S0024;Wulan Hidayat;Surabaya;graphql;84.0
S0024;Wulan Hidayat;Surabaya;html;76.2
S0024;Wulan Hidayat;Surabaya;http;97.2
S0024;Wulan Hidayat;Surabaya;information systems;99.9
S0024;Wulan Hidayat;Surabaya;java;61.4
S0024;Wulan Hidayat;Surabaya;json;66.7
S0024;Wulan Hidayat;Surabaya;kanban;89.9
S0024;Wulan Hidayat;Surabaya;klasifikasi (data);70.4
S0024;Wulan Hidayat;Surabaya;kpi (key performance indicator);82.4
S0024;Wulan Hidayat;Surabaya;laravel;82.8
S0024;Wulan Hidayat;Surabaya;linux;86.3
S0024;Wulan Hidayat;Surabaya;machine learning;59.0
S0024;Wulan Hidayat;Surabaya;microservices;67.0
S0024;Wulan Hidayat;Surabaya;microsoft excel;64.7
S0024;Wulan Hidayat;Surabaya;mysql;62.4
S0024;Wulan Hidayat;Surabaya;nosql;64.5
S0024;Wulan Hidayat;Surabaya;php;63.3
S0024;Wulan Hidayat;Surabaya;prototyping;92.5
S0024;Wulan Hidayat;Surabaya;python;74.0
S0024;Wulan Hidayat;Surabaya;regresi;63.9
S0024;Wulan Hidayat;Surabaya;rest api;61.0
S0024;Wulan Hidayat;Surabaya;sap;70.1
S0024;Wulan Hidayat;Surabaya;scm (supply chain management);81.7
S0024;Wulan Hidayat;Surabaya;sprint (agile);51.1
S0024;Wulan Hidayat;Surabaya;sql;76.5
S0024;Wulan Hidayat;Surabaya;statistika/probabilitas;83.4
S0024;Wulan Hidayat;Surabaya;ui/ux design;97.8
S0024;Wulan Hidayat;Surabaya;uml (unified modeling language);88.2
S0024;Wulan Hidayat;Surabaya;usability testing;93.0
S0024;Wulan Hidayat;Surabaya;use case diagram;80.6
S0024;Wulan Hidayat;Surabaya;vulnerability assessment;92.9
S0024;Wulan Hidayat;Surabaya;xml;84.7
S0025;Kartika Nugroho;Surabaya;agile;85.6
S0025;Kartika Nugroho;Surabaya;algorithm design;86.5
S0025;Kartika Nugroho;Surabaya;basic programming;86.5
S0025;Kartika Nugroho;Surabaya;basis data / database;95.6
S0025;Kartika Nugroho;Surabaya;business intelligence;93.7
S0025;Kartika Nugroho;Surabaya;cloud computing;95.8
S0025;Kartika Nugroho;Surabaya;clustering;58.6
S0025;Kartika Nugroho;Surabaya;cobit;85.1
S0025;Kartika Nugroho;Surabaya;crm (customer relationship management);68.3
S0025;Kartika Nugroho;Surabaya;css;85.1
S0025;Kartika Nugroho;Surabaya;data mining;88.1
S0025;Kartika Nugroho;Surabaya;data warehouse;74.4
S0025;Kartika Nugroho;Surabaya;design thinking;58.0
S0025;Kartika Nugroho;Surabaya;devops;74.4
S0025;Kartika Nugroho;Surabaya;docker;71.9
S0025;Kartika Nugroho;Surabaya;erd (entity relationship diagram);97.3
S0025;Kartika Nugroho;Surabaya;erp (enterprise resource planning);88.6
S0025;Kartika Nugroho;Surabaya;figma;72.8
S0025;Kartika Nugroho;Surabaya;git;83.3
S0025;Kartika Nugroho;Surabaya;github;77.8
S0025;Kartika Nugroho;Surabaya;graphql;60.2
S0025;Kartika Nugroho;Surabaya;html;51.0
S0025;Kartika Nugroho;Surabaya;http;83.2
S0025;Kartika Nugroho;Surabaya;information systems;98.1
S0025;Kartika Nugroho;Surabaya;jaringan komputer;99.7
S0025;Kartika Nugroho;Surabaya;java;78.2
S0025;Kartika Nugroho;Surabaya;json;69.5
S0025;Kartika Nugroho;Surabaya;kanban;78.0
S0025;Kartika Nugroho;Surabaya;klasifikasi (data);79.7
S0025;Kartika Nugroho;Surabaya;laravel;92.7
S0025;Kartika Nugroho;Surabaya;linux;77.3
S0025;Kartika Nugroho;Surabaya;machine learning;61.9
S0025;Kartika Nugroho;Surabaya;microservices;98.0
S0025;Kartika Nugroho;Surabaya;microsoft excel;95.5
S0025;Kartika Nugroho;Surabaya;mysql;53.7
S0025;Kartika Nugroho;Surabaya;nosql;88.8
S0025;Kartika Nugroho;Surabaya;oop (object oriented programming);98.5
S0025;Kartika Nugroho;Surabaya;osi layer;58.4
S0025;Kartika Nugroho;Surabaya;php;84.5
S0025;Kartika Nugroho;Surabaya;prototyping;90.3
S0025;Kartika Nugroho;Surabaya;python;96.6
S0025;Kartika Nugroho;Surabaya;rest api;77.0
S0025;Kartika Nugroho;Surabaya;sap;72.6
S0025;Kartika Nugroho;Surabaya;scm (supply chain management);90.9
S0025;Kartika Nugroho;Surabaya;sprint (agile);91.1
S0025;Kartika Nugroho;Surabaya;statistika/probabilitas;90.2
S0025;Kartika Nugroho;Surabaya;ui/ux design;86.4
S0025;Kartika Nugroho;Surabaya;uml (unified modeling language);86.1
S0025;Kartika Nugroho;Surabaya;usability testing;70.1
S0025;Kartika Nugroho;Surabaya;use case diagram;78.9
S0025;Kartika Nugroho;Surabaya;vulnerability assessment;83.5
S0025;Kartika Nugroho;Surabaya;xml;90.9
S0026;Hana Kusuma;Surabaya;agile;57.1
S0026;Hana Kusuma;Surabaya;algorithm design;92.9
S0026;Hana Kusuma;Surabaya;basic programming;92.9
S0026;Hana Kusuma;Surabaya;basis data / database;92.1
S0026;Hana Kusuma;Surabaya;business intelligence;89.0
S0026;Hana Kusuma;Surabaya;cisco;64.5
S0026;Hana Kusuma;Surabaya;cloud computing;69.4
S0026;Hana Kusuma;Surabaya;clustering;58.8
S0026;Hana Kusuma;Surabaya;cobit;99.3
S0026;Hana Kusuma;Surabaya;crm (customer relationship management);75.2
S0026;Hana Kusuma;Surabaya;css;90.7
S0026;Hana Kusuma;Surabaya;data mining;99.4
S0026;Hana Kusuma;Surabaya;data warehouse;95.0
S0026;Hana Kusuma;Surabaya;design thinking;63.7
S0026;Hana Kusuma;Surabaya;devops;54.4
S0026;Hana Kusuma;Surabaya;docker;67.0
S0026;Hana Kusuma;Surabaya;erp (enterprise resource planning);78.8
S0026;Hana Kusuma;Surabaya;figma;63.6
S0026;Hana Kusuma;Surabaya;firewall;76.3
S0026;Hana Kusuma;Surabaya;git;85.8
S0026;Hana Kusuma;Surabaya;github;89.1
S0026;Hana Kusuma;Surabaya;graphql;52.9
S0026;Hana Kusuma;Surabaya;http;85.9
S0026;Hana Kusuma;Surabaya;information systems;97.1
S0026;Hana Kusuma;Surabaya;jaringan komputer;97.7
S0026;Hana Kusuma;Surabaya;java;97.9
S0026;Hana Kusuma;Surabaya;json;61.2
S0026;Hana Kusuma;Surabaya;kanban;70.9
S0026;Hana Kusuma;Surabaya;klasifikasi (data);83.5
S0026;Hana Kusuma;Surabaya;kpi (key performance indicator);68.1
S0026;Hana Kusuma;Surabaya;laravel;90.0
S0026;Hana Kusuma;Surabaya;linux;82.6
S0026;Hana Kusuma;Surabaya;machine learning;67.3
S0026;Hana Kusuma;Surabaya;microservices;91.2
S0026;Hana Kusuma;Surabaya;microsoft excel;72.7
S0026;Hana Kusuma;Surabaya;mysql;55.0
S0026;Hana Kusuma;Surabaya;nosql;81.5
S0026;Hana Kusuma;Surabaya;oop (object oriented programming);79.1
S0026;Hana Kusuma;Surabaya;osi layer;69.4
S0026;Hana Kusuma;Surabaya;php;88.9
S0026;Hana Kusuma;Surabaya;prototyping;95.4
S0026;Hana Kusuma;Surabaya;python;90.9
S0026;Hana Kusuma;Surabaya;regresi;74.5
S0026;Hana Kusuma;Surabaya;rest api;75.4
S0026;Hana Kusuma;Surabaya;sap;67.8
S0026;Hana Kusuma;Surabaya;scm (supply chain management);92.2
S0026;Hana Kusuma;Surabaya;sprint (agile);60.8
S0026;Hana Kusuma;Surabaya;sql;66.5
S0026;Hana Kusuma;Surabaya;statistika/probabilitas;87.7
S0026;Hana Kusuma;Surabaya;ui/ux design;70.8
S0026;Hana Kusuma;Surabaya;uml (unified modeling language);58.7
S0026;Hana Kusuma;Surabaya;usability testing;72.2
S0026;Hana Kusuma;Surabaya;use case diagram;78.1
S0026;Hana Kusuma;Surabaya;vulnerability assessment;60.9
S0026;Hana Kusuma;Surabaya;xml;77.8
S0027;Umar Saputra;Surabaya;agile;82.1
S0027;Umar Saputra;Surabaya;algorithm design;94.8
S0027;Umar Saputra;Surabaya;basic programming;94.8
S0027;Umar Saputra;Surabaya;basis data / database;95.3
S0027;Umar Saputra;Surabaya;business intelligence;95.6
S0027;Umar Saputra;Surabaya;clustering;56.4
S0027;Umar Saputra;Surabaya;cobit;74.4
S0027;Umar Saputra;Surabaya;crm (customer relationship management);86.3
S0027;Umar Saputra;Surabaya;css;90.8
S0027;Umar Saputra;Surabaya;data mining;79.8
S0027;Umar Saputra;Surabaya;data warehouse;72.1
S0027;Umar Saputra;Surabaya;devops;92.1
S0027;Umar Saputra;Surabaya;docker;73.1
S0027;Umar Saputra;Surabaya;erd (entity relationship diagram);80.0
S0027;Umar Saputra;Surabaya;erp (enterprise resource planning);77.4
S0027;Umar Saputra;Surabaya;figma;63.5
S0027;Umar Saputra;Surabaya;firewall;62.3
S0027;Umar Saputra;Surabaya;git;58.5
S0027;Umar Saputra;Surabaya;github;84.1
S0027;Umar Saputra;Surabaya;graphql;88.2
S0027;Umar Saputra;Surabaya;html;53.3
S0027;Umar Saputra;Surabaya;http;96.4
S0027;Umar Saputra;Surabaya;information systems;99.6
S0027;Umar Saputra;Surabaya;jaringan komputer;92.4
S0027;Umar Saputra;Surabaya;java;91.5
S0027;Umar Saputra;Surabaya;json;72.0
S0027;Umar Saputra;Surabaya;kanban;95.5
S0027;Umar Saputra;Surabaya;klasifikasi (data);82.5
S0027;Umar Saputra;Surabaya;laravel;50.8
S0027;Umar Saputra;Surabaya;linux;98.3
S0027;Umar Saputra;Surabaya;machine learning;87.9
S0027;Umar Saputra;Surabaya;microservices;95.2
S0027;Umar Saputra;Surabaya;microsoft excel;82.8
S0027;Umar Saputra;Surabaya;mysql;83.6
S0027;Umar Saputra;Surabaya;nosql;81.8
S0027;Umar Saputra;Surabaya;oop (object oriented programming);63.1
S0027;Umar Saputra;Surabaya;osi layer;98.0
S0027;Umar Saputra;Surabaya;php;82.9
S0027;Umar Saputra;Surabaya;prototyping;92.5
S0027;Umar Saputra;Surabaya;python;69.6
S0027;Umar Saputra;Surabaya;rest api;53.1
S0027;Umar Saputra;Surabaya;scm (supply chain management);94.7
S0027;Umar Saputra;Surabaya;sql;86.0
S0027;Umar Saputra;Surabaya;statistika/probabilitas;91.9
S0027;Umar Saputra;Surabaya;ui/ux design;75.1
S0027;Umar Saputra;Surabaya;uml (unified modeling language);87.4
S0027;Umar Saputra;Surabaya;usability testing;70.5
S0027;Umar Saputra;Surabaya;use case diagram;94.4
S0027;Umar Saputra;Surabaya;vulnerability assessment;76.0
S0027;Umar Saputra;Surabaya;xml;54.5
S0028;Galih Rahman;Surabaya;agile;98.3
S0028;Galih Rahman;Surabaya;algorithm design;98.9
S0028;Galih Rahman;Surabaya;basic programming;98.9
S0028;Galih Rahman;Surabaya;basis data / database;85.6
S0028;Galih Rahman;Surabaya;cisco;50.4
S0028;Galih Rahman;Surabaya;cloud computing;59.4
S0028;Galih Rahman;Surabaya;clustering;53.7
S0028;Galih Rahman;Surabaya;cobit;90.4
S0028;Galih Rahman;Surabaya;crm (customer relationship management);50.9
S0028;Galih Rahman;Surabaya;css;97.8
S0028;Galih Rahman;Surabaya;data mining;84.0
S0028;Galih Rahman;Surabaya;data warehouse;77.6
S0028;Galih Rahman;Surabaya;design thinking;79.4
S0028;Galih Rahman;Surabaya;devops;63.3
S0028;Galih Rahman;Surabaya;erd (entity relationship diagram);94.5
S0028;Galih Rahman;Surabaya;erp (enterprise resource planning);83.3
S0028;Galih Rahman;Surabaya;figma;93.1
S0028;Galih Rahman;Surabaya;firewall;71.9
S0028;Galih Rahman;Surabaya;git;82.1
S0028;Galih Rahman;Surabaya;github;83.8
S0028;Galih Rahman;Surabaya;html;69.2
S0028;Galih Rahman;Surabaya;http;84.9
S0028;Galih Rahman;Surabaya;information systems;99.1
S0028;Galih Rahman;Surabaya;jaringan komputer;98.0
S0028;Galih Rahman;Surabaya;java;98.9
S0028;Galih Rahman;Surabaya;json;81.3
S0028;Galih Rahman;Surabaya;klasifikasi (data);97.1
S0028;Galih Rahman;Surabaya;laravel;75.1
S0028;Galih Rahman;Surabaya;linux;96.9
S0028;Galih Rahman;Surabaya;machine learning;51.6
S0028;Galih Rahman;Surabaya;microservices;93.6
S0028;Galih Rahman;Surabaya;microsoft excel;87.7
S0028;Galih Rahman;Surabaya;mysql;52.9
S0028;Galih Rahman;Surabaya;nosql;86.1
S0028;Galih Rahman;Surabaya;oop (object oriented programming);70.3
S0028;Galih Rahman;Surabaya;php;77.0
S0028;Galih Rahman;Surabaya;prototyping;94.2
S0028;Galih Rahman;Surabaya;python;77.6
S0028;Galih Rahman;Surabaya;regresi;97.3
S0028;Galih Rahman;Surabaya;scm (supply chain management);98.8
S0028;Galih Rahman;Surabaya;sprint (agile);63.1
S0028;Galih Rahman;Surabaya;sql;99.1
S0028;Galih Rahman;Surabaya;statistika/probabilitas;86.0
S0028;Galih Rahman;Surabaya;ui/ux design;63.9
S0028;Galih Rahman;Surabaya;uml (unified modeling language);94.4
S0028;Galih Rahman;Surabaya;usability testing;58.3
S0028;Galih Rahman;Surabaya;use case diagram;68.1
S0028;Galih Rahman;Surabaya;vulnerability assessment;99.9
S0028;Galih Rahman;Surabaya;xml;77.3
S0029;Umar Halim;Surabaya;agile;93.7
S0029;Umar Halim;Surabaya;algorithm design;75.0
S0029;Umar Halim;Surabaya;basic programming;75.0
S0029;Umar Halim;Surabaya;basis data / database;92.3
S0029;Umar Halim;Surabaya;business intelligence;66.2
S0029;Umar Halim;Surabaya;cisco;80.4
S0029;Umar Halim;Surabaya;cloud computing;72.4
S0029;Umar Halim;Surabaya;clustering;74.2
S0029;Umar Halim;Surabaya;cobit;74.2
S0029;Umar Halim;Surabaya;crm (customer relationship management);97.6
S0029;Umar Halim;Surabaya;css;56.9
S0029;Umar Halim;Surabaya;data mining;87.3
S0029;Umar Halim;Surabaya;data warehouse;65.5
S0029;Umar Halim;Surabaya;design thinking;57.9
S0029;Umar Halim;Surabaya;devops;52.5
S0029;Umar Halim;Surabaya;docker;66.2
S0029;Umar Halim;Surabaya;erd (entity relationship diagram);87.4
S0029;Umar Halim;Surabaya;erp (enterprise resource planning);69.2
S0029;Umar Halim;Surabaya;figma;99.6
S0029;Umar Halim;Surabaya;firewall;92.3
S0029;Umar Halim;Surabaya;git;81.3
S0029;Umar Halim;Surabaya;github;71.7
S0029;Umar Halim;Surabaya;graphql;83.1
S0029;Umar Halim;Surabaya;http;74.7
S0029;Umar Halim;Surabaya;information systems;97.5
S0029;Umar Halim;Surabaya;jaringan komputer;87.6
S0029;Umar Halim;Surabaya;java;100.0
S0029;Umar Halim;Surabaya;json;61.1
S0029;Umar Halim;Surabaya;kanban;55.4
S0029;Umar Halim;Surabaya;klasifikasi (data);87.5
S0029;Umar Halim;Surabaya;kpi (key performance indicator);69.3
S0029;Umar Halim;Surabaya;kriptografi;66.6
S0029;Umar Halim;Surabaya;laravel;60.2
S0029;Umar Halim;Surabaya;linux;81.5
S0029;Umar Halim;Surabaya;machine learning;53.8
S0029;Umar Halim;Surabaya;microservices;89.6
S0029;Umar Halim;Surabaya;microsoft excel;97.3
S0029;Umar Halim;Surabaya;mysql;50.5
S0029;Umar Halim;Surabaya;nosql;94.6
S0029;Umar Halim;Surabaya;oop (object oriented programming);82.9
S0029;Umar Halim;Surabaya;osi layer;59.1
S0029;Umar Halim;Surabaya;php;83.2
S0029;Umar Halim;Surabaya;prototyping;85.3
S0029;Umar Halim;Surabaya;python;83.4
S0029;Umar Halim;Surabaya;rest api;60.8
S0029;Umar Halim;Surabaya;scm (supply chain management);65.9
S0029;Umar Halim;Surabaya;sprint (agile);51.8
S0029;Umar Halim;Surabaya;sql;91.9
S0029;Umar Halim;Surabaya;statistika/probabilitas;85.9
S0029;Umar Halim;Surabaya;ui/ux design;78.3
S0029;Umar Halim;Surabaya;uml (unified modeling language);81.0
S0029;Umar Halim;Surabaya;usability testing;74.7
S0029;Umar Halim;Surabaya;use case diagram;61.8
S0029;Umar Halim;Surabaya;vulnerability assessment;89.7
S0029;Umar Halim;Surabaya;xml;63.4
S0030;Kartika Anggraini;Surabaya;agile;90.9
S0030;Kartika Anggraini;Surabaya;algorithm design;95.7
S0030;Kartika Anggraini;Surabaya;basic programming;95.7
S0030;Kartika Anggraini;Surabaya;basis data / database;83.9
S0030;Kartika Anggraini;Surabaya;business intelligence;96.9
S0030;Kartika Anggraini;Surabaya;cloud computing;99.2
S0030;Kartika Anggraini;Surabaya;clustering;63.7
S0030;Kartika Anggraini;Surabaya;cobit;62.8
S0030;Kartika Anggraini;Surabaya;crm (customer relationship management);98.2
S0030;Kartika Anggraini;Surabaya;css;90.3
S0030;Kartika Anggraini;Surabaya;data mining;96.8
S0030;Kartika Anggraini;Surabaya;data warehouse;97.7
S0030;Kartika Anggraini;Surabaya;design thinking;81.9
S0030;Kartika Anggraini;Surabaya;devops;74.1
S0030;Kartika Anggraini;Surabaya;docker;65.0
S0030;Kartika Anggraini;Surabaya;erd (entity relationship diagram);85.7
S0030;Kartika Anggraini;Surabaya;erp (enterprise resource planning);75.0
S0030;Kartika Anggraini;Surabaya;figma;77.2
S0030;Kartika Anggraini;Surabaya;firewall;82.4
S0030;Kartika Anggraini;Surabaya;git;81.8
S0030;Kartika Anggraini;Surabaya;github;96.7
S0030;Kartika Anggraini;Surabaya;graphql;96.2
S0030;Kartika Anggraini;Surabaya;html;67.0
S0030;Kartika Anggraini;Surabaya;information systems;97.3
S0030;Kartika Anggraini;Surabaya;jaringan komputer;91.4
S0030;Kartika Anggraini;Surabaya;java;73.6
S0030;Kartika Anggraini;Surabaya;json;61.1
S0030;Kartika Anggraini;Surabaya;kanban;90.0
S0030;Kartika Anggraini;Surabaya;klasifikasi (data);95.8
S0030;Kartika Anggraini;Surabaya;kriptografi;91.7
S0030;Kartika Anggraini;Surabaya;laravel;92.2
S0030;Kartika Anggraini;Surabaya;linux;85.0
S0030;Kartika Anggraini;Surabaya;microservices;94.9
S0030;Kartika Anggraini;Surabaya;microsoft excel;63.6
S0030;Kartika Anggraini;Surabaya;mysql;82.4
S0030;Kartika Anggraini;Surabaya;nosql;64.5
S0030;Kartika Anggraini;Surabaya;oop (object oriented programming);79.6
S0030;Kartika Anggraini;Surabaya;osi layer;86.3
S0030;Kartika Anggraini;Surabaya;php;86.4
S0030;Kartika Anggraini;Surabaya;prototyping;95.7
S0030;Kartika Anggraini;Surabaya;python;68.5
S0030;Kartika Anggraini;Surabaya;regresi;66.7
S0030;Kartika Anggraini;Surabaya;rest api;86.1
S0030;Kartika Anggraini;Surabaya;sap;87.1
S0030;Kartika Anggraini;Surabaya;scm (supply chain management);70.8
S0030;Kartika Anggraini;Surabaya;sprint (agile);77.1
S0030;Kartika Anggraini;Surabaya;sql;57.9
S0030;Kartika Anggraini;Surabaya;statistika/probabilitas;89.2
S0030;Kartika Anggraini;Surabaya;ui/ux design;96.8
S0030;Kartika Anggraini;Surabaya;uml (unified modeling language);60.8
S0030;Kartika Anggraini;Surabaya;usability testing;93.7
S0030;Kartika Anggraini;Surabaya;use case diagram;95.9
S0030;Kartika Anggraini;Surabaya;vulnerability assessment;84.1
S0030;Kartika Anggraini;Surabaya;xml;58.6
S0031;Fitri Utami;Surabaya;agile;88.3
S0031;Fitri Utami;Surabaya;algorithm design;89.7
S0031;Fitri Utami;Surabaya;basic programming;89.7
S0031;Fitri Utami;Surabaya;basis data / database;76.2
S0031;Fitri Utami;Surabaya;business intelligence;83.3
S0031;Fitri Utami;Surabaya;cisco;91.3
S0031;Fitri Utami;Surabaya;cloud computing;75.3
S0031;Fitri Utami;Surabaya;clustering;80.1
S0031;Fitri Utami;Surabaya;cobit;81.8
S0031;Fitri Utami;Surabaya;crm (customer relationship management);82.6
S0031;Fitri Utami;Surabaya;css;65.2
S0031;Fitri Utami;Surabaya;data mining;98.0
S0031;Fitri Utami;Surabaya;data warehouse;88.7
S0031;Fitri Utami;Surabaya;design thinking;93.1
S0031;Fitri Utami;Surabaya;devops;89.9
S0031;Fitri Utami;Surabaya;docker;89.1
S0031;Fitri Utami;Surabaya;erd (entity relationship diagram);99.8
S0031;Fitri Utami;Surabaya;erp (enterprise resource planning);96.5
S0031;Fitri Utami;Surabaya;figma;85.5
S0031;Fitri Utami;Surabaya;firewall;63.2
S0031;Fitri Utami;Surabaya;git;84.8
S0031;Fitri Utami;Surabaya;github;80.0
S0031;Fitri Utami;Surabaya;graphql;55.8
S0031;Fitri Utami;Surabaya;html;97.1
S0031;Fitri Utami;Surabaya;http;85.1
S0031;Fitri Utami;Surabaya;information systems;99.9
S0031;Fitri Utami;Surabaya;jaringan komputer;80.0
S0031;Fitri Utami;Surabaya;java;93.0
S0031;Fitri Utami;Surabaya;json;79.8
S0031;Fitri Utami;Surabaya;kanban;76.5
S0031;Fitri Utami;Surabaya;klasifikasi (data);89.3
S0031;Fitri Utami;Surabaya;kpi (key performance indicator);85.9
S0031;Fitri Utami;Surabaya;laravel;91.8
S0031;Fitri Utami;Surabaya;linux;94.2
S0031;Fitri Utami;Surabaya;microservices;96.2
S0031;Fitri Utami;Surabaya;microsoft excel;79.4
S0031;Fitri Utami;Surabaya;mysql;90.8
S0031;Fitri Utami;Surabaya;oop (object oriented programming);97.7
S0031;Fitri Utami;Surabaya;osi layer;73.6
S0031;Fitri Utami;Surabaya;php;91.6
S0031;Fitri Utami;Surabaya;prototyping;79.9
S0031;Fitri Utami;Surabaya;python;93.5
S0031;Fitri Utami;Surabaya;regresi;68.2
S0031;Fitri Utami;Surabaya;rest api;57.4
S0031;Fitri Utami;Surabaya;sap;62.4
S0031;Fitri Utami;Surabaya;scm (supply chain management);64.7
S0031;Fitri Utami;Surabaya;sql;98.5
S0031;Fitri Utami;Surabaya;statistika/probabilitas;90.0
S0031;Fitri Utami;Surabaya;ui/ux design;87.4
S0031;Fitri Utami;Surabaya;uml (unified modeling language);96.0
S0031;Fitri Utami;Surabaya;usability testing;60.7
S0031;Fitri Utami;Surabaya;use case diagram;89.3
S0031;Fitri Utami;Surabaya;vulnerability assessment;93.3
S0031;Fitri Utami;Surabaya;xml;98.0
S0032;Indra Puspita;Surabaya;agile;96.4
S0032;Indra Puspita;Surabaya;algorithm design;88.1
S0032;Indra Puspita;Surabaya;basic programming;88.1
S0032;Indra Puspita;Surabaya;basis data / database;89.4
S0032;Indra Puspita;Surabaya;business intelligence;98.2
S0032;Indra Puspita;Surabaya;cisco;79.5
S0032;Indra Puspita;Surabaya;cloud computing;70.6
S0032;Indra Puspita;Surabaya;clustering;67.7
S0032;Indra Puspita;Surabaya;cobit;86.7
S0032;Indra Puspita;Surabaya;crm (customer relationship management);87.7
S0032;Indra Puspita;Surabaya;css;73.6
S0032;Indra Puspita;Surabaya;data mining;82.6
S0032;Indra Puspita;Surabaya;data warehouse;72.5
S0032;Indra Puspita;Surabaya;design thinking;97.8
S0032;Indra Puspita;Surabaya;devops;98.1
S0032;Indra Puspita;Surabaya;erd (entity relationship diagram);56.9
S0032;Indra Puspita;Surabaya;erp (enterprise resource planning);81.7
S0032;Indra Puspita;Surabaya;figma;59.9
S0032;Indra Puspita;Surabaya;firewall;65.7
S0032;Indra Puspita;Surabaya;git;71.4
S0032;Indra Puspita;Surabaya;github;96.6
S0032;Indra Puspita;Surabaya;graphql;77.7
S0032;Indra Puspita;Surabaya;html;82.3
S0032;Indra Puspita;Surabaya;http;83.6
S0032;Indra Puspita;Surabaya;information systems;99.8
S0032;Indra Puspita;Surabaya;jaringan komputer;99.5
S0032;Indra Puspita;Surabaya;java;61.2
S0032;Indra Puspita;Surabaya;json;51.3
S0032;Indra Puspita;Surabaya;kanban;81.8
S0032;Indra Puspita;Surabaya;klasifikasi (data);64.2
S0032;Indra Puspita;Surabaya;kpi (key performance indicator);73.0
S0032;Indra Puspita;Surabaya;kriptografi;95.8
S0032;Indra Puspita;Surabaya;laravel;61.4
S0032;Indra Puspita;Surabaya;linux;87.9
S0032;Indra Puspita;Surabaya;machine learning;84.7
S0032;Indra Puspita;Surabaya;microservices;96.7
S0032;Indra Puspita;Surabaya;microsoft excel;66.7
S0032;Indra Puspita;Surabaya;nosql;80.0
S0032;Indra Puspita;Surabaya;oop (object oriented programming);59.4
S0032;Indra Puspita;Surabaya;php;97.9
S0032;Indra Puspita;Surabaya;prototyping;97.4
S0032;Indra Puspita;Surabaya;python;74.2
S0032;Indra Puspita;Surabaya;rest api;72.1
S0032;Indra Puspita;Surabaya;sap;98.6
S0032;Indra Puspita;Surabaya;scm (supply chain management);88.4
S0032;Indra Puspita;Surabaya;sql;63.8
S0032;Indra Puspita;Surabaya;statistika/probabilitas;87.7
S0032;Indra Puspita;Surabaya;ui/ux design;78.6
S0032;Indra Puspita;Surabaya;uml (unified modeling language);92.9
S0032;Indra Puspita;Surabaya;usability testing;70.5
S0032;Indra Puspita;Surabaya;use case diagram;93.9
S0032;Indra Puspita;Surabaya;vulnerability assessment;69.4
S0032;Indra Puspita;Surabaya;xml;83.2
S0033;Jihan Syahputra;Surabaya;agile;99.3
S0033;Jihan Syahputra;Surabaya;algorithm design;76.5
S0033;Jihan Syahputra;Surabaya;basic programming;76.5
S0033;Jihan Syahputra;Surabaya;basis data / database;95.5
S0033;Jihan Syahputra;Surabaya;business intelligence;85.2
S0033;Jihan Syahputra;Surabaya;cisco;97.9
S0033;Jihan Syahputra;Surabaya;cloud computing;96.3
S0033;Jihan Syahputra;Surabaya;clustering;88.4
S0033;Jihan Syahputra;Surabaya;cobit;99.1
S0033;Jihan Syahputra;Surabaya;crm (customer relationship management);81.8
S0033;Jihan Syahputra;Surabaya;css;52.7
S0033;Jihan Syahputra;Surabaya;data mining;99.5
S0033;Jihan Syahputra;Surabaya;data warehouse;91.1
S0033;Jihan Syahputra;Surabaya;design thinking;72.7
S0033;Jihan Syahputra;Surabaya;devops;93.2
S0033;Jihan Syahputra;Surabaya;docker;66.0
S0033;Jihan Syahputra;Surabaya;erd (entity relationship diagram);54.4
S0033;Jihan Syahputra;Surabaya;erp (enterprise resource planning);84.9
S0033;Jihan Syahputra;Surabaya;figma;68.8
S0033;Jihan Syahputra;Surabaya;firewall;54.2
S0033;Jihan Syahputra;Surabaya;git;67.6
S0033;Jihan Syahputra;Surabaya;github;83.5
S0033;Jihan Syahputra;Surabaya;graphql;89.5
S0033;Jihan Syahputra;Surabaya;html;59.5
S0033;Jihan Syahputra;Surabaya;http;94.3
S0033;Jihan Syahputra;Surabaya;information systems;97.0
S0033;Jihan Syahputra;Surabaya;jaringan komputer;68.1
S0033;Jihan Syahputra;Surabaya;java;69.3
S0033;Jihan Syahputra;Surabaya;json;57.6
S0033;Jihan Syahputra;Surabaya;kanban;93.2
S0033;Jihan Syahputra;Surabaya;klasifikasi (data);83.9
S0033;Jihan Syahputra;Surabaya;kpi (key performance indicator);61.9
S0033;Jihan Syahputra;Surabaya;kriptografi;71.3
S0033;Jihan Syahputra;Surabaya;laravel;61.2
S0033;Jihan Syahputra;Surabaya;linux;89.5
S0033;Jihan Syahputra;Surabaya;microservices;93.7
S0033;Jihan Syahputra;Surabaya;microsoft excel;96.0
S0033;Jihan Syahputra;Surabaya;mysql;56.6
S0033;Jihan Syahputra;Surabaya;nosql;99.8
S0033;Jihan Syahputra;Surabaya;oop (object oriented programming);58.9
S0033;Jihan Syahputra;Surabaya;osi layer;99.4
S0033;Jihan Syahputra;Surabaya;php;70.8
S0033;Jihan Syahputra;Surabaya;prototyping;98.7
S0033;Jihan Syahputra;Surabaya;python;82.3
S0033;Jihan Syahputra;Surabaya;rest api;95.2
S0033;Jihan Syahputra;Surabaya;sap;65.2
S0033;Jihan Syahputra;Surabaya;scm (supply chain management);80.3
S0033;Jihan Syahputra;Surabaya;sprint (agile);72.2
S0033;Jihan Syahputra;Surabaya;sql;88.5
S0033;Jihan Syahputra;Surabaya;statistika/probabilitas;99.7
S0033;Jihan Syahputra;Surabaya;uml (unified modeling language);86.4
S0033;Jihan Syahputra;Surabaya;usability testing;79.3
S0033;Jihan Syahputra;Surabaya;use case diagram;98.9
S0033;Jihan Syahputra;Surabaya;vulnerability assessment;81.5
S0033;Jihan Syahputra;Surabaya;xml;93.6
S0034;Chandra Permata;Surabaya;agile;83.3
S0034;Chandra Permata;Surabaya;algorithm design;89.9
S0034;Chandra Permata;Surabaya;basic programming;89.9
S0034;Chandra Permata;Surabaya;basis data / database;98.4
S0034;Chandra Permata;Surabaya;business intelligence;75.9
S0034;Chandra Permata;Surabaya;cisco;78.2
S0034;Chandra Permata;Surabaya;cloud computing;87.4
S0034;Chandra Permata;Surabaya;clustering;64.8
S0034;Chandra Permata;Surabaya;cobit;97.4
S0034;Chandra Permata;Surabaya;crm (customer relationship management);97.3
S0034;Chandra Permata;Surabaya;css;59.2
S0034;Chandra Permata;Surabaya;data mining;89.8
S0034;Chandra Permata;Surabaya;data warehouse;86.3
S0034;Chandra Permata;Surabaya;design thinking;53.7
S0034;Chandra Permata;Surabaya;devops;67.2
S0034;Chandra Permata;Surabaya;docker;65.7
S0034;Chandra Permata;Surabaya;erd (entity relationship diagram);63.5
S0034;Chandra Permata;Surabaya;erp (enterprise resource planning);97.3
S0034;Chandra Permata;Surabaya;figma;69.0
S0034;Chandra Permata;Surabaya;firewall;63.6
S0034;Chandra Permata;Surabaya;git;93.6
S0034;Chandra Permata;Surabaya;github;86.9
S0034;Chandra Permata;Surabaya;graphql;79.5
S0034;Chandra Permata;Surabaya;html;69.8
S0034;Chandra Permata;Surabaya;http;72.0
S0034;Chandra Permata;Surabaya;information systems;97.8
S0034;Chandra Permata;Surabaya;jaringan komputer;77.7
S0034;Chandra Permata;Surabaya;java;94.5
S0034;Chandra Permata;Surabaya;json;55.3
S0034;Chandra Permata;Surabaya;kanban;74.2
S0034;Chandra Permata;Surabaya;klasifikasi (data);78.2
S0034;Chandra Permata;Surabaya;kpi (key performance indicator);99.9
S0034;Chandra Permata;Surabaya;laravel;70.5
S0034;Chandra Permata;Surabaya;linux;99.1
S0034;Chandra Permata;Surabaya;machine learning;71.4
S0034;Chandra Permata;Surabaya;microservices;52.9
S0034;Chandra Permata;Surabaya;microsoft excel;94.2
S0034;Chandra Permata;Surabaya;mysql;56.8
S0034;Chandra Permata;Surabaya;nosql;96.4
S0034;Chandra Permata;Surabaya;oop (object oriented programming);81.0
S0034;Chandra Permata;Surabaya;osi layer;73.5
S0034;Chandra Permata;Surabaya;php;71.0
S0034;Chandra Permata;Surabaya;prototyping;94.4
S0034;Chandra Permata;Surabaya;python;88.5
S0034;Chandra Permata;Surabaya;regresi;55.6
S0034;Chandra Permata;Surabaya;rest api;62.1
S0034;Chandra Permata;Surabaya;sap;90.8
S0034;Chandra Permata;Surabaya;scm (supply chain management);95.8
S0034;Chandra Permata;Surabaya;sprint (agile);90.4
S0034;Chandra Permata;Surabaya;sql;57.0
S0034;Chandra Permata;Surabaya;statistika/probabilitas;70.2
S0034;Chandra Permata;Surabaya;ui/ux design;87.6
S0034;Chandra Permata;Surabaya;uml (unified modeling language);97.3
S0034;Chandra Permata;Surabaya;usability testing;93.0
S0034;Chandra Permata;Surabaya;use case diagram;99.7
S0034;Chandra Permata;Surabaya;vulnerability assessment;94.1
S0034;Chandra Permata;Surabaya;xml;60.8
S0035;Lestari Hidayat;Surabaya;agile;99.0
S0035;Lestari Hidayat;Surabaya;algorithm design;88.2
S0035;Lestari Hidayat;Surabaya;basic programming;88.2
S0035;Lestari Hidayat;Surabaya;basis data / database;95.6
S0035;Lestari Hidayat;Surabaya;business intelligence;62.8
S0035;Lestari Hidayat;Surabaya;cisco;82.5
S0035;Lestari Hidayat;Surabaya;cloud computing;99.2
S0035;Lestari Hidayat;Surabaya;clustering;65.2
S0035;Lestari Hidayat;Surabaya;cobit;75.4
S0035;Lestari Hidayat;Surabaya;crm (customer relationship management);93.3
S0035;Lestari Hidayat;Surabaya;css;77.0
S0035;Lestari Hidayat;Surabaya;data mining;99.5
S0035;Lestari Hidayat;Surabaya;data warehouse;99.1
S0035;Lestari Hidayat;Surabaya;design thinking;50.9
S0035;Lestari Hidayat;Surabaya;devops;98.3
S0035;Lestari Hidayat;Surabaya;docker;78.1
S0035;Lestari Hidayat;Surabaya;erd (entity relationship diagram);60.8
S0035;Lestari Hidayat;Surabaya;erp (enterprise resource planning);81.9
S0035;Lestari Hidayat;Surabaya;figma;83.2
S0035;Lestari Hidayat;Surabaya;git;85.3
S0035;Lestari Hidayat;Surabaya;github;89.2
S0035;Lestari Hidayat;Surabaya;graphql;59.9
S0035;Lestari Hidayat;Surabaya;html;79.4
S0035;Lestari Hidayat;Surabaya;http;76.9
S0035;Lestari Hidayat;Surabaya;information systems;99.8
S0035;Lestari Hidayat;Surabaya;jaringan komputer;96.3
S0035;Lestari Hidayat;Surabaya;java;92.5
S0035;Lestari Hidayat;Surabaya;json;97.7
S0035;Lestari Hidayat;Surabaya;kanban;62.0
S0035;Lestari Hidayat;Surabaya;klasifikasi (data);81.1
S0035;Lestari Hidayat;Surabaya;kriptografi;86.8
S0035;Lestari Hidayat;Surabaya;laravel;99.7
S0035;Lestari Hidayat;Surabaya;linux;96.6
S0035;Lestari Hidayat;Surabaya;machine learning;63.6
S0035;Lestari Hidayat;Surabaya;microservices;78.6
S0035;Lestari Hidayat;Surabaya;microsoft excel;73.6
S0035;Lestari Hidayat;Surabaya;mysql;72.1
S0035;Lestari Hidayat;Surabaya;nosql;55.5
S0035;Lestari Hidayat;Surabaya;oop (object oriented programming);50.3
S0035;Lestari Hidayat;Surabaya;osi layer;88.2
S0035;Lestari Hidayat;Surabaya;php;93.7
S0035;Lestari Hidayat;Surabaya;prototyping;92.7
S0035;Lestari Hidayat;Surabaya;python;98.9
S0035;Lestari Hidayat;Surabaya;regresi;84.7
S0035;Lestari Hidayat;Surabaya;rest api;93.9
S0035;Lestari Hidayat;Surabaya;sap;99.0
S0035;Lestari Hidayat;Surabaya;scm (supply chain management);92.7
S0035;Lestari Hidayat;Surabaya;sprint (agile);87.3
S0035;Lestari Hidayat;Surabaya;sql;81.8
S0035;Lestari Hidayat;Surabaya;statistika/probabilitas;82.1
S0035;Lestari Hidayat;Surabaya;ui/ux design;90.6
S0035;Lestari Hidayat;Surabaya;uml (unified modeling language);90.2
S0035;Lestari Hidayat;Surabaya;usability testing;77.6
S0035;Lestari Hidayat;Surabaya;use case diagram;89.0
S0035;Lestari Hidayat;Surabaya;vulnerability assessment;93.6
S0035;Lestari Hidayat;Surabaya;xml;72.0
S0036;Miko Setiawan;Surabaya;agile;72.7
S0036;Miko Setiawan;Surabaya;algorithm design;97.1
S0036;Miko Setiawan;Surabaya;basic programming;97.1
S0036;Miko Setiawan;Surabaya;basis data / database;92.7
S0036;Miko Setiawan;Surabaya;business intelligence;78.5
S0036;Miko Setiawan;Surabaya;cisco;80.0
S0036;Miko Setiawan;Surabaya;cloud computing;51.4
S0036;Miko Setiawan;Surabaya;clustering;91.3
S0036;Miko Setiawan;Surabaya;cobit;93.8
S0036;Miko Setiawan;Surabaya;crm (customer relationship management);92.9
S0036;Miko Setiawan;Surabaya;css;64.9
S0036;Miko Setiawan;Surabaya;data mining;78.4
S0036;Miko Setiawan;Surabaya;data warehouse;91.1
S0036;Miko Setiawan;Surabaya;design thinking;85.2
S0036;Miko Setiawan;Surabaya;devops;93.7
S0036;Miko Setiawan;Surabaya;docker;72.2
S0036;Miko Setiawan;Surabaya;erd (entity relationship diagram);76.4
S0036;Miko Setiawan;Surabaya;erp (enterprise resource planning);91.9
S0036;Miko Setiawan;Surabaya;figma;82.3
S0036;Miko Setiawan;Surabaya;git;97.6
S0036;Miko Setiawan;Surabaya;github;95.1
S0036;Miko Setiawan;Surabaya;graphql;68.4
S0036;Miko Setiawan;Surabaya;html;74.4
S0036;Miko Setiawan;Surabaya;http;97.8
S0036;Miko Setiawan;Surabaya;information systems;99.9
S0036;Miko Setiawan;Surabaya;jaringan komputer;78.7
S0036;Miko Setiawan;Surabaya;java;87.7
S0036;Miko Setiawan;Surabaya;kanban;66.8
S0036;Miko Setiawan;Surabaya;klasifikasi (data);96.5
S0036;Miko Setiawan;Surabaya;kpi (key performance indicator);51.1
S0036;Miko Setiawan;Surabaya;kriptografi;83.5
S0036;Miko Setiawan;Surabaya;laravel;67.6
S0036;Miko Setiawan;Surabaya;linux;85.1
S0036;Miko Setiawan;Surabaya;machine learning;89.6
S0036;Miko Setiawan;Surabaya;microservices;89.1
S0036;Miko Setiawan;Surabaya;microsoft excel;50.7
S0036;Miko Setiawan;Surabaya;mysql;56.5
S0036;Miko Setiawan;Surabaya;nosql;50.8
S0036;Miko Setiawan;Surabaya;osi layer;76.2
S0036;Miko Setiawan;Surabaya;php;94.3
S0036;Miko Setiawan;Surabaya;prototyping;94.7
S0036;Miko Setiawan;Surabaya;python;89.3
S0036;Miko Setiawan;Surabaya;regresi;98.4
S0036;Miko Setiawan;Surabaya;rest api;56.8
S0036;Miko Setiawan;Surabaya;sap;68.8
S0036;Miko Setiawan;Surabaya;scm (supply chain management);95.9
S0036;Miko Setiawan;Surabaya;sprint (agile);56.8
S0036;Miko Setiawan;Surabaya;sql;91.2
S0036;Miko Setiawan;Surabaya;statistika/probabilitas;99.6
S0036;Miko Setiawan;Surabaya;ui/ux design;83.4
S0036;Miko Setiawan;Surabaya;uml (unified modeling language);91.1
S0036;Miko Setiawan;Surabaya;usability testing;67.8
S0036;Miko Setiawan;Surabaya;use case diagram;74.8
S0036;Miko Setiawan;Surabaya;vulnerability assessment;98.8
S0036;Miko Setiawan;Surabaya;xml;59.7
S0037;Fitri Halim;Surabaya;agile;88.4
S0037;Fitri Halim;Surabaya;algorithm design;89.3
S0037;Fitri Halim;Surabaya;basic programming;89.3
S0037;Fitri Halim;Surabaya;basis data / database;96.0
S0037;Fitri Halim;Surabaya;business intelligence;65.4
S0037;Fitri Halim;Surabaya;cisco;75.7
S0037;Fitri Halim;Surabaya;cloud computing;82.3
S0037;Fitri Halim;Surabaya;clustering;58.8
S0037;Fitri Halim;Surabaya;cobit;84.9
S0037;Fitri Halim;Surabaya;crm (customer relationship management);73.6
S0037;Fitri Halim;Surabaya;css;90.4
S0037;Fitri Halim;Surabaya;data mining;96.8
S0037;Fitri Halim;Surabaya;data warehouse;78.7
S0037;Fitri Halim;Surabaya;design thinking;91.5
S0037;Fitri Halim;Surabaya;devops;73.8
S0037;Fitri Halim;Surabaya;docker;72.7
S0037;Fitri Halim;Surabaya;erd (entity relationship diagram);52.3
S0037;Fitri Halim;Surabaya;erp (enterprise resource planning);80.0
S0037;Fitri Halim;Surabaya;figma;94.3
S0037;Fitri Halim;Surabaya;firewall;83.1
S0037;Fitri Halim;Surabaya;git;89.3
S0037;Fitri Halim;Surabaya;github;74.5
S0037;Fitri Halim;Surabaya;http;57.0
S0037;Fitri Halim;Surabaya;information systems;99.6
S0037;Fitri Halim;Surabaya;jaringan komputer;69.8
S0037;Fitri Halim;Surabaya;java;81.4
S0037;Fitri Halim;Surabaya;json;72.3
S0037;Fitri Halim;Surabaya;kanban;79.6
S0037;Fitri Halim;Surabaya;klasifikasi (data);73.7
S0037;Fitri Halim;Surabaya;kriptografi;86.2
S0037;Fitri Halim;Surabaya;laravel;62.3
S0037;Fitri Halim;Surabaya;linux;96.1
S0037;Fitri Halim;Surabaya;machine learning;54.0
S0037;Fitri Halim;Surabaya;microservices;95.6
S0037;Fitri Halim;Surabaya;microsoft excel;68.4
S0037;Fitri Halim;Surabaya;mysql;86.2
S0037;Fitri Halim;Surabaya;nosql;55.2
S0037;Fitri Halim;Surabaya;oop (object oriented programming);57.2
S0037;Fitri Halim;Surabaya;osi layer;60.5
S0037;Fitri Halim;Surabaya;php;99.8
S0037;Fitri Halim;Surabaya;prototyping;83.5
S0037;Fitri Halim;Surabaya;python;71.3
S0037;Fitri Halim;Surabaya;regresi;86.0
S0037;Fitri Halim;Surabaya;rest api;73.7
S0037;Fitri Halim;Surabaya;sap;51.2
S0037;Fitri Halim;Surabaya;scm (supply chain management);92.0
S0037;Fitri Halim;Surabaya;sprint (agile);61.9
S0037;Fitri Halim;Surabaya;sql;51.0
S0037;Fitri Halim;Surabaya;statistika/probabilitas;77.5
S0037;Fitri Halim;Surabaya;uml (unified modeling language);87.1
S0037;Fitri Halim;Surabaya;usability testing;74.5
S0037;Fitri Halim;Surabaya;use case diagram;76.7
S0037;Fitri Halim;Surabaya;xml;66.7
S0038;Kurnia Pratama;Surabaya;agile;74.7
S0038;Kurnia Pratama;Surabaya;algorithm design;98.7
S0038;Kurnia Pratama;Surabaya;basic programming;98.7
S0038;Kurnia Pratama;Surabaya;basis data / database;78.9
S0038;Kurnia Pratama;Surabaya;business intelligence;77.1
S0038;Kurnia Pratama;Surabaya;cisco;83.4
S0038;Kurnia Pratama;Surabaya;cloud computing;71.3
S0038;Kurnia Pratama;Surabaya;clustering;53.8
S0038;Kurnia Pratama;Surabaya;cobit;54.2
S0038;Kurnia Pratama;Surabaya;crm (customer relationship management);82.2
S0038;Kurnia Pratama;Surabaya;data mining;92.9
S0038;Kurnia Pratama;Surabaya;data warehouse;65.4
S0038;Kurnia Pratama;Surabaya;design thinking;71.0
S0038;Kurnia Pratama;Surabaya;devops;84.5
S0038;Kurnia Pratama;Surabaya;docker;83.9
S0038;Kurnia Pratama;Surabaya;erd (entity relationship diagram);82.7
S0038;Kurnia Pratama;Surabaya;erp (enterprise resource planning);96.9
S0038;Kurnia Pratama;Surabaya;figma;69.0
S0038;Kurnia Pratama;Surabaya;firewall;81.1
S0038;Kurnia Pratama;Surabaya;github;96.8
S0038;Kurnia Pratama;Surabaya;graphql;79.0
S0038;Kurnia Pratama;Surabaya;http;79.8
S0038;Kurnia Pratama;Surabaya;information systems;97.3
S0038;Kurnia Pratama;Surabaya;jaringan komputer;67.8
S0038;Kurnia Pratama;Surabaya;java;86.1
S0038;Kurnia Pratama;Surabaya;kanban;89.3
S0038;Kurnia Pratama;Surabaya;klasifikasi (data);94.8
S0038;Kurnia Pratama;Surabaya;kpi (key performance indicator);85.1
S0038;Kurnia Pratama;Surabaya;kriptografi;50.7
S0038;Kurnia Pratama;Surabaya;laravel;83.9
S0038;Kurnia Pratama;Surabaya;linux;75.2
S0038;Kurnia Pratama;Surabaya;microservices;75.5
S0038;Kurnia Pratama;Surabaya;mysql;68.0
S0038;Kurnia Pratama;Surabaya;nosql;91.8
S0038;Kurnia Pratama;Surabaya;oop (object oriented programming);51.9
S0038;Kurnia Pratama;Surabaya;php;92.6
S0038;Kurnia Pratama;Surabaya;prototyping;85.4
S0038;Kurnia Pratama;Surabaya;python;69.5
S0038;Kurnia Pratama;Surabaya;regresi;77.0
S0038;Kurnia Pratama;Surabaya;rest api;96.3
S0038;Kurnia Pratama;Surabaya;sap;61.1
S0038;Kurnia Pratama;Surabaya;scm (supply chain management);87.5
S0038;Kurnia Pratama;Surabaya;sprint (agile);88.5
S0038;Kurnia Pratama;Surabaya;sql;77.8
S0038;Kurnia Pratama;Surabaya;statistika/probabilitas;82.9
S0038;Kurnia Pratama;Surabaya;ui/ux design;92.7
S0038;Kurnia Pratama;Surabaya;uml (unified modeling language);95.8
S0038;Kurnia Pratama;Surabaya;usability testing;67.1
S0038;Kurnia Pratama;Surabaya;use case diagram;85.7
S0038;Kurnia Pratama;Surabaya;vulnerability assessment;95.1
S0039;Ahmad Permata;Surabaya;agile;89.0
S0039;Ahmad Permata;Surabaya;algorithm design;91.4
S0039;Ahmad Permata;Surabaya;basic programming;91.4
S0039;Ahmad Permata;Surabaya;basis data / database;75.3
S0039;Ahmad Permata;Surabaya;business intelligence;71.0
S0039;Ahmad Permata;Surabaya;cloud computing;71.1
S0039;Ahmad Permata;Surabaya;clustering;84.4
S0039;Ahmad Permata;Surabaya;cobit;85.3
S0039;Ahmad Permata;Surabaya;crm (customer relationship management);95.8
S0039;Ahmad Permata;Surabaya;data mining;91.3
S0039;Ahmad Permata;Surabaya;data warehouse;83.2
S0039;Ahmad Permata;Surabaya;design thinking;54.3
S0039;Ahmad Permata;Surabaya;devops;93.8
S0039;Ahmad Permata;Surabaya;erd (entity relationship diagram);89.4
S0039;Ahmad Permata;Surabaya;erp (enterprise resource planning);96.9
S0039;Ahmad Permata;Surabaya;figma;81.7
S0039;Ahmad Permata;Surabaya;firewall;74.5
S0039;Ahmad Permata;Surabaya;git;88.8
S0039;Ahmad Permata;Surabaya;github;81.2
S0039;Ahmad Permata;Surabaya;graphql;89.3
S0039;Ahmad Permata;Surabaya;html;80.0
S0039;Ahmad Permata;Surabaya;information systems;99.9
S0039;Ahmad Permata;Surabaya;jaringan komputer;97.0
S0039;Ahmad Permata;Surabaya;java;97.7
S0039;Ahmad Permata;Surabaya;json;92.3
S0039;Ahmad Permata;Surabaya;klasifikasi (data);73.6
S0039;Ahmad Permata;Surabaya;laravel;50.4
S0039;Ahmad Permata;Surabaya;linux;92.6
S0039;Ahmad Permata;Surabaya;machine learning;95.5
S0039;Ahmad Permata;Surabaya;microservices;77.6
S0039;Ahmad Permata;Surabaya;microsoft excel;79.5
S0039;Ahmad Permata;Surabaya;mysql;56.9
S0039;Ahmad Permata;Surabaya;nosql;87.3
S0039;Ahmad Permata;Surabaya;oop (object oriented programming);87.8
S0039;Ahmad Permata;Surabaya;osi layer;52.7
S0039;Ahmad Permata;Surabaya;php;58.5
S0039;Ahmad Permata;Surabaya;prototyping;97.8
S0039;Ahmad Permata;Surabaya;python;83.4
S0039;Ahmad Permata;Surabaya;regresi;84.5
S0039;Ahmad Permata;Surabaya;rest api;63.9
S0039;Ahmad Permata;Surabaya;sap;97.8
S0039;Ahmad Permata;Surabaya;scm (supply chain management);77.8
S0039;Ahmad Permata;Surabaya;sprint (agile);97.2
S0039;Ahmad Permata;Surabaya;sql;87.5
S0039;Ahmad Permata;Surabaya;statistika/probabilitas;94.0
S0039;Ahmad Permata;Surabaya;ui/ux design;72.3
S0039;Ahmad Permata;Surabaya;uml (unified modeling language);77.0
S0039;Ahmad Permata;Surabaya;usability testing;72.4
S0039;Ahmad Permata;Surabaya;use case diagram;90.4
S0039;Ahmad Permata;Surabaya;vulnerability assessment;68.9
S0039;Ahmad Permata;Surabaya;xml;98.0
S0040;Farhan Maharani;Surabaya;agile;75.5
S0040;Farhan Maharani;Surabaya;algorithm design;98.6
S0040;Farhan Maharani;Surabaya;basic programming;98.6
S0040;Farhan Maharani;Surabaya;basis data / database;87.4
S0040;Farhan Maharani;Surabaya;business intelligence;85.1
S0040;Farhan Maharani;Surabaya;cloud computing;55.2
S0040;Farhan Maharani;Surabaya;cobit;92.4
S0040;Farhan Maharani;Surabaya;crm (customer relationship management);85.1
S0040;Farhan Maharani;Surabaya;data mining;76.5
S0040;Farhan Maharani;Surabaya;data warehouse;92.8
S0040;Farhan Maharani;Surabaya;design thinking;96.1
S0040;Farhan Maharani;Surabaya;devops;73.1
S0040;Farhan Maharani;Surabaya;docker;92.1
S0040;Farhan Maharani;Surabaya;erd (entity relationship diagram);62.5
S0040;Farhan Maharani;Surabaya;erp (enterprise resource planning);82.6
S0040;Farhan Maharani;Surabaya;figma;52.3
S0040;Farhan Maharani;Surabaya;firewall;66.6
S0040;Farhan Maharani;Surabaya;git;65.8
S0040;Farhan Maharani;Surabaya;github;75.7
S0040;Farhan Maharani;Surabaya;graphql;98.9
S0040;Farhan Maharani;Surabaya;html;65.9
S0040;Farhan Maharani;Surabaya;http;93.6
S0040;Farhan Maharani;Surabaya;information systems;99.1
S0040;Farhan Maharani;Surabaya;jaringan komputer;93.5
S0040;Farhan Maharani;Surabaya;java;92.6
S0040;Farhan Maharani;Surabaya;kanban;74.2
S0040;Farhan Maharani;Surabaya;klasifikasi (data);91.5
S0040;Farhan Maharani;Surabaya;kpi (key performance indicator);92.6
S0040;Farhan Maharani;Surabaya;laravel;78.4
S0040;Farhan Maharani;Surabaya;linux;97.8
S0040;Farhan Maharani;Surabaya;microservices;98.2
S0040;Farhan Maharani;Surabaya;microsoft excel;85.8
S0040;Farhan Maharani;Surabaya;mysql;64.4
S0040;Farhan Maharani;Surabaya;nosql;92.1
S0040;Farhan Maharani;Surabaya;oop (object oriented programming);53.1
S0040;Farhan Maharani;Surabaya;osi layer;65.4
S0040;Farhan Maharani;Surabaya;php;77.0
S0040;Farhan Maharani;Surabaya;prototyping;90.9
S0040;Farhan Maharani;Surabaya;python;62.5
S0040;Farhan Maharani;Surabaya;rest api;61.6
S0040;Farhan Maharani;Surabaya;sap;95.6
S0040;Farhan Maharani;Surabaya;scm (supply chain management);81.0
S0040;Farhan Maharani;Surabaya;sprint (agile);94.3
S0040;Farhan Maharani;Surabaya;sql;81.1
S0040;Farhan Maharani;Surabaya;statistika/probabilitas;94.5
S0040;Farhan Maharani;Surabaya;ui/ux design;92.2
S0040;Farhan Maharani;Surabaya;uml (unified modeling language);86.8
S0040;Farhan Maharani;Surabaya;usability testing;86.5
S0040;Farhan Maharani;Surabaya;use case diagram;87.8
S0040;Farhan Maharani;Surabaya;vulnerability assessment;76.0
S0040;Farhan Maharani;Surabaya;xml;88.2
S0041;Ahmad Hidayat;Surabaya;agile;87.4
S0041;Ahmad Hidayat;Surabaya;algorithm design;99.2
S0041;Ahmad Hidayat;Surabaya;basic programming;99.2
S0041;Ahmad Hidayat;Surabaya;basis data / database;83.0
S0041;Ahmad Hidayat;Surabaya;business intelligence;82.3
S0041;Ahmad Hidayat;Surabaya;cisco;98.7
S0041;Ahmad Hidayat;Surabaya;cloud computing;82.4
S0041;Ahmad Hidayat;Surabaya;cobit;99.9
S0041;Ahmad Hidayat;Surabaya;crm (customer relationship management);89.8
S0041;Ahmad Hidayat;Surabaya;data mining;62.8
S0041;Ahmad Hidayat;Surabaya;data warehouse;65.5
S0041;Ahmad Hidayat;Surabaya;design thinking;81.7
S0041;Ahmad Hidayat;Surabaya;devops;59.4
S0041;Ahmad Hidayat;Surabaya;docker;92.6
S0041;Ahmad Hidayat;Surabaya;erd (entity relationship diagram);95.1
S0041;Ahmad Hidayat;Surabaya;erp (enterprise resource planning);81.8
S0041;Ahmad Hidayat;Surabaya;figma;67.8
S0041;Ahmad Hidayat;Surabaya;firewall;91.2
S0041;Ahmad Hidayat;Surabaya;git;73.1
S0041;Ahmad Hidayat;Surabaya;github;94.8
S0041;Ahmad Hidayat;Surabaya;graphql;91.1
S0041;Ahmad Hidayat;Surabaya;html;84.6
S0041;Ahmad Hidayat;Surabaya;http;87.9
S0041;Ahmad Hidayat;Surabaya;information systems;98.3
S0041;Ahmad Hidayat;Surabaya;jaringan komputer;86.7
S0041;Ahmad Hidayat;Surabaya;java;90.4
S0041;Ahmad Hidayat;Surabaya;json;88.9
S0041;Ahmad Hidayat;Surabaya;kanban;57.4
S0041;Ahmad Hidayat;Surabaya;klasifikasi (data);81.7
S0041;Ahmad Hidayat;Surabaya;kpi (key performance indicator);76.2
S0041;Ahmad Hidayat;Surabaya;kriptografi;95.8
S0041;Ahmad Hidayat;Surabaya;laravel;67.2
S0041;Ahmad Hidayat;Surabaya;linux;80.2
S0041;Ahmad Hidayat;Surabaya;microservices;76.4
S0041;Ahmad Hidayat;Surabaya;microsoft excel;69.9
S0041;Ahmad Hidayat;Surabaya;mysql;71.3
S0041;Ahmad Hidayat;Surabaya;oop (object oriented programming);56.6
S0041;Ahmad Hidayat;Surabaya;osi layer;73.8
S0041;Ahmad Hidayat;Surabaya;php;99.6
S0041;Ahmad Hidayat;Surabaya;prototyping;98.5
S0041;Ahmad Hidayat;Surabaya;python;81.9
S0041;Ahmad Hidayat;Surabaya;regresi;71.0
S0041;Ahmad Hidayat;Surabaya;rest api;63.1
S0041;Ahmad Hidayat;Surabaya;scm (supply chain management);83.6
S0041;Ahmad Hidayat;Surabaya;sprint (agile);81.7
S0041;Ahmad Hidayat;Surabaya;sql;98.9
S0041;Ahmad Hidayat;Surabaya;statistika/probabilitas;99.0
S0041;Ahmad Hidayat;Surabaya;ui/ux design;68.2
S0041;Ahmad Hidayat;Surabaya;uml (unified modeling language);93.4
S0041;Ahmad Hidayat;Surabaya;usability testing;86.2
S0041;Ahmad Hidayat;Surabaya;use case diagram;70.2
S0041;Ahmad Hidayat;Surabaya;vulnerability assessment;85.8
S0042;Hesti Wijaya;Surabaya;agile;69.2
S0042;Hesti Wijaya;Surabaya;algorithm design;96.5
S0042;Hesti Wijaya;Surabaya;basic programming;96.5
S0042;Hesti Wijaya;Surabaya;basis data / database;91.2
S0042;Hesti Wijaya;Surabaya;business intelligence;98.7
S0042;Hesti Wijaya;Surabaya;cisco;69.6
S0042;Hesti Wijaya;Surabaya;cloud computing;92.0
S0042;Hesti Wijaya;Surabaya;clustering;82.5
S0042;Hesti Wijaya;Surabaya;cobit;58.7
S0042;Hesti Wijaya;Surabaya;crm (customer relationship management);64.5
S0042;Hesti Wijaya;Surabaya;data mining;99.9
S0042;Hesti Wijaya;Surabaya;data warehouse;98.3
S0042;Hesti Wijaya;Surabaya;devops;91.5
S0042;Hesti Wijaya;Surabaya;docker;55.2
S0042;Hesti Wijaya;Surabaya;erd (entity relationship diagram);64.1
S0042;Hesti Wijaya;Surabaya;erp (enterprise resource planning);95.2
S0042;Hesti Wijaya;Surabaya;figma;60.4
S0042;Hesti Wijaya;Surabaya;firewall;64.6
S0042;Hesti Wijaya;Surabaya;github;79.5
S0042;Hesti Wijaya;Surabaya;graphql;75.1
S0042;Hesti Wijaya;Surabaya;html;69.8
S0042;Hesti Wijaya;Surabaya;http;82.3
S0042;Hesti Wijaya;Surabaya;information systems;98.7
S0042;Hesti Wijaya;Surabaya;jaringan komputer;52.4
S0042;Hesti Wijaya;Surabaya;java;81.3
S0042;Hesti Wijaya;Surabaya;json;81.3
S0042;Hesti Wijaya;Surabaya;kanban;55.7
S0042;Hesti Wijaya;Surabaya;klasifikasi (data);91.3
S0042;Hesti Wijaya;Surabaya;kpi (key performance indicator);73.9
S0042;Hesti Wijaya;Surabaya;kriptografi;56.5
S0042;Hesti Wijaya;Surabaya;linux;99.6
S0042;Hesti Wijaya;Surabaya;machine learning;72.3
S0042;Hesti Wijaya;Surabaya;microservices;59.6
S0042;Hesti Wijaya;Surabaya;microsoft excel;66.2
S0042;Hesti Wijaya;Surabaya;mysql;63.2
S0042;Hesti Wijaya;Surabaya;nosql;87.1
S0042;Hesti Wijaya;Surabaya;oop (object oriented programming);72.6
S0042;Hesti Wijaya;Surabaya;osi layer;78.2
S0042;Hesti Wijaya;Surabaya;php;75.6
S0042;Hesti Wijaya;Surabaya;prototyping;99.3
S0042;Hesti Wijaya;Surabaya;python;88.6
S0042;Hesti Wijaya;Surabaya;regresi;58.8
S0042;Hesti Wijaya;Surabaya;rest api;99.8
S0042;Hesti Wijaya;Surabaya;sap;77.0
S0042;Hesti Wijaya;Surabaya;scm (supply chain management);80.3
S0042;Hesti Wijaya;Surabaya;sprint (agile);53.4
S0042;Hesti Wijaya;Surabaya;sql;63.3
S0042;Hesti Wijaya;Surabaya;statistika/probabilitas;88.9
S0042;Hesti Wijaya;Surabaya;ui/ux design;67.5
S0042;Hesti Wijaya;Surabaya;uml (unified modeling language);90.1
S0042;Hesti Wijaya;Surabaya;usability testing;90.4
S0042;Hesti Wijaya;Surabaya;use case diagram;76.7
S0042;Hesti Wijaya;Surabaya;vulnerability assessment;78.0
S0043;Agus Syahputra;Surabaya;agile;83.8
S0043;Agus Syahputra;Surabaya;algorithm design;88.7
S0043;Agus Syahputra;Surabaya;basic programming;88.7
S0043;Agus Syahputra;Surabaya;basis data / database;98.5
S0043;Agus Syahputra;Surabaya;business intelligence;71.0
S0043;Agus Syahputra;Surabaya;cisco;71.0
S0043;Agus Syahputra;Surabaya;cloud computing;78.6
S0043;Agus Syahputra;Surabaya;cobit;91.0
S0043;Agus Syahputra;Surabaya;crm (customer relationship management);90.3
S0043;Agus Syahputra;Surabaya;css;75.8
S0043;Agus Syahputra;Surabaya;data mining;90.9
S0043;Agus Syahputra;Surabaya;data warehouse;81.6
S0043;Agus Syahputra;Surabaya;design thinking;88.3
S0043;Agus Syahputra;Surabaya;devops;69.7
S0043;Agus Syahputra;Surabaya;docker;98.5
S0043;Agus Syahputra;Surabaya;erd (entity relationship diagram);55.6
S0043;Agus Syahputra;Surabaya;erp (enterprise resource planning);84.9
S0043;Agus Syahputra;Surabaya;figma;92.2
S0043;Agus Syahputra;Surabaya;git;64.9
S0043;Agus Syahputra;Surabaya;github;79.5
S0043;Agus Syahputra;Surabaya;graphql;87.1
S0043;Agus Syahputra;Surabaya;html;84.8
S0043;Agus Syahputra;Surabaya;http;94.8
S0043;Agus Syahputra;Surabaya;information systems;98.9
S0043;Agus Syahputra;Surabaya;jaringan komputer;94.2
S0043;Agus Syahputra;Surabaya;java;78.2
S0043;Agus Syahputra;Surabaya;json;66.5
S0043;Agus Syahputra;Surabaya;klasifikasi (data);84.3
S0043;Agus Syahputra;Surabaya;kpi (key performance indicator);86.3
S0043;Agus Syahputra;Surabaya;kriptografi;77.2
S0043;Agus Syahputra;Surabaya;laravel;58.4
S0043;Agus Syahputra;Surabaya;linux;86.5
S0043;Agus Syahputra;Surabaya;machine learning;60.4
S0043;Agus Syahputra;Surabaya;microservices;75.6
S0043;Agus Syahputra;Surabaya;mysql;82.1
S0043;Agus Syahputra;Surabaya;osi layer;61.0
S0043;Agus Syahputra;Surabaya;php;82.0
S0043;Agus Syahputra;Surabaya;prototyping;98.5
S0043;Agus Syahputra;Surabaya;python;91.7
S0043;Agus Syahputra;Surabaya;regresi;89.8
S0043;Agus Syahputra;Surabaya;sap;62.3
S0043;Agus Syahputra;Surabaya;scm (supply chain management);75.9
S0043;Agus Syahputra;Surabaya;sprint (agile);74.1
S0043;Agus Syahputra;Surabaya;statistika/probabilitas;96.0
S0043;Agus Syahputra;Surabaya;ui/ux design;69.1
S0043;Agus Syahputra;Surabaya;uml (unified modeling language);98.7
S0043;Agus Syahputra;Surabaya;usability testing;72.1
S0043;Agus Syahputra;Surabaya;use case diagram;63.5
S0043;Agus Syahputra;Surabaya;vulnerability assessment;93.2
S0043;Agus Syahputra;Surabaya;xml;94.4
S0044;Ivan Anggraini;Surabaya;agile;62.4
S0044;Ivan Anggraini;Surabaya;algorithm design;71.9
S0044;Ivan Anggraini;Surabaya;basic programming;71.9
S0044;Ivan Anggraini;Surabaya;basis data / database;96.6
S0044;Ivan Anggraini;Surabaya;business intelligence;71.1
S0044;Ivan Anggraini;Surabaya;cisco;69.5
S0044;Ivan Anggraini;Surabaya;cloud computing;78.4
S0044;Ivan Anggraini;Surabaya;clustering;70.1
S0044;Ivan Anggraini;Surabaya;cobit;85.7
S0044;Ivan Anggraini;Surabaya;crm (customer relationship management);85.4
S0044;Ivan Anggraini;Surabaya;data mining;93.4
S0044;Ivan Anggraini;Surabaya;data warehouse;94.6
S0044;Ivan Anggraini;Surabaya;design thinking;54.4
S0044;Ivan Anggraini;Surabaya;devops;72.6
S0044;Ivan Anggraini;Surabaya;docker;75.9
S0044;Ivan Anggraini;Surabaya;erd (entity relationship diagram);53.9
S0044;Ivan Anggraini;Surabaya;erp (enterprise resource planning);70.2
S0044;Ivan Anggraini;Surabaya;figma;87.6
S0044;Ivan Anggraini;Surabaya;firewall;71.1
S0044;Ivan Anggraini;Surabaya;git;68.0
S0044;Ivan Anggraini;Surabaya;github;74.5
S0044;Ivan Anggraini;Surabaya;graphql;79.2
S0044;Ivan Anggraini;Surabaya;html;65.2
S0044;Ivan Anggraini;Surabaya;http;60.8
S0044;Ivan Anggraini;Surabaya;information systems;99.6
S0044;Ivan Anggraini;Surabaya;jaringan komputer;90.9
S0044;Ivan Anggraini;Surabaya;java;51.3
S0044;Ivan Anggraini;Surabaya;json;84.9
S0044;Ivan Anggraini;Surabaya;kanban;85.5
S0044;Ivan Anggraini;Surabaya;klasifikasi (data);96.1
S0044;Ivan Anggraini;Surabaya;kriptografi;94.2
S0044;Ivan Anggraini;Surabaya;laravel;98.8
S0044;Ivan Anggraini;Surabaya;linux;68.7
S0044;Ivan Anggraini;Surabaya;machine learning;81.6
S0044;Ivan Anggraini;Surabaya;microservices;77.9
S0044;Ivan Anggraini;Surabaya;microsoft excel;73.9
S0044;Ivan Anggraini;Surabaya;mysql;96.0
S0044;Ivan Anggraini;Surabaya;nosql;86.4
S0044;Ivan Anggraini;Surabaya;oop (object oriented programming);99.4
S0044;Ivan Anggraini;Surabaya;osi layer;70.8
S0044;Ivan Anggraini;Surabaya;php;94.8
S0044;Ivan Anggraini;Surabaya;prototyping;90.2
S0044;Ivan Anggraini;Surabaya;python;89.7
S0044;Ivan Anggraini;Surabaya;regresi;66.0
S0044;Ivan Anggraini;Surabaya;rest api;91.6
S0044;Ivan Anggraini;Surabaya;sap;80.6
S0044;Ivan Anggraini;Surabaya;scm (supply chain management);75.7
S0044;Ivan Anggraini;Surabaya;sprint (agile);57.4
S0044;Ivan Anggraini;Surabaya;sql;60.4
S0044;Ivan Anggraini;Surabaya;statistika/probabilitas;94.3
S0044;Ivan Anggraini;Surabaya;uml (unified modeling language);86.5
S0044;Ivan Anggraini;Surabaya;usability testing;97.1
S0044;Ivan Anggraini;Surabaya;use case diagram;85.4
S0044;Ivan Anggraini;Surabaya;vulnerability assessment;69.2
S0044;Ivan Anggraini;Surabaya;xml;89.2
S0045;Fitri Nugroho;Surabaya;agile;56.5
S0045;Fitri Nugroho;Surabaya;algorithm design;98.5
S0045;Fitri Nugroho;Surabaya;basic programming;98.5
S0045;Fitri Nugroho;Surabaya;basis data / database;69.0
S0045;Fitri Nugroho;Surabaya;business intelligence;95.0
S0045;Fitri Nugroho;Surabaya;cisco;97.4
S0045;Fitri Nugroho;Surabaya;cloud computing;76.9
S0045;Fitri Nugroho;Surabaya;clustering;97.6
S0045;Fitri Nugroho;Surabaya;cobit;96.7
S0045;Fitri Nugroho;Surabaya;crm (customer relationship management);65.3
S0045;Fitri Nugroho;Surabaya;css;65.4
S0045;Fitri Nugroho;Surabaya;data mining;88.3
S0045;Fitri Nugroho;Surabaya;data warehouse;94.8
S0045;Fitri Nugroho;Surabaya;design thinking;53.7
S0045;Fitri Nugroho;Surabaya;devops;78.1
S0045;Fitri Nugroho;Surabaya;erd (entity relationship diagram);87.4
S0045;Fitri Nugroho;Surabaya;erp (enterprise resource planning);84.0
S0045;Fitri Nugroho;Surabaya;figma;91.7
S0045;Fitri Nugroho;Surabaya;firewall;82.9
S0045;Fitri Nugroho;Surabaya;git;88.7
S0045;Fitri Nugroho;Surabaya;github;86.2
S0045;Fitri Nugroho;Surabaya;graphql;62.9
S0045;Fitri Nugroho;Surabaya;html;50.2
S0045;Fitri Nugroho;Surabaya;http;73.2
S0045;Fitri Nugroho;Surabaya;information systems;99.3
S0045;Fitri Nugroho;Surabaya;jaringan komputer;61.0
S0045;Fitri Nugroho;Surabaya;java;86.9
S0045;Fitri Nugroho;Surabaya;json;66.7
S0045;Fitri Nugroho;Surabaya;kanban;89.6
S0045;Fitri Nugroho;Surabaya;klasifikasi (data);98.7
S0045;Fitri Nugroho;Surabaya;kpi (key performance indicator);90.4
S0045;Fitri Nugroho;Surabaya;kriptografi;70.4
S0045;Fitri Nugroho;Surabaya;laravel;51.0
S0045;Fitri Nugroho;Surabaya;linux;89.9
S0045;Fitri Nugroho;Surabaya;machine learning;84.5
S0045;Fitri Nugroho;Surabaya;microservices;82.8
S0045;Fitri Nugroho;Surabaya;microsoft excel;63.6
S0045;Fitri Nugroho;Surabaya;nosql;62.4
S0045;Fitri Nugroho;Surabaya;oop (object oriented programming);52.7
S0045;Fitri Nugroho;Surabaya;osi layer;82.1
S0045;Fitri Nugroho;Surabaya;php;89.8
S0045;Fitri Nugroho;Surabaya;prototyping;92.4
S0045;Fitri Nugroho;Surabaya;python;76.6
S0045;Fitri Nugroho;Surabaya;regresi;95.2
S0045;Fitri Nugroho;Surabaya;rest api;55.8
S0045;Fitri Nugroho;Surabaya;sap;74.4
S0045;Fitri Nugroho;Surabaya;scm (supply chain management);86.7
S0045;Fitri Nugroho;Surabaya;sprint (agile);74.2
S0045;Fitri Nugroho;Surabaya;sql;99.7
S0045;Fitri Nugroho;Surabaya;statistika/probabilitas;67.8
S0045;Fitri Nugroho;Surabaya;ui/ux design;89.5
S0045;Fitri Nugroho;Surabaya;uml (unified modeling language);74.4
S0045;Fitri Nugroho;Surabaya;usability testing;79.2
S0045;Fitri Nugroho;Surabaya;vulnerability assessment;83.1
S0045;Fitri Nugroho;Surabaya;xml;66.3
S0046;Oki Maharani;Surabaya;agile;83.5
S0046;Oki Maharani;Surabaya;algorithm design;79.3
S0046;Oki Maharani;Surabaya;basic programming;79.3
S0046;Oki Maharani;Surabaya;basis data / database;94.1
S0046;Oki Maharani;Surabaya;business intelligence;87.5
S0046;Oki Maharani;Surabaya;cisco;70.0
S0046;Oki Maharani;Surabaya;cloud computing;95.9
S0046;Oki Maharani;Surabaya;clustering;69.4
S0046;Oki Maharani;Surabaya;cobit;73.3
S0046;Oki Maharani;Surabaya;crm (customer relationship management);94.5
S0046;Oki Maharani;Surabaya;css;61.8
S0046;Oki Maharani;Surabaya;data mining;90.3
S0046;Oki Maharani;Surabaya;data warehouse;75.2
S0046;Oki Maharani;Surabaya;devops;97.5
S0046;Oki Maharani;Surabaya;docker;78.1
S0046;Oki Maharani;Surabaya;erd (entity relationship diagram);64.2
S0046;Oki Maharani;Surabaya;erp (enterprise resource planning);87.2
S0046;Oki Maharani;Surabaya;figma;87.6
S0046;Oki Maharani;Surabaya;firewall;63.3
S0046;Oki Maharani;Surabaya;git;62.4
S0046;Oki Maharani;Surabaya;github;94.5
S0046;Oki Maharani;Surabaya;graphql;87.9
S0046;Oki Maharani;Surabaya;html;94.7
S0046;Oki Maharani;Surabaya;http;95.8
S0046;Oki Maharani;Surabaya;information systems;97.3
S0046;Oki Maharani;Surabaya;jaringan komputer;94.9
S0046;Oki Maharani;Surabaya;java;64.3
S0046;Oki Maharani;Surabaya;kanban;64.1
S0046;Oki Maharani;Surabaya;klasifikasi (data);96.5
S0046;Oki Maharani;Surabaya;kpi (key performance indicator);80.5
S0046;Oki Maharani;Surabaya;kriptografi;76.9
S0046;Oki Maharani;Surabaya;laravel;60.2
S0046;Oki Maharani;Surabaya;linux;61.5
S0046;Oki Maharani;Surabaya;machine learning;90.9
S0046;Oki Maharani;Surabaya;microservices;89.0
S0046;Oki Maharani;Surabaya;microsoft excel;64.0
S0046;Oki Maharani;Surabaya;mysql;61.9
S0046;Oki Maharani;Surabaya;nosql;69.4
S0046;Oki Maharani;Surabaya;oop (object oriented programming);72.1
S0046;Oki Maharani;Surabaya;osi layer;57.6
S0046;Oki Maharani;Surabaya;php;77.1
S0046;Oki Maharani;Surabaya;prototyping;89.9
S0046;Oki Maharani;Surabaya;python;83.7
S0046;Oki Maharani;Surabaya;regresi;67.4
S0046;Oki Maharani;Surabaya;rest api;78.5
S0046;Oki Maharani;Surabaya;sap;73.7
S0046;Oki Maharani;Surabaya;scm (supply chain management);94.5
S0046;Oki Maharani;Surabaya;sprint (agile);90.1
S0046;Oki Maharani;Surabaya;sql;55.5
S0046;Oki Maharani;Surabaya;statistika/probabilitas;96.8
S0046;Oki Maharani;Surabaya;ui/ux design;94.2
S0046;Oki Maharani;Surabaya;uml (unified modeling language);96.3
S0046;Oki Maharani;Surabaya;usability testing;73.1
S0046;Oki Maharani;Surabaya;use case diagram;85.5
S0046;Oki Maharani;Surabaya;vulnerability assessment;73.0
S0046;Oki Maharani;Surabaya;xml;87.0
S0047;Lestari Wijaya;Surabaya;agile;90.2
S0047;Lestari Wijaya;Surabaya;algorithm design;78.0
S0047;Lestari Wijaya;Surabaya;basic programming;78.0
S0047;Lestari Wijaya;Surabaya;basis data / database;93.2
S0047;Lestari Wijaya;Surabaya;business intelligence;89.8
S0047;Lestari Wijaya;Surabaya;cisco;60.4
S0047;Lestari Wijaya;Surabaya;cloud computing;80.6
S0047;Lestari Wijaya;Surabaya;clustering;57.2
S0047;Lestari Wijaya;Surabaya;cobit;84.8
S0047;Lestari Wijaya;Surabaya;crm (customer relationship management);91.0
S0047;Lestari Wijaya;Surabaya;css;97.9
S0047;Lestari Wijaya;Surabaya;data mining;90.4
S0047;Lestari Wijaya;Surabaya;data warehouse;61.6
S0047;Lestari Wijaya;Surabaya;design thinking;85.1
S0047;Lestari Wijaya;Surabaya;erd (entity relationship diagram);72.7
S0047;Lestari Wijaya;Surabaya;erp (enterprise resource planning);78.4
S0047;Lestari Wijaya;Surabaya;figma;76.9
S0047;Lestari Wijaya;Surabaya;firewall;69.1
S0047;Lestari Wijaya;Surabaya;git;82.6
S0047;Lestari Wijaya;Surabaya;github;82.1
S0047;Lestari Wijaya;Surabaya;graphql;62.2
S0047;Lestari Wijaya;Surabaya;html;78.0
S0047;Lestari Wijaya;Surabaya;http;74.5
S0047;Lestari Wijaya;Surabaya;information systems;99.4
S0047;Lestari Wijaya;Surabaya;jaringan komputer;86.9
S0047;Lestari Wijaya;Surabaya;java;71.8
S0047;Lestari Wijaya;Surabaya;json;79.4
S0047;Lestari Wijaya;Surabaya;kanban;75.4
S0047;Lestari Wijaya;Surabaya;klasifikasi (data);98.5
S0047;Lestari Wijaya;Surabaya;kpi (key performance indicator);93.6
S0047;Lestari Wijaya;Surabaya;kriptografi;98.6
S0047;Lestari Wijaya;Surabaya;laravel;89.7
S0047;Lestari Wijaya;Surabaya;linux;76.4
S0047;Lestari Wijaya;Surabaya;machine learning;73.9
S0047;Lestari Wijaya;Surabaya;microservices;93.2
S0047;Lestari Wijaya;Surabaya;nosql;93.1
S0047;Lestari Wijaya;Surabaya;oop (object oriented programming);81.5
S0047;Lestari Wijaya;Surabaya;osi layer;83.3
S0047;Lestari Wijaya;Surabaya;php;78.8
S0047;Lestari Wijaya;Surabaya;prototyping;74.8
S0047;Lestari Wijaya;Surabaya;python;97.3
S0047;Lestari Wijaya;Surabaya;regresi;98.7
S0047;Lestari Wijaya;Surabaya;sap;56.4
S0047;Lestari Wijaya;Surabaya;scm (supply chain management);95.0
S0047;Lestari Wijaya;Surabaya;sprint (agile);50.1
S0047;Lestari Wijaya;Surabaya;sql;53.5
S0047;Lestari Wijaya;Surabaya;statistika/probabilitas;89.8
S0047;Lestari Wijaya;Surabaya;ui/ux design;77.6
S0047;Lestari Wijaya;Surabaya;uml (unified modeling language);97.5
S0047;Lestari Wijaya;Surabaya;usability testing;89.9
S0047;Lestari Wijaya;Surabaya;use case diagram;82.5
S0047;Lestari Wijaya;Surabaya;vulnerability assessment;89.7
S0047;Lestari Wijaya;Surabaya;xml;68.4
S0048;Dina Maharani;Surabaya;agile;72.6
S0048;Dina Maharani;Surabaya;algorithm design;96.2
S0048;Dina Maharani;Surabaya;basic programming;96.2
S0048;Dina Maharani;Surabaya;basis data / database;96.8
S0048;Dina Maharani;Surabaya;business intelligence;79.9
S0048;Dina Maharani;Surabaya;cisco;89.1
S0048;Dina Maharani;Surabaya;cloud computing;99.6
S0048;Dina Maharani;Surabaya;clustering;81.9
S0048;Dina Maharani;Surabaya;cobit;98.4
S0048;Dina Maharani;Surabaya;crm (customer relationship management);94.1
S0048;Dina Maharani;Surabaya;css;62.0
S0048;Dina Maharani;Surabaya;data mining;85.7
S0048;Dina Maharani;Surabaya;data warehouse;99.9
S0048;Dina Maharani;Surabaya;design thinking;72.9
S0048;Dina Maharani;Surabaya;devops;61.4
S0048;Dina Maharani;Surabaya;docker;62.8
S0048;Dina Maharani;Surabaya;erp (enterprise resource planning);73.8
S0048;Dina Maharani;Surabaya;figma;77.9
S0048;Dina Maharani;Surabaya;firewall;62.0
S0048;Dina Maharani;Surabaya;git;63.7
S0048;Dina Maharani;Surabaya;github;98.7
S0048;Dina Maharani;Surabaya;graphql;54.6
S0048;Dina Maharani;Surabaya;http;97.3
S0048;Dina Maharani;Surabaya;information systems;97.8
S0048;Dina Maharani;Surabaya;jaringan komputer;100.0
S0048;Dina Maharani;Surabaya;java;99.7
S0048;Dina Maharani;Surabaya;json;67.2
S0048;Dina Maharani;Surabaya;kanban;72.6
S0048;Dina Maharani;Surabaya;klasifikasi (data);86.3
S0048;Dina Maharani;Surabaya;kpi (key performance indicator);64.5
S0048;Dina Maharani;Surabaya;kriptografi;68.9
S0048;Dina Maharani;Surabaya;laravel;62.9
S0048;Dina Maharani;Surabaya;linux;99.7
S0048;Dina Maharani;Surabaya;machine learning;68.8
S0048;Dina Maharani;Surabaya;microservices;58.9
S0048;Dina Maharani;Surabaya;mysql;84.0
S0048;Dina Maharani;Surabaya;nosql;93.7
S0048;Dina Maharani;Surabaya;oop (object oriented programming);74.5
S0048;Dina Maharani;Surabaya;php;69.1
S0048;Dina Maharani;Surabaya;prototyping;98.3
S0048;Dina Maharani;Surabaya;python;96.2
S0048;Dina Maharani;Surabaya;regresi;95.7
S0048;Dina Maharani;Surabaya;sap;84.3
S0048;Dina Maharani;Surabaya;scm (supply chain management);96.9
S0048;Dina Maharani;Surabaya;sql;94.8
S0048;Dina Maharani;Surabaya;statistika/probabilitas;94.0
S0048;Dina Maharani;Surabaya;ui/ux design;98.1
S0048;Dina Maharani;Surabaya;uml (unified modeling language);92.6
S0048;Dina Maharani;Surabaya;usability testing;72.2
S0048;Dina Maharani;Surabaya;vulnerability assessment;82.4
S0048;Dina Maharani;Surabaya;xml;50.8
S0049;Oki Wijaya;Surabaya;agile;73.4
S0049;Oki Wijaya;Surabaya;algorithm design;69.6
S0049;Oki Wijaya;Surabaya;basic programming;69.6
S0049;Oki Wijaya;Surabaya;basis data / database;95.8
S0049;Oki Wijaya;Surabaya;business intelligence;98.9
S0049;Oki Wijaya;Surabaya;cisco;85.1
S0049;Oki Wijaya;Surabaya;cloud computing;81.3
S0049;Oki Wijaya;Surabaya;clustering;87.0
S0049;Oki Wijaya;Surabaya;cobit;93.1
S0049;Oki Wijaya;Surabaya;crm (customer relationship management);85.8
S0049;Oki Wijaya;Surabaya;css;68.4
S0049;Oki Wijaya;Surabaya;data mining;86.4
S0049;Oki Wijaya;Surabaya;data warehouse;91.6
S0049;Oki Wijaya;Surabaya;devops;56.9
S0049;Oki Wijaya;Surabaya;docker;51.2
S0049;Oki Wijaya;Surabaya;erd (entity relationship diagram);72.1
S0049;Oki Wijaya;Surabaya;erp (enterprise resource planning);94.9
S0049;Oki Wijaya;Surabaya;figma;96.9
S0049;Oki Wijaya;Surabaya;git;98.0
S0049;Oki Wijaya;Surabaya;github;92.5
S0049;Oki Wijaya;Surabaya;graphql;83.4
S0049;Oki Wijaya;Surabaya;http;78.5
S0049;Oki Wijaya;Surabaya;information systems;99.8
S0049;Oki Wijaya;Surabaya;jaringan komputer;86.2
S0049;Oki Wijaya;Surabaya;java;99.9
S0049;Oki Wijaya;Surabaya;json;95.1
S0049;Oki Wijaya;Surabaya;kanban;93.1
S0049;Oki Wijaya;Surabaya;klasifikasi (data);73.2
S0049;Oki Wijaya;Surabaya;kpi (key performance indicator);76.2
S0049;Oki Wijaya;Surabaya;kriptografi;55.2
S0049;Oki Wijaya;Surabaya;laravel;77.2
S0049;Oki Wijaya;Surabaya;linux;91.9
S0049;Oki Wijaya;Surabaya;machine learning;94.6
S0049;Oki Wijaya;Surabaya;microservices;83.9
S0049;Oki Wijaya;Surabaya;microsoft excel;54.4
S0049;Oki Wijaya;Surabaya;mysql;72.2
S0049;Oki Wijaya;Surabaya;nosql;61.7
S0049;Oki Wijaya;Surabaya;oop (object oriented programming);64.5
S0049;Oki Wijaya;Surabaya;php;95.1
S0049;Oki Wijaya;Surabaya;prototyping;87.8
S0049;Oki Wijaya;Surabaya;python;74.0
S0049;Oki Wijaya;Surabaya;regresi;97.6
S0049;Oki Wijaya;Surabaya;rest api;62.5
S0049;Oki Wijaya;Surabaya;sap;90.2
S0049;Oki Wijaya;Surabaya;scm (supply chain management);70.4
S0049;Oki Wijaya;Surabaya;sprint (agile);66.1
S0049;Oki Wijaya;Surabaya;sql;58.4
S0049;Oki Wijaya;Surabaya;statistika/probabilitas;88.0
S0049;Oki Wijaya;Surabaya;ui/ux design;90.7
S0049;Oki Wijaya;Surabaya;uml (unified modeling language);99.5
S0049;Oki Wijaya;Surabaya;usability testing;62.1
S0049;Oki Wijaya;Surabaya;use case diagram;72.8
S0049;Oki Wijaya;Surabaya;vulnerability assessment;72.6
S0049;Oki Wijaya;Surabaya;xml;73.4
S0050;Nadia Saputra;Surabaya;agile;86.3
S0050;Nadia Saputra;Surabaya;algorithm design;97.7
S0050;Nadia Saputra;Surabaya;basic programming;97.7
S0050;Nadia Saputra;Surabaya;basis data / database;88.0
S0050;Nadia Saputra;Surabaya;business intelligence;51.5
S0050;Nadia Saputra;Surabaya;cisco;52.5
S0050;Nadia Saputra;Surabaya;cloud computing;63.1
S0050;Nadia Saputra;Surabaya;clustering;71.8
S0050;Nadia Saputra;Surabaya;cobit;83.1
S0050;Nadia Saputra;Surabaya;crm (customer relationship management);92.3
S0050;Nadia Saputra;Surabaya;css;95.4
S0050;Nadia Saputra;Surabaya;data mining;93.1
S0050;Nadia Saputra;Surabaya;data warehouse;80.5
S0050;Nadia Saputra;Surabaya;devops;61.9
S0050;Nadia Saputra;Surabaya;erp (enterprise resource planning);90.1
S0050;Nadia Saputra;Surabaya;figma;86.6
S0050;Nadia Saputra;Surabaya;firewall;57.7
S0050;Nadia Saputra;Surabaya;git;88.3
S0050;Nadia Saputra;Surabaya;github;76.3
S0050;Nadia Saputra;Surabaya;graphql;91.3
S0050;Nadia Saputra;Surabaya;html;91.4
S0050;Nadia Saputra;Surabaya;http;86.6
S0050;Nadia Saputra;Surabaya;information systems;98.5
S0050;Nadia Saputra;Surabaya;jaringan komputer;86.9
S0050;Nadia Saputra;Surabaya;java;60.2
S0050;Nadia Saputra;Surabaya;json;57.9
S0050;Nadia Saputra;Surabaya;kanban;69.2
S0050;Nadia Saputra;Surabaya;klasifikasi (data);76.6
S0050;Nadia Saputra;Surabaya;kpi (key performance indicator);58.7
S0050;Nadia Saputra;Surabaya;kriptografi;96.9
S0050;Nadia Saputra;Surabaya;laravel;79.3
S0050;Nadia Saputra;Surabaya;linux;96.3
S0050;Nadia Saputra;Surabaya;machine learning;55.7
S0050;Nadia Saputra;Surabaya;microservices;97.0
S0050;Nadia Saputra;Surabaya;microsoft excel;86.0
S0050;Nadia Saputra;Surabaya;mysql;51.0
S0050;Nadia Saputra;Surabaya;nosql;77.7
S0050;Nadia Saputra;Surabaya;oop (object oriented programming);94.9
S0050;Nadia Saputra;Surabaya;osi layer;94.6
S0050;Nadia Saputra;Surabaya;php;57.2
S0050;Nadia Saputra;Surabaya;prototyping;92.3
S0050;Nadia Saputra;Surabaya;python;99.8
S0050;Nadia Saputra;Surabaya;regresi;90.7
S0050;Nadia Saputra;Surabaya;rest api;95.9
S0050;Nadia Saputra;Surabaya;sap;69.3
S0050;Nadia Saputra;Surabaya;scm (supply chain management);90.5
S0050;Nadia Saputra;Surabaya;sprint (agile);81.0
S0050;Nadia Saputra;Surabaya;statistika/probabilitas;83.3
S0050;Nadia Saputra;Surabaya;ui/ux design;83.9
S0050;Nadia Saputra;Surabaya;uml (unified modeling language);87.9
S0050;Nadia Saputra;Surabaya;usability testing;77.2
S0050;Nadia Saputra;Surabaya;use case diagram;88.1
S0050;Nadia Saputra;Surabaya;vulnerability assessment;51.2
S0050;Nadia Saputra;Surabaya;xml;92.5
S0051;Agus Permata;Surabaya;agile;79.3
S0051;Agus Permata;Surabaya;algorithm design;65.3
S0051;Agus Permata;Surabaya;basic programming;65.3
S0051;Agus Permata;Surabaya;basis data / database;86.5
S0051;Agus Permata;Surabaya;business intelligence;89.2
S0051;Agus Permata;Surabaya;cisco;51.1
S0051;Agus Permata;Surabaya;cloud computing;94.4
S0051;Agus Permata;Surabaya;clustering;58.0
S0051;Agus Permata;Surabaya;cobit;89.1
S0051;Agus Permata;Surabaya;crm (customer relationship management);89.9
S0051;Agus Permata;Surabaya;css;62.2
S0051;Agus Permata;Surabaya;data mining;98.1
S0051;Agus Permata;Surabaya;data warehouse;61.5
S0051;Agus Permata;Surabaya;design thinking;53.6
S0051;Agus Permata;Surabaya;devops;85.7
S0051;Agus Permata;Surabaya;docker;96.1
S0051;Agus Permata;Surabaya;erd (entity relationship diagram);69.7
S0051;Agus Permata;Surabaya;erp (enterprise resource planning);81.0
S0051;Agus Permata;Surabaya;figma;88.3
S0051;Agus Permata;Surabaya;firewall;64.6
S0051;Agus Permata;Surabaya;git;92.5
S0051;Agus Permata;Surabaya;github;94.1
S0051;Agus Permata;Surabaya;graphql;76.3
S0051;Agus Permata;Surabaya;html;62.6
S0051;Agus Permata;Surabaya;http;98.6
S0051;Agus Permata;Surabaya;information systems;99.7
S0051;Agus Permata;Surabaya;jaringan komputer;77.8
S0051;Agus Permata;Surabaya;java;86.9
S0051;Agus Permata;Surabaya;json;52.5
S0051;Agus Permata;Surabaya;klasifikasi (data);73.5
S0051;Agus Permata;Surabaya;kpi (key performance indicator);96.0
S0051;Agus Permata;Surabaya;kriptografi;65.4
S0051;Agus Permata;Surabaya;laravel;58.9
S0051;Agus Permata;Surabaya;linux;81.1
S0051;Agus Permata;Surabaya;machine learning;83.5
S0051;Agus Permata;Surabaya;microservices;64.9
S0051;Agus Permata;Surabaya;microsoft excel;74.0
S0051;Agus Permata;Surabaya;mysql;56.9
S0051;Agus Permata;Surabaya;nosql;52.8
S0051;Agus Permata;Surabaya;oop (object oriented programming);82.3
S0051;Agus Permata;Surabaya;php;52.3
S0051;Agus Permata;Surabaya;prototyping;91.8
S0051;Agus Permata;Surabaya;python;96.1
S0051;Agus Permata;Surabaya;regresi;54.2
S0051;Agus Permata;Surabaya;rest api;82.9
S0051;Agus Permata;Surabaya;sap;59.1
S0051;Agus Permata;Surabaya;scm (supply chain management);94.7
S0051;Agus Permata;Surabaya;sprint (agile);66.2
S0051;Agus Permata;Surabaya;statistika/probabilitas;96.8
S0051;Agus Permata;Surabaya;ui/ux design;81.0
S0051;Agus Permata;Surabaya;uml (unified modeling language);96.3
S0051;Agus Permata;Surabaya;usability testing;62.9
S0051;Agus Permata;Surabaya;vulnerability assessment;66.5
S0051;Agus Permata;Surabaya;xml;65.6
S0052;Umar Kurniawan;Surabaya;algorithm design;83.7
S0052;Umar Kurniawan;Surabaya;basic programming;83.7
S0052;Umar Kurniawan;Surabaya;basis data / database;84.8
S0052;Umar Kurniawan;Surabaya;business intelligence;73.3
S0052;Umar Kurniawan;Surabaya;cisco;94.9
S0052;Umar Kurniawan;Surabaya;clustering;97.1
S0052;Umar Kurniawan;Surabaya;cobit;94.9
S0052;Umar Kurniawan;Surabaya;crm (customer relationship management);56.9
S0052;Umar Kurniawan;Surabaya;data mining;79.2
S0052;Umar Kurniawan;Surabaya;data warehouse;98.4
S0052;Umar Kurniawan;Surabaya;devops;86.3
S0052;Umar Kurniawan;Surabaya;docker;68.2
S0052;Umar Kurniawan;Surabaya;erd (entity relationship diagram);75.8
S0052;Umar Kurniawan;Surabaya;erp (enterprise resource planning);74.8
S0052;Umar Kurniawan;Surabaya;figma;87.8
S0052;Umar Kurniawan;Surabaya;firewall;86.7
S0052;Umar Kurniawan;Surabaya;git;64.4
S0052;Umar Kurniawan;Surabaya;github;97.5
S0052;Umar Kurniawan;Surabaya;graphql;76.5
S0052;Umar Kurniawan;Surabaya;html;80.3
S0052;Umar Kurniawan;Surabaya;http;80.5
S0052;Umar Kurniawan;Surabaya;information systems;99.9
S0052;Umar Kurniawan;Surabaya;jaringan komputer;91.3
S0052;Umar Kurniawan;Surabaya;java;98.9
S0052;Umar Kurniawan;Surabaya;json;89.2
S0052;Umar Kurniawan;Surabaya;kanban;85.2
S0052;Umar Kurniawan;Surabaya;klasifikasi (data);80.9
S0052;Umar Kurniawan;Surabaya;kpi (key performance indicator);67.7
S0052;Umar Kurniawan;Surabaya;kriptografi;64.9
S0052;Umar Kurniawan;Surabaya;laravel;89.9
S0052;Umar Kurniawan;Surabaya;linux;93.1
S0052;Umar Kurniawan;Surabaya;microservices;81.4
S0052;Umar Kurniawan;Surabaya;microsoft excel;78.2
S0052;Umar Kurniawan;Surabaya;mysql;91.8
S0052;Umar Kurniawan;Surabaya;nosql;55.5
S0052;Umar Kurniawan;Surabaya;osi layer;97.5
S0052;Umar Kurniawan;Surabaya;php;94.4
S0052;Umar Kurniawan;Surabaya;prototyping;62.8
S0052;Umar Kurniawan;Surabaya;python;82.3
S0052;Umar Kurniawan;Surabaya;regresi;96.5
S0052;Umar Kurniawan;Surabaya;sap;60.1
S0052;Umar Kurniawan;Surabaya;scm (supply chain management);85.0
S0052;Umar Kurniawan;Surabaya;sprint (agile);69.7
S0052;Umar Kurniawan;Surabaya;sql;87.0
S0052;Umar Kurniawan;Surabaya;statistika/probabilitas;71.7
S0052;Umar Kurniawan;Surabaya;ui/ux design;61.1
S0052;Umar Kurniawan;Surabaya;uml (unified modeling language);98.3
S0052;Umar Kurniawan;Surabaya;usability testing;62.9
S0052;Umar Kurniawan;Surabaya;use case diagram;76.0
S0052;Umar Kurniawan;Surabaya;vulnerability assessment;91.6
S0052;Umar Kurniawan;Surabaya;xml;65.8
S0053;Miko Kurniawan;Surabaya;agile;99.1
S0053;Miko Kurniawan;Surabaya;algorithm design;84.4
S0053;Miko Kurniawan;Surabaya;basic programming;84.4
S0053;Miko Kurniawan;Surabaya;basis data / database;60.8
S0053;Miko Kurniawan;Surabaya;business intelligence;88.6
S0053;Miko Kurniawan;Surabaya;cloud computing;97.8
S0053;Miko Kurniawan;Surabaya;clustering;95.2
S0053;Miko Kurniawan;Surabaya;cobit;79.2
S0053;Miko Kurniawan;Surabaya;crm (customer relationship management);97.3
S0053;Miko Kurniawan;Surabaya;css;89.4
S0053;Miko Kurniawan;Surabaya;data mining;96.3
S0053;Miko Kurniawan;Surabaya;data warehouse;96.9
S0053;Miko Kurniawan;Surabaya;design thinking;57.0
S0053;Miko Kurniawan;Surabaya;devops;82.0
S0053;Miko Kurniawan;Surabaya;docker;83.0
S0053;Miko Kurniawan;Surabaya;erd (entity relationship diagram);93.6
S0053;Miko Kurniawan;Surabaya;erp (enterprise resource planning);95.2
S0053;Miko Kurniawan;Surabaya;figma;62.1
S0053;Miko Kurniawan;Surabaya;firewall;61.2
S0053;Miko Kurniawan;Surabaya;git;94.1
S0053;Miko Kurniawan;Surabaya;github;92.6
S0053;Miko Kurniawan;Surabaya;html;71.8
S0053;Miko Kurniawan;Surabaya;http;74.1
S0053;Miko Kurniawan;Surabaya;information systems;99.5
S0053;Miko Kurniawan;Surabaya;jaringan komputer;81.6
S0053;Miko Kurniawan;Surabaya;java;97.6
S0053;Miko Kurniawan;Surabaya;json;75.3
S0053;Miko Kurniawan;Surabaya;klasifikasi (data);98.0
S0053;Miko Kurniawan;Surabaya;kpi (key performance indicator);54.1
S0053;Miko Kurniawan;Surabaya;kriptografi;92.7
S0053;Miko Kurniawan;Surabaya;laravel;78.9
S0053;Miko Kurniawan;Surabaya;linux;88.6
S0053;Miko Kurniawan;Surabaya;machine learning;56.1
S0053;Miko Kurniawan;Surabaya;microservices;76.7
S0053;Miko Kurniawan;Surabaya;microsoft excel;62.5
S0053;Miko Kurniawan;Surabaya;mysql;57.7
S0053;Miko Kurniawan;Surabaya;nosql;76.7
S0053;Miko Kurniawan;Surabaya;oop (object oriented programming);50.8
S0053;Miko Kurniawan;Surabaya;osi layer;74.5
S0053;Miko Kurniawan;Surabaya;php;94.9
S0053;Miko Kurniawan;Surabaya;prototyping;98.1
S0053;Miko Kurniawan;Surabaya;python;83.2
S0053;Miko Kurniawan;Surabaya;regresi;69.5
S0053;Miko Kurniawan;Surabaya;rest api;55.4
S0053;Miko Kurniawan;Surabaya;sap;86.0
S0053;Miko Kurniawan;Surabaya;scm (supply chain management);93.8
S0053;Miko Kurniawan;Surabaya;sprint (agile);53.2
S0053;Miko Kurniawan;Surabaya;sql;62.1
S0053;Miko Kurniawan;Surabaya;statistika/probabilitas;80.5
S0053;Miko Kurniawan;Surabaya;ui/ux design;65.7
S0053;Miko Kurniawan;Surabaya;uml (unified modeling language);86.7
S0053;Miko Kurniawan;Surabaya;usability testing;55.9
S0053;Miko Kurniawan;Surabaya;use case diagram;66.8
S0053;Miko Kurniawan;Surabaya;vulnerability assessment;86.9
S0053;Miko Kurniawan;Surabaya;xml;93.1
S0054;Yusuf Rahman;Surabaya;agile;93.2
S0054;Yusuf Rahman;Surabaya;algorithm design;68.6
S0054;Yusuf Rahman;Surabaya;basic programming;68.6
S0054;Yusuf Rahman;Surabaya;basis data / database;82.4
S0054;Yusuf Rahman;Surabaya;business intelligence;94.6
S0054;Yusuf Rahman;Surabaya;cisco;81.5
S0054;Yusuf Rahman;Surabaya;cloud computing;71.3
S0054;Yusuf Rahman;Surabaya;clustering;88.8
S0054;Yusuf Rahman;Surabaya;cobit;92.9
S0054;Yusuf Rahman;Surabaya;crm (customer relationship management);93.3
S0054;Yusuf Rahman;Surabaya;css;71.3
S0054;Yusuf Rahman;Surabaya;data mining;90.7
S0054;Yusuf Rahman;Surabaya;data warehouse;97.1
S0054;Yusuf Rahman;Surabaya;design thinking;94.6
S0054;Yusuf Rahman;Surabaya;devops;99.2
S0054;Yusuf Rahman;Surabaya;docker;80.1
S0054;Yusuf Rahman;Surabaya;erd (entity relationship diagram);62.3
S0054;Yusuf Rahman;Surabaya;erp (enterprise resource planning);95.6
S0054;Yusuf Rahman;Surabaya;figma;93.1
S0054;Yusuf Rahman;Surabaya;firewall;91.3
S0054;Yusuf Rahman;Surabaya;git;69.2
S0054;Yusuf Rahman;Surabaya;github;74.2
S0054;Yusuf Rahman;Surabaya;graphql;95.9
S0054;Yusuf Rahman;Surabaya;html;63.0
S0054;Yusuf Rahman;Surabaya;http;96.2
S0054;Yusuf Rahman;Surabaya;information systems;98.0
S0054;Yusuf Rahman;Surabaya;jaringan komputer;89.3
S0054;Yusuf Rahman;Surabaya;java;69.1
S0054;Yusuf Rahman;Surabaya;kanban;60.8
S0054;Yusuf Rahman;Surabaya;klasifikasi (data);95.0
S0054;Yusuf Rahman;Surabaya;kpi (key performance indicator);54.7
S0054;Yusuf Rahman;Surabaya;kriptografi;51.2
S0054;Yusuf Rahman;Surabaya;laravel;88.9
S0054;Yusuf Rahman;Surabaya;linux;89.9
S0054;Yusuf Rahman;Surabaya;machine learning;66.0
S0054;Yusuf Rahman;Surabaya;microservices;80.2
S0054;Yusuf Rahman;Surabaya;microsoft excel;89.5
S0054;Yusuf Rahman;Surabaya;mysql;69.7
S0054;Yusuf Rahman;Surabaya;nosql;95.7
S0054;Yusuf Rahman;Surabaya;oop (object oriented programming);56.1
S0054;Yusuf Rahman;Surabaya;php;84.6
S0054;Yusuf Rahman;Surabaya;prototyping;87.9
S0054;Yusuf Rahman;Surabaya;python;96.2
S0054;Yusuf Rahman;Surabaya;regresi;70.3
S0054;Yusuf Rahman;Surabaya;rest api;80.6
S0054;Yusuf Rahman;Surabaya;sap;93.4
S0054;Yusuf Rahman;Surabaya;scm (supply chain management);94.9
S0054;Yusuf Rahman;Surabaya;sql;70.1
S0054;Yusuf Rahman;Surabaya;statistika/probabilitas;79.5
S0054;Yusuf Rahman;Surabaya;ui/ux design;76.7
S0054;Yusuf Rahman;Surabaya;uml (unified modeling language);90.9
S0054;Yusuf Rahman;Surabaya;usability testing;98.5
S0054;Yusuf Rahman;Surabaya;use case diagram;88.1
S0054;Yusuf Rahman;Surabaya;vulnerability assessment;86.0
S0054;Yusuf Rahman;Surabaya;xml;98.3
S0055;Fitri Hidayat;Surabaya;agile;95.5
S0055;Fitri Hidayat;Surabaya;algorithm design;77.0
S0055;Fitri Hidayat;Surabaya;basic programming;77.0
S0055;Fitri Hidayat;Surabaya;basis data / database;99.8
S0055;Fitri Hidayat;Surabaya;business intelligence;79.0
S0055;Fitri Hidayat;Surabaya;cisco;77.8
S0055;Fitri Hidayat;Surabaya;cloud computing;71.3
S0055;Fitri Hidayat;Surabaya;clustering;96.0
S0055;Fitri Hidayat;Surabaya;cobit;97.4
S0055;Fitri Hidayat;Surabaya;crm (customer relationship management);94.1
S0055;Fitri Hidayat;Surabaya;css;99.0
S0055;Fitri Hidayat;Surabaya;data mining;87.0
S0055;Fitri Hidayat;Surabaya;data warehouse;98.0
S0055;Fitri Hidayat;Surabaya;design thinking;51.5
S0055;Fitri Hidayat;Surabaya;devops;84.2
S0055;Fitri Hidayat;Surabaya;erd (entity relationship diagram);90.7
S0055;Fitri Hidayat;Surabaya;erp (enterprise resource planning);84.3
S0055;Fitri Hidayat;Surabaya;figma;91.5
S0055;Fitri Hidayat;Surabaya;firewall;92.8
S0055;Fitri Hidayat;Surabaya;git;81.8
S0055;Fitri Hidayat;Surabaya;github;98.1
S0055;Fitri Hidayat;Surabaya;html;57.3
S0055;Fitri Hidayat;Surabaya;http;94.1
S0055;Fitri Hidayat;Surabaya;information systems;99.3
S0055;Fitri Hidayat;Surabaya;jaringan komputer;95.5
S0055;Fitri Hidayat;Surabaya;java;81.5
S0055;Fitri Hidayat;Surabaya;json;91.3
S0055;Fitri Hidayat;Surabaya;klasifikasi (data);91.1
S0055;Fitri Hidayat;Surabaya;kpi (key performance indicator);67.5
S0055;Fitri Hidayat;Surabaya;kriptografi;76.1
S0055;Fitri Hidayat;Surabaya;laravel;90.1
S0055;Fitri Hidayat;Surabaya;linux;94.8
S0055;Fitri Hidayat;Surabaya;machine learning;67.6
S0055;Fitri Hidayat;Surabaya;microservices;92.8
S0055;Fitri Hidayat;Surabaya;microsoft excel;66.9
S0055;Fitri Hidayat;Surabaya;mysql;93.7
S0055;Fitri Hidayat;Surabaya;nosql;51.1
S0055;Fitri Hidayat;Surabaya;osi layer;54.5
S0055;Fitri Hidayat;Surabaya;php;98.8
S0055;Fitri Hidayat;Surabaya;prototyping;82.4
S0055;Fitri Hidayat;Surabaya;python;72.7
S0055;Fitri Hidayat;Surabaya;regresi;83.1
S0055;Fitri Hidayat;Surabaya;rest api;55.9
S0055;Fitri Hidayat;Surabaya;sap;77.0
S0055;Fitri Hidayat;Surabaya;scm (supply chain management);84.6
S0055;Fitri Hidayat;Surabaya;sprint (agile);77.7
S0055;Fitri Hidayat;Surabaya;statistika/probabilitas;91.8
S0055;Fitri Hidayat;Surabaya;ui/ux design;81.8
S0055;Fitri Hidayat;Surabaya;uml (unified modeling language);79.1
S0055;Fitri Hidayat;Surabaya;usability testing;72.8
S0055;Fitri Hidayat;Surabaya;use case diagram;90.4
S0055;Fitri Hidayat;Surabaya;vulnerability assessment;81.2
S0055;Fitri Hidayat;Surabaya;xml;78.3
S0056;Joko Nugroho;Surabaya;agile;69.8
S0056;Joko Nugroho;Surabaya;algorithm design;69.6
S0056;Joko Nugroho;Surabaya;basic programming;69.6
S0056;Joko Nugroho;Surabaya;basis data / database;99.1
S0056;Joko Nugroho;Surabaya;business intelligence;81.6
S0056;Joko Nugroho;Surabaya;cisco;53.7
S0056;Joko Nugroho;Surabaya;cloud computing;98.5
S0056;Joko Nugroho;Surabaya;clustering;88.3
S0056;Joko Nugroho;Surabaya;cobit;81.0
S0056;Joko Nugroho;Surabaya;crm (customer relationship management);89.0
S0056;Joko Nugroho;Surabaya;css;79.4
S0056;Joko Nugroho;Surabaya;data mining;89.4
S0056;Joko Nugroho;Surabaya;data warehouse;99.6
S0056;Joko Nugroho;Surabaya;design thinking;50.9
S0056;Joko Nugroho;Surabaya;devops;67.9
S0056;Joko Nugroho;Surabaya;erd (entity relationship diagram);72.8
S0056;Joko Nugroho;Surabaya;erp (enterprise resource planning);82.4
S0056;Joko Nugroho;Surabaya;figma;82.7
S0056;Joko Nugroho;Surabaya;firewall;66.8
S0056;Joko Nugroho;Surabaya;git;96.4
S0056;Joko Nugroho;Surabaya;github;94.4
S0056;Joko Nugroho;Surabaya;graphql;92.8
S0056;Joko Nugroho;Surabaya;html;58.3
S0056;Joko Nugroho;Surabaya;information systems;98.4
S0056;Joko Nugroho;Surabaya;jaringan komputer;86.7
S0056;Joko Nugroho;Surabaya;java;98.3
S0056;Joko Nugroho;Surabaya;json;64.5
S0056;Joko Nugroho;Surabaya;kanban;70.0
S0056;Joko Nugroho;Surabaya;klasifikasi (data);73.6
S0056;Joko Nugroho;Surabaya;kriptografi;85.4
S0056;Joko Nugroho;Surabaya;laravel;58.7
S0056;Joko Nugroho;Surabaya;linux;82.5
S0056;Joko Nugroho;Surabaya;machine learning;55.1
S0056;Joko Nugroho;Surabaya;microservices;77.1
S0056;Joko Nugroho;Surabaya;microsoft excel;70.9
S0056;Joko Nugroho;Surabaya;mysql;57.6
S0056;Joko Nugroho;Surabaya;oop (object oriented programming);67.9
S0056;Joko Nugroho;Surabaya;osi layer;61.6
S0056;Joko Nugroho;Surabaya;php;77.4
S0056;Joko Nugroho;Surabaya;prototyping;81.5
S0056;Joko Nugroho;Surabaya;python;90.5
S0056;Joko Nugroho;Surabaya;regresi;75.0
S0056;Joko Nugroho;Surabaya;rest api;75.7
S0056;Joko Nugroho;Surabaya;sap;84.5
S0056;Joko Nugroho;Surabaya;scm (supply chain management);99.8
S0056;Joko Nugroho;Surabaya;sprint (agile);98.7
S0056;Joko Nugroho;Surabaya;sql;87.7
S0056;Joko Nugroho;Surabaya;statistika/probabilitas;97.8
S0056;Joko Nugroho;Surabaya;ui/ux design;51.7
S0056;Joko Nugroho;Surabaya;uml (unified modeling language);92.4
S0056;Joko Nugroho;Surabaya;usability testing;72.8
S0056;Joko Nugroho;Surabaya;use case diagram;78.4
S0056;Joko Nugroho;Surabaya;vulnerability assessment;94.2
S0057;Gita Handayani;Surabaya;agile;91.7
S0057;Gita Handayani;Surabaya;algorithm design;94.2
S0057;Gita Handayani;Surabaya;basic programming;94.2
S0057;Gita Handayani;Surabaya;basis data / database;90.3
S0057;Gita Handayani;Surabaya;business intelligence;91.0
S0057;Gita Handayani;Surabaya;cisco;53.0
S0057;Gita Handayani;Surabaya;cloud computing;72.5
S0057;Gita Handayani;Surabaya;clustering;79.7
S0057;Gita Handayani;Surabaya;cobit;97.1
S0057;Gita Handayani;Surabaya;crm (customer relationship management);90.1
S0057;Gita Handayani;Surabaya;css;59.3
S0057;Gita Handayani;Surabaya;data mining;93.4
S0057;Gita Handayani;Surabaya;data warehouse;90.1
S0057;Gita Handayani;Surabaya;design thinking;88.5
S0057;Gita Handayani;Surabaya;devops;73.8
S0057;Gita Handayani;Surabaya;docker;93.1
S0057;Gita Handayani;Surabaya;erp (enterprise resource planning);89.1
S0057;Gita Handayani;Surabaya;figma;65.5
S0057;Gita Handayani;Surabaya;firewall;67.4
S0057;Gita Handayani;Surabaya;git;60.3
S0057;Gita Handayani;Surabaya;github;67.0
S0057;Gita Handayani;Surabaya;graphql;69.5
S0057;Gita Handayani;Surabaya;information systems;98.3
S0057;Gita Handayani;Surabaya;jaringan komputer;90.8
S0057;Gita Handayani;Surabaya;java;65.1
S0057;Gita Handayani;Surabaya;json;98.6
S0057;Gita Handayani;Surabaya;klasifikasi (data);72.9
S0057;Gita Handayani;Surabaya;kpi (key performance indicator);86.4
S0057;Gita Handayani;Surabaya;kriptografi;85.6
S0057;Gita Handayani;Surabaya;laravel;86.0
S0057;Gita Handayani;Surabaya;linux;68.7
S0057;Gita Handayani;Surabaya;machine learning;56.3
S0057;Gita Handayani;Surabaya;microservices;94.9
S0057;Gita Handayani;Surabaya;microsoft excel;95.0
S0057;Gita Handayani;Surabaya;mysql;89.1
S0057;Gita Handayani;Surabaya;oop (object oriented programming);92.9
S0057;Gita Handayani;Surabaya;osi layer;84.2
S0057;Gita Handayani;Surabaya;php;89.7
S0057;Gita Handayani;Surabaya;prototyping;95.3
S0057;Gita Handayani;Surabaya;python;91.1
S0057;Gita Handayani;Surabaya;regresi;55.5
S0057;Gita Handayani;Surabaya;rest api;59.1
S0057;Gita Handayani;Surabaya;sap;60.3
S0057;Gita Handayani;Surabaya;scm (supply chain management);73.3
S0057;Gita Handayani;Surabaya;sprint (agile);57.5
S0057;Gita Handayani;Surabaya;sql;66.6
S0057;Gita Handayani;Surabaya;statistika/probabilitas;99.9
S0057;Gita Handayani;Surabaya;ui/ux design;59.8
S0057;Gita Handayani;Surabaya;uml (unified modeling language);87.5
S0057;Gita Handayani;Surabaya;usability testing;70.7
S0057;Gita Handayani;Surabaya;use case diagram;81.8
S0057;Gita Handayani;Surabaya;xml;63.9
S0058;Ivan Puspita;Surabaya;agile;95.3
S0058;Ivan Puspita;Surabaya;algorithm design;56.3
S0058;Ivan Puspita;Surabaya;basic programming;56.3
S0058;Ivan Puspita;Surabaya;basis data / database;88.1
S0058;Ivan Puspita;Surabaya;business intelligence;86.3
S0058;Ivan Puspita;Surabaya;cisco;62.3
S0058;Ivan Puspita;Surabaya;cloud computing;85.6
S0058;Ivan Puspita;Surabaya;cobit;63.3
S0058;Ivan Puspita;Surabaya;crm (customer relationship management);70.8
S0058;Ivan Puspita;Surabaya;css;63.1
S0058;Ivan Puspita;Surabaya;data mining;94.2
S0058;Ivan Puspita;Surabaya;data warehouse;85.0
S0058;Ivan Puspita;Surabaya;devops;81.0
S0058;Ivan Puspita;Surabaya;erd (entity relationship diagram);92.0
S0058;Ivan Puspita;Surabaya;erp (enterprise resource planning);94.7
S0058;Ivan Puspita;Surabaya;figma;98.0
S0058;Ivan Puspita;Surabaya;firewall;98.9
S0058;Ivan Puspita;Surabaya;git;91.6
S0058;Ivan Puspita;Surabaya;github;71.0
S0058;Ivan Puspita;Surabaya;graphql;84.1
S0058;Ivan Puspita;Surabaya;html;54.9
S0058;Ivan Puspita;Surabaya;http;56.0
S0058;Ivan Puspita;Surabaya;information systems;99.8
S0058;Ivan Puspita;Surabaya;jaringan komputer;96.6
S0058;Ivan Puspita;Surabaya;java;92.7
S0058;Ivan Puspita;Surabaya;json;57.0
S0058;Ivan Puspita;Surabaya;kanban;68.0
S0058;Ivan Puspita;Surabaya;klasifikasi (data);91.2
S0058;Ivan Puspita;Surabaya;kpi (key performance indicator);59.6
S0058;Ivan Puspita;Surabaya;kriptografi;96.1
S0058;Ivan Puspita;Surabaya;laravel;97.7
S0058;Ivan Puspita;Surabaya;linux;93.8
S0058;Ivan Puspita;Surabaya;machine learning;98.4
S0058;Ivan Puspita;Surabaya;microservices;95.0
S0058;Ivan Puspita;Surabaya;microsoft excel;70.1
S0058;Ivan Puspita;Surabaya;nosql;57.1
S0058;Ivan Puspita;Surabaya;oop (object oriented programming);75.8
S0058;Ivan Puspita;Surabaya;osi layer;76.1
S0058;Ivan Puspita;Surabaya;php;81.5
S0058;Ivan Puspita;Surabaya;prototyping;80.1
S0058;Ivan Puspita;Surabaya;python;98.8
S0058;Ivan Puspita;Surabaya;regresi;58.6
S0058;Ivan Puspita;Surabaya;rest api;71.1
S0058;Ivan Puspita;Surabaya;sap;82.9
S0058;Ivan Puspita;Surabaya;scm (supply chain management);73.0
S0058;Ivan Puspita;Surabaya;sprint (agile);60.9
S0058;Ivan Puspita;Surabaya;sql;66.1
S0058;Ivan Puspita;Surabaya;statistika/probabilitas;73.4
S0058;Ivan Puspita;Surabaya;ui/ux design;77.1
S0058;Ivan Puspita;Surabaya;uml (unified modeling language);76.9
S0058;Ivan Puspita;Surabaya;usability testing;79.4
S0058;Ivan Puspita;Surabaya;use case diagram;79.0
S0058;Ivan Puspita;Surabaya;vulnerability assessment;97.0
S0058;Ivan Puspita;Surabaya;xml;82.2
S0059;Fitri Rahman;Surabaya;agile;87.2
S0059;Fitri Rahman;Surabaya;algorithm design;78.2
S0059;Fitri Rahman;Surabaya;basic programming;78.2
S0059;Fitri Rahman;Surabaya;basis data / database;97.0
S0059;Fitri Rahman;Surabaya;business intelligence;96.8
S0059;Fitri Rahman;Surabaya;cloud computing;68.5
S0059;Fitri Rahman;Surabaya;clustering;65.8
S0059;Fitri Rahman;Surabaya;cobit;78.1
S0059;Fitri Rahman;Surabaya;crm (customer relationship management);59.4
S0059;Fitri Rahman;Surabaya;css;92.0
S0059;Fitri Rahman;Surabaya;data mining;89.3
S0059;Fitri Rahman;Surabaya;data warehouse;94.5
S0059;Fitri Rahman;Surabaya;design thinking;75.4
S0059;Fitri Rahman;Surabaya;devops;87.0
S0059;Fitri Rahman;Surabaya;docker;97.9
S0059;Fitri Rahman;Surabaya;erd (entity relationship diagram);68.9
S0059;Fitri Rahman;Surabaya;erp (enterprise resource planning);76.2
S0059;Fitri Rahman;Surabaya;git;83.8
S0059;Fitri Rahman;Surabaya;github;88.7
S0059;Fitri Rahman;Surabaya;graphql;68.7
S0059;Fitri Rahman;Surabaya;html;81.0
S0059;Fitri Rahman;Surabaya;http;87.3
S0059;Fitri Rahman;Surabaya;information systems;98.7
S0059;Fitri Rahman;Surabaya;jaringan komputer;93.1
S0059;Fitri Rahman;Surabaya;java;81.0
S0059;Fitri Rahman;Surabaya;json;98.9
S0059;Fitri Rahman;Surabaya;kanban;73.7
S0059;Fitri Rahman;Surabaya;klasifikasi (data);96.6
S0059;Fitri Rahman;Surabaya;kpi (key performance indicator);66.1
S0059;Fitri Rahman;Surabaya;kriptografi;87.6
S0059;Fitri Rahman;Surabaya;linux;70.0
S0059;Fitri Rahman;Surabaya;machine learning;57.2
S0059;Fitri Rahman;Surabaya;microservices;98.5
S0059;Fitri Rahman;Surabaya;mysql;86.5
S0059;Fitri Rahman;Surabaya;nosql;74.4
S0059;Fitri Rahman;Surabaya;oop (object oriented programming);65.4
S0059;Fitri Rahman;Surabaya;php;80.7
S0059;Fitri Rahman;Surabaya;prototyping;99.5
S0059;Fitri Rahman;Surabaya;python;95.5
S0059;Fitri Rahman;Surabaya;regresi;58.6
S0059;Fitri Rahman;Surabaya;sap;92.9
S0059;Fitri Rahman;Surabaya;scm (supply chain management);93.5
S0059;Fitri Rahman;Surabaya;sprint (agile);70.7
S0059;Fitri Rahman;Surabaya;sql;52.7
S0059;Fitri Rahman;Surabaya;statistika/probabilitas;89.1
S0059;Fitri Rahman;Surabaya;ui/ux design;80.5
S0059;Fitri Rahman;Surabaya;uml (unified modeling language);87.2
S0059;Fitri Rahman;Surabaya;usability testing;91.0
S0059;Fitri Rahman;Surabaya;use case diagram;97.3
S0059;Fitri Rahman;Surabaya;vulnerability assessment;88.2
S0059;Fitri Rahman;Surabaya;xml;70.0
S0060;Jihan Halim;Surabaya;agile;84.5
S0060;Jihan Halim;Surabaya;algorithm design;96.2
S0060;Jihan Halim;Surabaya;basic programming;96.2
S0060;Jihan Halim;Surabaya;basis data / database;96.6
S0060;Jihan Halim;Surabaya;business intelligence;59.6
S0060;Jihan Halim;Surabaya;cisco;71.2
S0060;Jihan Halim;Surabaya;cloud computing;96.3
S0060;Jihan Halim;Surabaya;cobit;62.2
S0060;Jihan Halim;Surabaya;css;95.2
S0060;Jihan Halim;Surabaya;data mining;81.8
S0060;Jihan Halim;Surabaya;data warehouse;71.2
S0060;Jihan Halim;Surabaya;design thinking;58.2
S0060;Jihan Halim;Surabaya;devops;96.1
S0060;Jihan Halim;Surabaya;docker;50.1
S0060;Jihan Halim;Surabaya;erd (entity relationship diagram);84.7
S0060;Jihan Halim;Surabaya;erp (enterprise resource planning);78.8
S0060;Jihan Halim;Surabaya;figma;95.5
S0060;Jihan Halim;Surabaya;firewall;87.6
S0060;Jihan Halim;Surabaya;git;94.6
S0060;Jihan Halim;Surabaya;github;94.8
S0060;Jihan Halim;Surabaya;graphql;57.9
S0060;Jihan Halim;Surabaya;html;69.1
S0060;Jihan Halim;Surabaya;http;77.9
S0060;Jihan Halim;Surabaya;information systems;99.5
S0060;Jihan Halim;Surabaya;jaringan komputer;56.1
S0060;Jihan Halim;Surabaya;java;72.0
S0060;Jihan Halim;Surabaya;json;95.9
S0060;Jihan Halim;Surabaya;kanban;92.9
S0060;Jihan Halim;Surabaya;klasifikasi (data);73.6
S0060;Jihan Halim;Surabaya;kriptografi;75.7
S0060;Jihan Halim;Surabaya;linux;65.7
S0060;Jihan Halim;Surabaya;microservices;67.8
S0060;Jihan Halim;Surabaya;microsoft excel;59.7
S0060;Jihan Halim;Surabaya;mysql;84.0
S0060;Jihan Halim;Surabaya;osi layer;84.0
S0060;Jihan Halim;Surabaya;php;62.2
S0060;Jihan Halim;Surabaya;prototyping;88.3
S0060;Jihan Halim;Surabaya;python;65.7
S0060;Jihan Halim;Surabaya;regresi;69.9
S0060;Jihan Halim;Surabaya;rest api;78.5
S0060;Jihan Halim;Surabaya;sap;65.2
S0060;Jihan Halim;Surabaya;scm (supply chain management);69.2
S0060;Jihan Halim;Surabaya;sprint (agile);93.7
S0060;Jihan Halim;Surabaya;sql;67.7
S0060;Jihan Halim;Surabaya;statistika/probabilitas;100.0
S0060;Jihan Halim;Surabaya;ui/ux design;90.4
S0060;Jihan Halim;Surabaya;uml (unified modeling language);68.8
S0060;Jihan Halim;Surabaya;usability testing;71.6
S0060;Jihan Halim;Surabaya;use case diagram;76.2
S0060;Jihan Halim;Surabaya;vulnerability assessment;88.3
S0060;Jihan Halim;Surabaya;xml;57.8
S0061;Fitri Puspita;Surabaya;agile;96.7
S0061;Fitri Puspita;Surabaya;algorithm design;94.4
S0061;Fitri Puspita;Surabaya;basic programming;94.4
S0061;Fitri Puspita;Surabaya;basis data / database;96.9
S0061;Fitri Puspita;Surabaya;business intelligence;86.1
S0061;Fitri Puspita;Surabaya;cisco;59.9
S0061;Fitri Puspita;Surabaya;cloud computing;68.9
S0061;Fitri Puspita;Surabaya;clustering;99.9
S0061;Fitri Puspita;Surabaya;cobit;82.2
S0061;Fitri Puspita;Surabaya;crm (customer relationship management);70.6
S0061;Fitri Puspita;Surabaya;css;65.5
S0061;Fitri Puspita;Surabaya;data mining;98.4
S0061;Fitri Puspita;Surabaya;data warehouse;89.4
S0061;Fitri Puspita;Surabaya;design thinking;84.8
S0061;Fitri Puspita;Surabaya;devops;99.0
S0061;Fitri Puspita;Surabaya;docker;77.2
S0061;Fitri Puspita;Surabaya;erp (enterprise resource planning);65.3
S0061;Fitri Puspita;Surabaya;figma;68.2
S0061;Fitri Puspita;Surabaya;firewall;79.2
S0061;Fitri Puspita;Surabaya;git;88.6
S0061;Fitri Puspita;Surabaya;github;72.0
S0061;Fitri Puspita;Surabaya;html;97.5
S0061;Fitri Puspita;Surabaya;http;72.7
S0061;Fitri Puspita;Surabaya;information systems;99.6
S0061;Fitri Puspita;Surabaya;jaringan komputer;97.6
S0061;Fitri Puspita;Surabaya;java;95.7
S0061;Fitri Puspita;Surabaya;json;76.3
S0061;Fitri Puspita;Surabaya;kanban;61.0
S0061;Fitri Puspita;Surabaya;klasifikasi (data);87.7
S0061;Fitri Puspita;Surabaya;kpi (key performance indicator);97.5
S0061;Fitri Puspita;Surabaya;kriptografi;71.2
S0061;Fitri Puspita;Surabaya;laravel;79.8
S0061;Fitri Puspita;Surabaya;linux;55.3
S0061;Fitri Puspita;Surabaya;machine learning;92.0
S0061;Fitri Puspita;Surabaya;microservices;76.1
S0061;Fitri Puspita;Surabaya;microsoft excel;63.6
S0061;Fitri Puspita;Surabaya;mysql;95.7
S0061;Fitri Puspita;Surabaya;nosql;78.4
S0061;Fitri Puspita;Surabaya;oop (object oriented programming);89.5
S0061;Fitri Puspita;Surabaya;php;92.8
S0061;Fitri Puspita;Surabaya;prototyping;96.0
S0061;Fitri Puspita;Surabaya;python;90.9
S0061;Fitri Puspita;Surabaya;regresi;70.3
S0061;Fitri Puspita;Surabaya;rest api;67.6
S0061;Fitri Puspita;Surabaya;sap;52.8
S0061;Fitri Puspita;Surabaya;scm (supply chain management);90.2
S0061;Fitri Puspita;Surabaya;sprint (agile);71.6
S0061;Fitri Puspita;Surabaya;sql;67.3
S0061;Fitri Puspita;Surabaya;statistika/probabilitas;85.7
S0061;Fitri Puspita;Surabaya;ui/ux design;80.9
S0061;Fitri Puspita;Surabaya;uml (unified modeling language);91.8
S0061;Fitri Puspita;Surabaya;usability testing;90.3
S0061;Fitri Puspita;Surabaya;use case diagram;93.7
S0061;Fitri Puspita;Surabaya;vulnerability assessment;96.4
S0061;Fitri Puspita;Surabaya;xml;82.0
S0062;Nurul Anggraini;Surabaya;agile;91.7
S0062;Nurul Anggraini;Surabaya;algorithm design;94.6
S0062;Nurul Anggraini;Surabaya;basic programming;94.6
S0062;Nurul Anggraini;Surabaya;basis data / database;98.6
S0062;Nurul Anggraini;Surabaya;business intelligence;82.9
S0062;Nurul Anggraini;Surabaya;cisco;53.4
S0062;Nurul Anggraini;Surabaya;cloud computing;90.6
S0062;Nurul Anggraini;Surabaya;clustering;92.7
S0062;Nurul Anggraini;Surabaya;cobit;56.0
S0062;Nurul Anggraini;Surabaya;crm (customer relationship management);64.8
S0062;Nurul Anggraini;Surabaya;css;77.2
S0062;Nurul Anggraini;Surabaya;data mining;81.9
S0062;Nurul Anggraini;Surabaya;data warehouse;91.6
S0062;Nurul Anggraini;Surabaya;devops;59.4
S0062;Nurul Anggraini;Surabaya;erd (entity relationship diagram);79.6
S0062;Nurul Anggraini;Surabaya;erp (enterprise resource planning);97.8
S0062;Nurul Anggraini;Surabaya;figma;98.8
S0062;Nurul Anggraini;Surabaya;firewall;82.1
S0062;Nurul Anggraini;Surabaya;git;65.4
S0062;Nurul Anggraini;Surabaya;github;53.7
S0062;Nurul Anggraini;Surabaya;html;64.3
S0062;Nurul Anggraini;Surabaya;http;60.5
S0062;Nurul Anggraini;Surabaya;information systems;99.0
S0062;Nurul Anggraini;Surabaya;jaringan komputer;89.3
S0062;Nurul Anggraini;Surabaya;java;55.7
S0062;Nurul Anggraini;Surabaya;json;58.0
S0062;Nurul Anggraini;Surabaya;kanban;69.5
S0062;Nurul Anggraini;Surabaya;klasifikasi (data);78.6
S0062;Nurul Anggraini;Surabaya;kpi (key performance indicator);81.5
S0062;Nurul Anggraini;Surabaya;kriptografi;73.9
S0062;Nurul Anggraini;Surabaya;laravel;82.3
S0062;Nurul Anggraini;Surabaya;linux;94.2
S0062;Nurul Anggraini;Surabaya;machine learning;99.2
S0062;Nurul Anggraini;Surabaya;microservices;73.7
S0062;Nurul Anggraini;Surabaya;microsoft excel;92.2
S0062;Nurul Anggraini;Surabaya;nosql;78.0
S0062;Nurul Anggraini;Surabaya;oop (object oriented programming);67.2
S0062;Nurul Anggraini;Surabaya;osi layer;74.7
S0062;Nurul Anggraini;Surabaya;php;94.9
S0062;Nurul Anggraini;Surabaya;prototyping;98.1
S0062;Nurul Anggraini;Surabaya;python;70.9
S0062;Nurul Anggraini;Surabaya;regresi;70.0
S0062;Nurul Anggraini;Surabaya;rest api;73.1
S0062;Nurul Anggraini;Surabaya;sap;89.8
S0062;Nurul Anggraini;Surabaya;scm (supply chain management);69.8
S0062;Nurul Anggraini;Surabaya;sprint (agile);81.8
S0062;Nurul Anggraini;Surabaya;sql;62.0
S0062;Nurul Anggraini;Surabaya;statistika/probabilitas;99.0
S0062;Nurul Anggraini;Surabaya;ui/ux design;74.2
S0062;Nurul Anggraini;Surabaya;uml (unified modeling language);82.7
S0062;Nurul Anggraini;Surabaya;usability testing;85.2
S0062;Nurul Anggraini;Surabaya;use case diagram;75.8
S0062;Nurul Anggraini;Surabaya;vulnerability assessment;81.9
S0062;Nurul Anggraini;Surabaya;xml;62.3
S0063;Xena Handayani;Surabaya;agile;86.5
S0063;Xena Handayani;Surabaya;algorithm design;75.7
S0063;Xena Handayani;Surabaya;basic programming;75.7
S0063;Xena Handayani;Surabaya;basis data / database;98.3
S0063;Xena Handayani;Surabaya;business intelligence;93.9
S0063;Xena Handayani;Surabaya;cisco;54.8
S0063;Xena Handayani;Surabaya;cloud computing;66.8
S0063;Xena Handayani;Surabaya;cobit;74.2
S0063;Xena Handayani;Surabaya;crm (customer relationship management);81.7
S0063;Xena Handayani;Surabaya;css;94.7
S0063;Xena Handayani;Surabaya;data mining;99.3
S0063;Xena Handayani;Surabaya;data warehouse;78.2
S0063;Xena Handayani;Surabaya;design thinking;92.0
S0063;Xena Handayani;Surabaya;devops;96.7
S0063;Xena Handayani;Surabaya;docker;83.4
S0063;Xena Handayani;Surabaya;erd (entity relationship diagram);79.7
S0063;Xena Handayani;Surabaya;erp (enterprise resource planning);98.2
S0063;Xena Handayani;Surabaya;figma;92.0
S0063;Xena Handayani;Surabaya;firewall;81.6
S0063;Xena Handayani;Surabaya;git;88.3
S0063;Xena Handayani;Surabaya;github;87.9
S0063;Xena Handayani;Surabaya;graphql;74.7
S0063;Xena Handayani;Surabaya;http;91.8
S0063;Xena Handayani;Surabaya;information systems;99.7
S0063;Xena Handayani;Surabaya;jaringan komputer;79.5
S0063;Xena Handayani;Surabaya;java;85.5
S0063;Xena Handayani;Surabaya;json;97.9
S0063;Xena Handayani;Surabaya;kanban;97.9
S0063;Xena Handayani;Surabaya;klasifikasi (data);60.1
S0063;Xena Handayani;Surabaya;kpi (key performance indicator);60.4
S0063;Xena Handayani;Surabaya;kriptografi;78.4
S0063;Xena Handayani;Surabaya;laravel;93.2
S0063;Xena Handayani;Surabaya;linux;95.9
S0063;Xena Handayani;Surabaya;machine learning;89.9
S0063;Xena Handayani;Surabaya;microservices;92.1
S0063;Xena Handayani;Surabaya;microsoft excel;76.7
S0063;Xena Handayani;Surabaya;mysql;96.7
S0063;Xena Handayani;Surabaya;nosql;57.4
S0063;Xena Handayani;Surabaya;oop (object oriented programming);97.0
S0063;Xena Handayani;Surabaya;osi layer;68.9
S0063;Xena Handayani;Surabaya;php;82.0
S0063;Xena Handayani;Surabaya;prototyping;94.6
S0063;Xena Handayani;Surabaya;python;64.3
S0063;Xena Handayani;Surabaya;regresi;95.5
S0063;Xena Handayani;Surabaya;rest api;59.0
S0063;Xena Handayani;Surabaya;sap;98.8
S0063;Xena Handayani;Surabaya;scm (supply chain management);84.8
S0063;Xena Handayani;Surabaya;sql;54.5
S0063;Xena Handayani;Surabaya;statistika/probabilitas;69.6
S0063;Xena Handayani;Surabaya;ui/ux design;94.3
S0063;Xena Handayani;Surabaya;uml (unified modeling language);75.5
S0063;Xena Handayani;Surabaya;usability testing;66.3
S0063;Xena Handayani;Surabaya;use case diagram;62.6
S0063;Xena Handayani;Surabaya;vulnerability assessment;89.5
S0063;Xena Handayani;Surabaya;xml;65.2
S0064;Nurul Syahputra;Surabaya;agile;83.1
S0064;Nurul Syahputra;Surabaya;algorithm design;97.3
S0064;Nurul Syahputra;Surabaya;basic programming;97.3
S0064;Nurul Syahputra;Surabaya;basis data / database;86.7
S0064;Nurul Syahputra;Surabaya;business intelligence;95.1
S0064;Nurul Syahputra;Surabaya;cisco;99.9
S0064;Nurul Syahputra;Surabaya;cloud computing;83.6
S0064;Nurul Syahputra;Surabaya;clustering;58.1
S0064;Nurul Syahputra;Surabaya;cobit;75.2
S0064;Nurul Syahputra;Surabaya;crm (customer relationship management);75.1
S0064;Nurul Syahputra;Surabaya;data mining;81.7
S0064;Nurul Syahputra;Surabaya;data warehouse;69.6
S0064;Nurul Syahputra;Surabaya;design thinking;97.7
S0064;Nurul Syahputra;Surabaya;devops;98.1
S0064;Nurul Syahputra;Surabaya;docker;84.4
S0064;Nurul Syahputra;Surabaya;erd (entity relationship diagram);95.3
S0064;Nurul Syahputra;Surabaya;erp (enterprise resource planning);99.6
S0064;Nurul Syahputra;Surabaya;figma;84.2
S0064;Nurul Syahputra;Surabaya;firewall;69.0
S0064;Nurul Syahputra;Surabaya;git;75.4
S0064;Nurul Syahputra;Surabaya;github;85.3
S0064;Nurul Syahputra;Surabaya;graphql;89.1
S0064;Nurul Syahputra;Surabaya;html;98.5
S0064;Nurul Syahputra;Surabaya;http;64.5
S0064;Nurul Syahputra;Surabaya;information systems;96.8
S0064;Nurul Syahputra;Surabaya;jaringan komputer;80.0
S0064;Nurul Syahputra;Surabaya;java;74.1
S0064;Nurul Syahputra;Surabaya;json;72.9
S0064;Nurul Syahputra;Surabaya;kanban;52.1
S0064;Nurul Syahputra;Surabaya;klasifikasi (data);96.4
S0064;Nurul Syahputra;Surabaya;kpi (key performance indicator);68.8
S0064;Nurul Syahputra;Surabaya;kriptografi;52.5
S0064;Nurul Syahputra;Surabaya;laravel;70.2
S0064;Nurul Syahputra;Surabaya;linux;97.5
S0064;Nurul Syahputra;Surabaya;machine learning;55.7
S0064;Nurul Syahputra;Surabaya;microservices;78.8
S0064;Nurul Syahputra;Surabaya;microsoft excel;96.7
S0064;Nurul Syahputra;Surabaya;mysql;76.1
S0064;Nurul Syahputra;Surabaya;nosql;84.6
S0064;Nurul Syahputra;Surabaya;oop (object oriented programming);91.2
S0064;Nurul Syahputra;Surabaya;osi layer;58.8
S0064;Nurul Syahputra;Surabaya;php;90.8
S0064;Nurul Syahputra;Surabaya;prototyping;93.9
S0064;Nurul Syahputra;Surabaya;python;81.1
S0064;Nurul Syahputra;Surabaya;regresi;86.1
S0064;Nurul Syahputra;Surabaya;rest api;68.7
S0064;Nurul Syahputra;Surabaya;sap;81.2
S0064;Nurul Syahputra;Surabaya;scm (supply chain management);96.1
S0064;Nurul Syahputra;Surabaya;sprint (agile);74.3
S0064;Nurul Syahputra;Surabaya;sql;76.5
S0064;Nurul Syahputra;Surabaya;statistika/probabilitas;92.0
S0064;Nurul Syahputra;Surabaya;ui/ux design;78.7
S0064;Nurul Syahputra;Surabaya;uml (unified modeling language);87.7
S0064;Nurul Syahputra;Surabaya;usability testing;97.7
S0064;Nurul Syahputra;Surabaya;use case diagram;58.6
S0064;Nurul Syahputra;Surabaya;vulnerability assessment;76.5
S0064;Nurul Syahputra;Surabaya;xml;93.4
S0065;Dewi Firmansyah;Surabaya;agile;63.0
S0065;Dewi Firmansyah;Surabaya;algorithm design;61.8
S0065;Dewi Firmansyah;Surabaya;basic programming;61.8
S0065;Dewi Firmansyah;Surabaya;basis data / database;82.1
S0065;Dewi Firmansyah;Surabaya;business intelligence;77.0
S0065;Dewi Firmansyah;Surabaya;cisco;97.9
S0065;Dewi Firmansyah;Surabaya;cloud computing;65.9
S0065;Dewi Firmansyah;Surabaya;cobit;97.6
S0065;Dewi Firmansyah;Surabaya;crm (customer relationship management);96.6
S0065;Dewi Firmansyah;Surabaya;css;98.4
S0065;Dewi Firmansyah;Surabaya;data mining;72.0
S0065;Dewi Firmansyah;Surabaya;data warehouse;88.7
S0065;Dewi Firmansyah;Surabaya;devops;95.0
S0065;Dewi Firmansyah;Surabaya;docker;56.8
S0065;Dewi Firmansyah;Surabaya;erd (entity relationship diagram);87.2
S0065;Dewi Firmansyah;Surabaya;erp (enterprise resource planning);65.1
S0065;Dewi Firmansyah;Surabaya;figma;84.7
S0065;Dewi Firmansyah;Surabaya;firewall;63.9
S0065;Dewi Firmansyah;Surabaya;git;86.9
S0065;Dewi Firmansyah;Surabaya;github;93.8
S0065;Dewi Firmansyah;Surabaya;graphql;64.4
S0065;Dewi Firmansyah;Surabaya;html;91.0
S0065;Dewi Firmansyah;Surabaya;http;50.3
S0065;Dewi Firmansyah;Surabaya;information systems;99.8
S0065;Dewi Firmansyah;Surabaya;jaringan komputer;95.7
S0065;Dewi Firmansyah;Surabaya;java;91.4
S0065;Dewi Firmansyah;Surabaya;json;61.8
S0065;Dewi Firmansyah;Surabaya;klasifikasi (data);96.0
S0065;Dewi Firmansyah;Surabaya;kpi (key performance indicator);83.1
S0065;Dewi Firmansyah;Surabaya;kriptografi;58.6
S0065;Dewi Firmansyah;Surabaya;laravel;65.5
S0065;Dewi Firmansyah;Surabaya;linux;68.1
S0065;Dewi Firmansyah;Surabaya;microservices;80.1
S0065;Dewi Firmansyah;Surabaya;mysql;59.0
S0065;Dewi Firmansyah;Surabaya;nosql;80.4
S0065;Dewi Firmansyah;Surabaya;oop (object oriented programming);88.7
S0065;Dewi Firmansyah;Surabaya;osi layer;84.6
S0065;Dewi Firmansyah;Surabaya;php;94.8
S0065;Dewi Firmansyah;Surabaya;prototyping;91.9
S0065;Dewi Firmansyah;Surabaya;python;90.4
S0065;Dewi Firmansyah;Surabaya;regresi;97.0
S0065;Dewi Firmansyah;Surabaya;rest api;59.2
S0065;Dewi Firmansyah;Surabaya;sap;89.2
S0065;Dewi Firmansyah;Surabaya;scm (supply chain management);79.3
S0065;Dewi Firmansyah;Surabaya;sprint (agile);74.8
S0065;Dewi Firmansyah;Surabaya;sql;80.3
S0065;Dewi Firmansyah;Surabaya;statistika/probabilitas;97.5
S0065;Dewi Firmansyah;Surabaya;uml (unified modeling language);70.8
S0065;Dewi Firmansyah;Surabaya;usability testing;53.1
S0065;Dewi Firmansyah;Surabaya;use case diagram;52.7
S0065;Dewi Firmansyah;Surabaya;vulnerability assessment;61.3
S0066;Made Maharani;Surabaya;agile;80.9
S0066;Made Maharani;Surabaya;algorithm design;83.7
S0066;Made Maharani;Surabaya;basic programming;83.7
S0066;Made Maharani;Surabaya;basis data / database;100.0
S0066;Made Maharani;Surabaya;business intelligence;77.7
S0066;Made Maharani;Surabaya;cisco;64.2
S0066;Made Maharani;Surabaya;cloud computing;88.8
S0066;Made Maharani;Surabaya;clustering;82.7
S0066;Made Maharani;Surabaya;cobit;73.4
S0066;Made Maharani;Surabaya;crm (customer relationship management);59.4
S0066;Made Maharani;Surabaya;data mining;96.6
S0066;Made Maharani;Surabaya;data warehouse;90.3
S0066;Made Maharani;Surabaya;design thinking;64.4
S0066;Made Maharani;Surabaya;devops;81.2
S0066;Made Maharani;Surabaya;docker;80.3
S0066;Made Maharani;Surabaya;erd (entity relationship diagram);79.3
S0066;Made Maharani;Surabaya;erp (enterprise resource planning);99.4
S0066;Made Maharani;Surabaya;figma;78.6
S0066;Made Maharani;Surabaya;firewall;98.8
S0066;Made Maharani;Surabaya;git;72.0
S0066;Made Maharani;Surabaya;github;83.2
S0066;Made Maharani;Surabaya;graphql;91.9
S0066;Made Maharani;Surabaya;information systems;100.0
S0066;Made Maharani;Surabaya;jaringan komputer;65.0
S0066;Made Maharani;Surabaya;java;67.8
S0066;Made Maharani;Surabaya;json;58.9
S0066;Made Maharani;Surabaya;kanban;65.7
S0066;Made Maharani;Surabaya;klasifikasi (data);90.9
S0066;Made Maharani;Surabaya;kpi (key performance indicator);98.2
S0066;Made Maharani;Surabaya;kriptografi;93.2
S0066;Made Maharani;Surabaya;laravel;54.8
S0066;Made Maharani;Surabaya;linux;97.6
S0066;Made Maharani;Surabaya;machine learning;80.1
S0066;Made Maharani;Surabaya;microservices;91.8
S0066;Made Maharani;Surabaya;microsoft excel;65.1
S0066;Made Maharani;Surabaya;mysql;97.6
S0066;Made Maharani;Surabaya;nosql;90.8
S0066;Made Maharani;Surabaya;oop (object oriented programming);59.5
S0066;Made Maharani;Surabaya;osi layer;62.6
S0066;Made Maharani;Surabaya;php;77.2
S0066;Made Maharani;Surabaya;prototyping;99.8
S0066;Made Maharani;Surabaya;python;84.8
S0066;Made Maharani;Surabaya;regresi;64.0
S0066;Made Maharani;Surabaya;sap;93.0
S0066;Made Maharani;Surabaya;scm (supply chain management);91.5
S0066;Made Maharani;Surabaya;sql;77.9
S0066;Made Maharani;Surabaya;statistika/probabilitas;94.6
S0066;Made Maharani;Surabaya;ui/ux design;77.3
S0066;Made Maharani;Surabaya;uml (unified modeling language);97.0
S0066;Made Maharani;Surabaya;usability testing;92.6
S0066;Made Maharani;Surabaya;use case diagram;85.6
S0066;Made Maharani;Surabaya;vulnerability assessment;83.1
S0066;Made Maharani;Surabaya;xml;87.2
S0067;Vina Nugroho;Surabaya;agile;99.7
S0067;Vina Nugroho;Surabaya;algorithm design;92.1
S0067;Vina Nugroho;Surabaya;basic programming;92.1
S0067;Vina Nugroho;Surabaya;basis data / database;89.3
S0067;Vina Nugroho;Surabaya;business intelligence;83.1
S0067;Vina Nugroho;Surabaya;cloud computing;81.3
S0067;Vina Nugroho;Surabaya;clustering;50.7
S0067;Vina Nugroho;Surabaya;cobit;89.4
S0067;Vina Nugroho;Surabaya;crm (customer relationship management);79.7
S0067;Vina Nugroho;Surabaya;css;59.1
S0067;Vina Nugroho;Surabaya;data mining;81.1
S0067;Vina Nugroho;Surabaya;data warehouse;89.4
S0067;Vina Nugroho;Surabaya;design thinking;64.4
S0067;Vina Nugroho;Surabaya;devops;89.2
S0067;Vina Nugroho;Surabaya;docker;75.0
S0067;Vina Nugroho;Surabaya;erd (entity relationship diagram);78.4
S0067;Vina Nugroho;Surabaya;erp (enterprise resource planning);83.2
S0067;Vina Nugroho;Surabaya;figma;94.6
S0067;Vina Nugroho;Surabaya;firewall;50.2
S0067;Vina Nugroho;Surabaya;git;79.1
S0067;Vina Nugroho;Surabaya;github;93.7
S0067;Vina Nugroho;Surabaya;html;67.3
S0067;Vina Nugroho;Surabaya;http;72.2
S0067;Vina Nugroho;Surabaya;information systems;97.2
S0067;Vina Nugroho;Surabaya;jaringan komputer;94.1
S0067;Vina Nugroho;Surabaya;java;84.1
S0067;Vina Nugroho;Surabaya;json;99.7
S0067;Vina Nugroho;Surabaya;kanban;98.9
S0067;Vina Nugroho;Surabaya;klasifikasi (data);85.4
S0067;Vina Nugroho;Surabaya;kpi (key performance indicator);73.7
S0067;Vina Nugroho;Surabaya;kriptografi;50.8
S0067;Vina Nugroho;Surabaya;laravel;97.9
S0067;Vina Nugroho;Surabaya;linux;91.9
S0067;Vina Nugroho;Surabaya;machine learning;52.1
S0067;Vina Nugroho;Surabaya;microservices;82.2
S0067;Vina Nugroho;Surabaya;microsoft excel;63.4
S0067;Vina Nugroho;Surabaya;mysql;73.5
S0067;Vina Nugroho;Surabaya;nosql;51.5
S0067;Vina Nugroho;Surabaya;oop (object oriented programming);91.0
S0067;Vina Nugroho;Surabaya;osi layer;64.6
S0067;Vina Nugroho;Surabaya;php;82.6
S0067;Vina Nugroho;Surabaya;prototyping;92.6
S0067;Vina Nugroho;Surabaya;python;95.1
S0067;Vina Nugroho;Surabaya;regresi;74.1
S0067;Vina Nugroho;Surabaya;rest api;92.7
S0067;Vina Nugroho;Surabaya;sap;59.1
S0067;Vina Nugroho;Surabaya;scm (supply chain management);97.2
S0067;Vina Nugroho;Surabaya;sprint (agile);83.9
S0067;Vina Nugroho;Surabaya;statistika/probabilitas;84.7
S0067;Vina Nugroho;Surabaya;ui/ux design;61.9
S0067;Vina Nugroho;Surabaya;uml (unified modeling language);96.4
S0067;Vina Nugroho;Surabaya;usability testing;97.4
S0067;Vina Nugroho;Surabaya;use case diagram;85.4
S0067;Vina Nugroho;Surabaya;vulnerability assessment;71.5
S0067;Vina Nugroho;Surabaya;xml;78.4
S0068;Nurul Firmansyah;Surabaya;agile;93.9
S0068;Nurul Firmansyah;Surabaya;algorithm design;81.0
S0068;Nurul Firmansyah;Surabaya;basic programming;81.0
S0068;Nurul Firmansyah;Surabaya;basis data / database;81.0
S0068;Nurul Firmansyah;Surabaya;business intelligence;79.2
S0068;Nurul Firmansyah;Surabaya;cloud computing;78.0
S0068;Nurul Firmansyah;Surabaya;clustering;83.0
S0068;Nurul Firmansyah;Surabaya;cobit;60.9
S0068;Nurul Firmansyah;Surabaya;crm (customer relationship management);82.5
S0068;Nurul Firmansyah;Surabaya;css;83.5
S0068;Nurul Firmansyah;Surabaya;data mining;88.3
S0068;Nurul Firmansyah;Surabaya;data warehouse;66.4
S0068;Nurul Firmansyah;Surabaya;devops;94.1
S0068;Nurul Firmansyah;Surabaya;docker;55.5
S0068;Nurul Firmansyah;Surabaya;erd (entity relationship diagram);85.3
S0068;Nurul Firmansyah;Surabaya;erp (enterprise resource planning);99.8
S0068;Nurul Firmansyah;Surabaya;figma;75.9
S0068;Nurul Firmansyah;Surabaya;firewall;53.7
S0068;Nurul Firmansyah;Surabaya;git;86.0
S0068;Nurul Firmansyah;Surabaya;github;85.2
S0068;Nurul Firmansyah;Surabaya;graphql;54.3
S0068;Nurul Firmansyah;Surabaya;html;76.0
S0068;Nurul Firmansyah;Surabaya;http;77.0
S0068;Nurul Firmansyah;Surabaya;information systems;98.7
S0068;Nurul Firmansyah;Surabaya;jaringan komputer;96.7
S0068;Nurul Firmansyah;Surabaya;java;90.7
S0068;Nurul Firmansyah;Surabaya;kanban;81.1
S0068;Nurul Firmansyah;Surabaya;klasifikasi (data);96.0
S0068;Nurul Firmansyah;Surabaya;kriptografi;77.4
S0068;Nurul Firmansyah;Surabaya;laravel;55.3
S0068;Nurul Firmansyah;Surabaya;linux;76.4
S0068;Nurul Firmansyah;Surabaya;microservices;87.9
S0068;Nurul Firmansyah;Surabaya;microsoft excel;64.8
S0068;Nurul Firmansyah;Surabaya;mysql;62.0
S0068;Nurul Firmansyah;Surabaya;nosql;56.7
S0068;Nurul Firmansyah;Surabaya;oop (object oriented programming);75.3
S0068;Nurul Firmansyah;Surabaya;osi layer;93.0
S0068;Nurul Firmansyah;Surabaya;php;86.5
S0068;Nurul Firmansyah;Surabaya;prototyping;95.2
S0068;Nurul Firmansyah;Surabaya;python;99.5
S0068;Nurul Firmansyah;Surabaya;rest api;89.1
S0068;Nurul Firmansyah;Surabaya;sap;91.6
S0068;Nurul Firmansyah;Surabaya;scm (supply chain management);84.2
S0068;Nurul Firmansyah;Surabaya;sprint (agile);92.0
S0068;Nurul Firmansyah;Surabaya;sql;73.4
S0068;Nurul Firmansyah;Surabaya;statistika/probabilitas;86.8
S0068;Nurul Firmansyah;Surabaya;ui/ux design;56.3
S0068;Nurul Firmansyah;Surabaya;uml (unified modeling language);95.5
S0068;Nurul Firmansyah;Surabaya;usability testing;94.2
S0068;Nurul Firmansyah;Surabaya;use case diagram;79.5
S0068;Nurul Firmansyah;Surabaya;vulnerability assessment;84.8
S0068;Nurul Firmansyah;Surabaya;xml;57.9
S0069;Xena Anggraini;Surabaya;agile;86.2
S0069;Xena Anggraini;Surabaya;algorithm design;82.6
S0069;Xena Anggraini;Surabaya;basic programming;82.6
S0069;Xena Anggraini;Surabaya;basis data / database;93.7
S0069;Xena Anggraini;Surabaya;business intelligence;87.1
S0069;Xena Anggraini;Surabaya;cisco;83.7
S0069;Xena Anggraini;Surabaya;cloud computing;63.7
S0069;Xena Anggraini;Surabaya;clustering;71.6
S0069;Xena Anggraini;Surabaya;cobit;99.7
S0069;Xena Anggraini;Surabaya;css;65.1
S0069;Xena Anggraini;Surabaya;data mining;94.3
S0069;Xena Anggraini;Surabaya;data warehouse;75.6
S0069;Xena Anggraini;Surabaya;design thinking;63.0
S0069;Xena Anggraini;Surabaya;devops;77.3
S0069;Xena Anggraini;Surabaya;docker;55.4
S0069;Xena Anggraini;Surabaya;erd (entity relationship diagram);77.5
S0069;Xena Anggraini;Surabaya;erp (enterprise resource planning);82.7
S0069;Xena Anggraini;Surabaya;figma;83.4
S0069;Xena Anggraini;Surabaya;git;86.9
S0069;Xena Anggraini;Surabaya;github;99.4
S0069;Xena Anggraini;Surabaya;html;62.1
S0069;Xena Anggraini;Surabaya;http;52.4
S0069;Xena Anggraini;Surabaya;information systems;99.9
S0069;Xena Anggraini;Surabaya;jaringan komputer;55.8
S0069;Xena Anggraini;Surabaya;java;74.9
S0069;Xena Anggraini;Surabaya;json;94.0
S0069;Xena Anggraini;Surabaya;kanban;94.0
S0069;Xena Anggraini;Surabaya;klasifikasi (data);75.6
S0069;Xena Anggraini;Surabaya;kpi (key performance indicator);91.7
S0069;Xena Anggraini;Surabaya;kriptografi;52.6
S0069;Xena Anggraini;Surabaya;linux;85.1
S0069;Xena Anggraini;Surabaya;machine learning;68.6
S0069;Xena Anggraini;Surabaya;microservices;78.7
S0069;Xena Anggraini;Surabaya;mysql;96.4
S0069;Xena Anggraini;Surabaya;nosql;84.7
S0069;Xena Anggraini;Surabaya;oop (object oriented programming);83.8
S0069;Xena Anggraini;Surabaya;osi layer;72.5
S0069;Xena Anggraini;Surabaya;php;85.2
S0069;Xena Anggraini;Surabaya;prototyping;96.7
S0069;Xena Anggraini;Surabaya;python;98.9
S0069;Xena Anggraini;Surabaya;rest api;65.0
S0069;Xena Anggraini;Surabaya;sap;57.6
S0069;Xena Anggraini;Surabaya;scm (supply chain management);88.7
S0069;Xena Anggraini;Surabaya;sql;89.0
S0069;Xena Anggraini;Surabaya;statistika/probabilitas;87.7
S0069;Xena Anggraini;Surabaya;ui/ux design;78.1
S0069;Xena Anggraini;Surabaya;uml (unified modeling language);92.5
S0069;Xena Anggraini;Surabaya;usability testing;93.5
S0069;Xena Anggraini;Surabaya;use case diagram;67.0
S0069;Xena Anggraini;Surabaya;vulnerability assessment;62.6
S0069;Xena Anggraini;Surabaya;xml;81.3
S0070;Taufik Kusuma;Surabaya;agile;57.7
S0070;Taufik Kusuma;Surabaya;algorithm design;69.2
S0070;Taufik Kusuma;Surabaya;basic programming;69.2
S0070;Taufik Kusuma;Surabaya;basis data / database;94.0
S0070;Taufik Kusuma;Surabaya;business intelligence;61.2
S0070;Taufik Kusuma;Surabaya;cloud computing;89.4
S0070;Taufik Kusuma;Surabaya;cobit;99.9
S0070;Taufik Kusuma;Surabaya;crm (customer relationship management);68.9
S0070;Taufik Kusuma;Surabaya;css;84.3
S0070;Taufik Kusuma;Surabaya;data mining;98.1
S0070;Taufik Kusuma;Surabaya;data warehouse;73.9
S0070;Taufik Kusuma;Surabaya;design thinking;91.2
S0070;Taufik Kusuma;Surabaya;devops;56.9
S0070;Taufik Kusuma;Surabaya;erd (entity relationship diagram);55.6
S0070;Taufik Kusuma;Surabaya;erp (enterprise resource planning);79.5
S0070;Taufik Kusuma;Surabaya;figma;99.8
S0070;Taufik Kusuma;Surabaya;firewall;72.0
S0070;Taufik Kusuma;Surabaya;git;64.4
S0070;Taufik Kusuma;Surabaya;github;51.7
S0070;Taufik Kusuma;Surabaya;graphql;95.0
S0070;Taufik Kusuma;Surabaya;html;62.0
S0070;Taufik Kusuma;Surabaya;http;87.7
S0070;Taufik Kusuma;Surabaya;information systems;99.1
S0070;Taufik Kusuma;Surabaya;jaringan komputer;94.7
S0070;Taufik Kusuma;Surabaya;java;73.4
S0070;Taufik Kusuma;Surabaya;json;75.6
S0070;Taufik Kusuma;Surabaya;kanban;66.3
S0070;Taufik Kusuma;Surabaya;klasifikasi (data);80.2
S0070;Taufik Kusuma;Surabaya;kpi (key performance indicator);57.9
S0070;Taufik Kusuma;Surabaya;kriptografi;55.7
S0070;Taufik Kusuma;Surabaya;laravel;59.7
S0070;Taufik Kusuma;Surabaya;linux;73.3
S0070;Taufik Kusuma;Surabaya;microservices;77.8
S0070;Taufik Kusuma;Surabaya;microsoft excel;55.8
S0070;Taufik Kusuma;Surabaya;mysql;98.1
S0070;Taufik Kusuma;Surabaya;oop (object oriented programming);65.1
S0070;Taufik Kusuma;Surabaya;osi layer;72.2
S0070;Taufik Kusuma;Surabaya;prototyping;88.8
S0070;Taufik Kusuma;Surabaya;python;77.6
S0070;Taufik Kusuma;Surabaya;regresi;52.1
S0070;Taufik Kusuma;Surabaya;sap;63.1
S0070;Taufik Kusuma;Surabaya;scm (supply chain management);78.2
S0070;Taufik Kusuma;Surabaya;sprint (agile);56.0
S0070;Taufik Kusuma;Surabaya;sql;98.4
S0070;Taufik Kusuma;Surabaya;statistika/probabilitas;97.8
S0070;Taufik Kusuma;Surabaya;ui/ux design;78.3
S0070;Taufik Kusuma;Surabaya;uml (unified modeling language);94.9
S0070;Taufik Kusuma;Surabaya;usability testing;59.9
S0070;Taufik Kusuma;Surabaya;use case diagram;94.6
S0070;Taufik Kusuma;Surabaya;vulnerability assessment;94.1
S0070;Taufik Kusuma;Surabaya;xml;73.2
S0071;Chandra Saputra;Surabaya;agile;93.2
S0071;Chandra Saputra;Surabaya;algorithm design;61.0
S0071;Chandra Saputra;Surabaya;basic programming;61.0
S0071;Chandra Saputra;Surabaya;basis data / database;85.9
S0071;Chandra Saputra;Surabaya;business intelligence;87.0
S0071;Chandra Saputra;Surabaya;cisco;68.3
S0071;Chandra Saputra;Surabaya;cloud computing;77.0
S0071;Chandra Saputra;Surabaya;clustering;93.2
S0071;Chandra Saputra;Surabaya;cobit;64.5
S0071;Chandra Saputra;Surabaya;crm (customer relationship management);75.5
S0071;Chandra Saputra;Surabaya;data mining;69.0
S0071;Chandra Saputra;Surabaya;data warehouse;86.4
S0071;Chandra Saputra;Surabaya;design thinking;85.6
S0071;Chandra Saputra;Surabaya;docker;62.2
S0071;Chandra Saputra;Surabaya;erd (entity relationship diagram);74.1
S0071;Chandra Saputra;Surabaya;erp (enterprise resource planning);88.3
S0071;Chandra Saputra;Surabaya;figma;99.1
S0071;Chandra Saputra;Surabaya;firewall;83.7
S0071;Chandra Saputra;Surabaya;git;97.0
S0071;Chandra Saputra;Surabaya;github;96.5
S0071;Chandra Saputra;Surabaya;graphql;91.6
S0071;Chandra Saputra;Surabaya;html;50.8
S0071;Chandra Saputra;Surabaya;http;99.1
S0071;Chandra Saputra;Surabaya;information systems;99.3
S0071;Chandra Saputra;Surabaya;jaringan komputer;67.6
S0071;Chandra Saputra;Surabaya;java;98.2
S0071;Chandra Saputra;Surabaya;json;58.9
S0071;Chandra Saputra;Surabaya;kanban;57.9
S0071;Chandra Saputra;Surabaya;klasifikasi (data);84.8
S0071;Chandra Saputra;Surabaya;kpi (key performance indicator);57.3
S0071;Chandra Saputra;Surabaya;kriptografi;54.4
S0071;Chandra Saputra;Surabaya;laravel;56.4
S0071;Chandra Saputra;Surabaya;linux;92.4
S0071;Chandra Saputra;Surabaya;machine learning;89.3
S0071;Chandra Saputra;Surabaya;microservices;88.1
S0071;Chandra Saputra;Surabaya;microsoft excel;67.3
S0071;Chandra Saputra;Surabaya;mysql;63.7
S0071;Chandra Saputra;Surabaya;oop (object oriented programming);53.4
S0071;Chandra Saputra;Surabaya;osi layer;72.9
S0071;Chandra Saputra;Surabaya;php;89.5
S0071;Chandra Saputra;Surabaya;prototyping;89.9
S0071;Chandra Saputra;Surabaya;python;94.9
S0071;Chandra Saputra;Surabaya;regresi;89.6
S0071;Chandra Saputra;Surabaya;rest api;66.1
S0071;Chandra Saputra;Surabaya;sap;81.9
S0071;Chandra Saputra;Surabaya;scm (supply chain management);83.4
S0071;Chandra Saputra;Surabaya;sql;75.5
S0071;Chandra Saputra;Surabaya;statistika/probabilitas;94.6
S0071;Chandra Saputra;Surabaya;ui/ux design;52.9
S0071;Chandra Saputra;Surabaya;uml (unified modeling language);81.0
S0071;Chandra Saputra;Surabaya;usability testing;77.7
S0071;Chandra Saputra;Surabaya;use case diagram;86.7
S0071;Chandra Saputra;Surabaya;vulnerability assessment;74.6
S0071;Chandra Saputra;Surabaya;xml;98.7
S0072;Citra Santoso;Surabaya;agile;64.7
S0072;Citra Santoso;Surabaya;algorithm design;97.0
S0072;Citra Santoso;Surabaya;basic programming;97.0
S0072;Citra Santoso;Surabaya;basis data / database;96.9
S0072;Citra Santoso;Surabaya;business intelligence;97.8
S0072;Citra Santoso;Surabaya;cloud computing;63.9
S0072;Citra Santoso;Surabaya;clustering;58.0
S0072;Citra Santoso;Surabaya;cobit;75.3
S0072;Citra Santoso;Surabaya;crm (customer relationship management);60.1
S0072;Citra Santoso;Surabaya;data mining;87.4
S0072;Citra Santoso;Surabaya;data warehouse;87.1
S0072;Citra Santoso;Surabaya;design thinking;56.3
S0072;Citra Santoso;Surabaya;devops;64.6
S0072;Citra Santoso;Surabaya;docker;94.7
S0072;Citra Santoso;Surabaya;erd (entity relationship diagram);54.1
S0072;Citra Santoso;Surabaya;erp (enterprise resource planning);94.1
S0072;Citra Santoso;Surabaya;figma;53.9
S0072;Citra Santoso;Surabaya;firewall;79.0
S0072;Citra Santoso;Surabaya;git;72.3
S0072;Citra Santoso;Surabaya;github;71.9
S0072;Citra Santoso;Surabaya;graphql;90.3
S0072;Citra Santoso;Surabaya;html;66.8
S0072;Citra Santoso;Surabaya;http;90.7
S0072;Citra Santoso;Surabaya;information systems;97.6
S0072;Citra Santoso;Surabaya;jaringan komputer;85.3
S0072;Citra Santoso;Surabaya;java;85.7
S0072;Citra Santoso;Surabaya;json;57.8
S0072;Citra Santoso;Surabaya;kanban;93.1
S0072;Citra Santoso;Surabaya;klasifikasi (data);97.3
S0072;Citra Santoso;Surabaya;kpi (key performance indicator);84.2
S0072;Citra Santoso;Surabaya;kriptografi;57.2
S0072;Citra Santoso;Surabaya;laravel;61.5
S0072;Citra Santoso;Surabaya;linux;97.9
S0072;Citra Santoso;Surabaya;machine learning;95.3
S0072;Citra Santoso;Surabaya;microservices;93.4
S0072;Citra Santoso;Surabaya;microsoft excel;51.6
S0072;Citra Santoso;Surabaya;mysql;56.2
S0072;Citra Santoso;Surabaya;nosql;93.8
S0072;Citra Santoso;Surabaya;osi layer;90.9
S0072;Citra Santoso;Surabaya;php;91.6
S0072;Citra Santoso;Surabaya;prototyping;84.9
S0072;Citra Santoso;Surabaya;python;80.4
S0072;Citra Santoso;Surabaya;rest api;58.6
S0072;Citra Santoso;Surabaya;sap;65.9
S0072;Citra Santoso;Surabaya;scm (supply chain management);84.6
S0072;Citra Santoso;Surabaya;sql;57.5
S0072;Citra Santoso;Surabaya;statistika/probabilitas;88.5
S0072;Citra Santoso;Surabaya;ui/ux design;63.7
S0072;Citra Santoso;Surabaya;uml (unified modeling language);70.4
S0072;Citra Santoso;Surabaya;usability testing;93.9
S0072;Citra Santoso;Surabaya;use case diagram;71.2
S0072;Citra Santoso;Surabaya;vulnerability assessment;96.5
S0073;Vina Kusuma;Surabaya;agile;79.0
S0073;Vina Kusuma;Surabaya;algorithm design;89.7
S0073;Vina Kusuma;Surabaya;basic programming;89.7
S0073;Vina Kusuma;Surabaya;basis data / database;93.3
S0073;Vina Kusuma;Surabaya;business intelligence;94.7
S0073;Vina Kusuma;Surabaya;cloud computing;81.9
S0073;Vina Kusuma;Surabaya;clustering;80.7
S0073;Vina Kusuma;Surabaya;cobit;93.7
S0073;Vina Kusuma;Surabaya;crm (customer relationship management);53.7
S0073;Vina Kusuma;Surabaya;css;77.5
S0073;Vina Kusuma;Surabaya;data mining;97.0
S0073;Vina Kusuma;Surabaya;data warehouse;99.4
S0073;Vina Kusuma;Surabaya;design thinking;85.3
S0073;Vina Kusuma;Surabaya;devops;78.1
S0073;Vina Kusuma;Surabaya;docker;74.4
S0073;Vina Kusuma;Surabaya;erd (entity relationship diagram);50.1
S0073;Vina Kusuma;Surabaya;erp (enterprise resource planning);76.7
S0073;Vina Kusuma;Surabaya;figma;80.4
S0073;Vina Kusuma;Surabaya;firewall;66.4
S0073;Vina Kusuma;Surabaya;git;80.2
S0073;Vina Kusuma;Surabaya;github;94.0
S0073;Vina Kusuma;Surabaya;graphql;64.8
S0073;Vina Kusuma;Surabaya;html;98.1
S0073;Vina Kusuma;Surabaya;http;94.1
S0073;Vina Kusuma;Surabaya;information systems;99.1
S0073;Vina Kusuma;Surabaya;jaringan komputer;96.4
S0073;Vina Kusuma;Surabaya;java;70.6
S0073;Vina Kusuma;Surabaya;json;96.6
S0073;Vina Kusuma;Surabaya;kanban;77.1
S0073;Vina Kusuma;Surabaya;klasifikasi (data);62.2
S0073;Vina Kusuma;Surabaya;kriptografi;51.1
S0073;Vina Kusuma;Surabaya;laravel;79.5
S0073;Vina Kusuma;Surabaya;linux;81.7
S0073;Vina Kusuma;Surabaya;machine learning;76.5
S0073;Vina Kusuma;Surabaya;microservices;74.6
S0073;Vina Kusuma;Surabaya;mysql;99.9
S0073;Vina Kusuma;Surabaya;oop (object oriented programming);68.5
S0073;Vina Kusuma;Surabaya;osi layer;55.9
S0073;Vina Kusuma;Surabaya;php;84.2
S0073;Vina Kusuma;Surabaya;prototyping;94.5
S0073;Vina Kusuma;Surabaya;python;88.7
S0073;Vina Kusuma;Surabaya;rest api;74.5
S0073;Vina Kusuma;Surabaya;sap;53.4
S0073;Vina Kusuma;Surabaya;scm (supply chain management);99.4
S0073;Vina Kusuma;Surabaya;sprint (agile);67.8
S0073;Vina Kusuma;Surabaya;statistika/probabilitas;92.5
S0073;Vina Kusuma;Surabaya;ui/ux design;92.7
S0073;Vina Kusuma;Surabaya;uml (unified modeling language);99.0
S0073;Vina Kusuma;Surabaya;usability testing;96.3
S0073;Vina Kusuma;Surabaya;use case diagram;67.0
S0073;Vina Kusuma;Surabaya;vulnerability assessment;99.7
S0074;Joko Rahman;Surabaya;agile;67.2
S0074;Joko Rahman;Surabaya;algorithm design;81.2
S0074;Joko Rahman;Surabaya;basic programming;81.2
S0074;Joko Rahman;Surabaya;basis data / database;99.8
S0074;Joko Rahman;Surabaya;business intelligence;98.4
S0074;Joko Rahman;Surabaya;cisco;81.8
S0074;Joko Rahman;Surabaya;cloud computing;93.0
S0074;Joko Rahman;Surabaya;clustering;58.6
S0074;Joko Rahman;Surabaya;cobit;67.6
S0074;Joko Rahman;Surabaya;crm (customer relationship management);65.4
S0074;Joko Rahman;Surabaya;css;97.6
S0074;Joko Rahman;Surabaya;data mining;86.9
S0074;Joko Rahman;Surabaya;data warehouse;92.3
S0074;Joko Rahman;Surabaya;design thinking;82.3
S0074;Joko Rahman;Surabaya;devops;96.1
S0074;Joko Rahman;Surabaya;docker;91.6
S0074;Joko Rahman;Surabaya;erp (enterprise resource planning);67.3
S0074;Joko Rahman;Surabaya;figma;77.4
S0074;Joko Rahman;Surabaya;firewall;78.6
S0074;Joko Rahman;Surabaya;git;53.3
S0074;Joko Rahman;Surabaya;github;87.4
S0074;Joko Rahman;Surabaya;graphql;78.6
S0074;Joko Rahman;Surabaya;html;93.8
S0074;Joko Rahman;Surabaya;http;88.0
S0074;Joko Rahman;Surabaya;information systems;99.0
S0074;Joko Rahman;Surabaya;jaringan komputer;92.5
S0074;Joko Rahman;Surabaya;java;93.8
S0074;Joko Rahman;Surabaya;json;62.5
S0074;Joko Rahman;Surabaya;kanban;98.7
S0074;Joko Rahman;Surabaya;klasifikasi (data);62.6
S0074;Joko Rahman;Surabaya;kpi (key performance indicator);91.1
S0074;Joko Rahman;Surabaya;laravel;92.4
S0074;Joko Rahman;Surabaya;linux;93.2
S0074;Joko Rahman;Surabaya;machine learning;55.2
S0074;Joko Rahman;Surabaya;microservices;88.0
S0074;Joko Rahman;Surabaya;microsoft excel;94.1
S0074;Joko Rahman;Surabaya;mysql;83.0
S0074;Joko Rahman;Surabaya;nosql;53.3
S0074;Joko Rahman;Surabaya;oop (object oriented programming);74.7
S0074;Joko Rahman;Surabaya;osi layer;80.5
S0074;Joko Rahman;Surabaya;php;57.6
S0074;Joko Rahman;Surabaya;prototyping;99.5
S0074;Joko Rahman;Surabaya;python;68.5
S0074;Joko Rahman;Surabaya;regresi;81.9
S0074;Joko Rahman;Surabaya;scm (supply chain management);82.6
S0074;Joko Rahman;Surabaya;sprint (agile);63.5
S0074;Joko Rahman;Surabaya;sql;89.5
S0074;Joko Rahman;Surabaya;statistika/probabilitas;92.6
S0074;Joko Rahman;Surabaya;ui/ux design;65.8
S0074;Joko Rahman;Surabaya;uml (unified modeling language);83.0
S0074;Joko Rahman;Surabaya;usability testing;86.3
S0074;Joko Rahman;Surabaya;use case diagram;64.1
S0074;Joko Rahman;Surabaya;vulnerability assessment;53.3
S0074;Joko Rahman;Surabaya;xml;81.7
S0075;Budi Permata;Surabaya;agile;100.0
S0075;Budi Permata;Surabaya;algorithm design;70.0
S0075;Budi Permata;Surabaya;basic programming;70.0
S0075;Budi Permata;Surabaya;basis data / database;91.8
S0075;Budi Permata;Surabaya;business intelligence;91.7
S0075;Budi Permata;Surabaya;cisco;76.7
S0075;Budi Permata;Surabaya;cloud computing;72.6
S0075;Budi Permata;Surabaya;clustering;85.8
S0075;Budi Permata;Surabaya;cobit;85.3
S0075;Budi Permata;Surabaya;crm (customer relationship management);85.2
S0075;Budi Permata;Surabaya;css;55.5
S0075;Budi Permata;Surabaya;data mining;87.8
S0075;Budi Permata;Surabaya;data warehouse;90.6
S0075;Budi Permata;Surabaya;design thinking;55.6
S0075;Budi Permata;Surabaya;devops;98.5
S0075;Budi Permata;Surabaya;erd (entity relationship diagram);62.9
S0075;Budi Permata;Surabaya;erp (enterprise resource planning);96.9
S0075;Budi Permata;Surabaya;figma;69.8
S0075;Budi Permata;Surabaya;firewall;68.0
S0075;Budi Permata;Surabaya;git;98.8
S0075;Budi Permata;Surabaya;github;90.6
S0075;Budi Permata;Surabaya;graphql;95.2
S0075;Budi Permata;Surabaya;html;96.0
S0075;Budi Permata;Surabaya;http;99.7
S0075;Budi Permata;Surabaya;information systems;98.7
S0075;Budi Permata;Surabaya;jaringan komputer;94.7
S0075;Budi Permata;Surabaya;java;99.4
S0075;Budi Permata;Surabaya;json;80.3
S0075;Budi Permata;Surabaya;kanban;95.8
S0075;Budi Permata;Surabaya;klasifikasi (data);97.2
S0075;Budi Permata;Surabaya;kpi (key performance indicator);68.8
S0075;Budi Permata;Surabaya;kriptografi;59.7
S0075;Budi Permata;Surabaya;laravel;80.6
S0075;Budi Permata;Surabaya;linux;74.0
S0075;Budi Permata;Surabaya;machine learning;99.0
S0075;Budi Permata;Surabaya;microservices;97.1
S0075;Budi Permata;Surabaya;microsoft excel;60.9
S0075;Budi Permata;Surabaya;mysql;94.1
S0075;Budi Permata;Surabaya;oop (object oriented programming);94.1
S0075;Budi Permata;Surabaya;osi layer;82.1
S0075;Budi Permata;Surabaya;php;61.1
S0075;Budi Permata;Surabaya;prototyping;87.1
S0075;Budi Permata;Surabaya;python;81.4
S0075;Budi Permata;Surabaya;regresi;75.3
S0075;Budi Permata;Surabaya;rest api;89.6
S0075;Budi Permata;Surabaya;sap;76.5
S0075;Budi Permata;Surabaya;scm (supply chain management);85.8
S0075;Budi Permata;Surabaya;sprint (agile);79.5
S0075;Budi Permata;Surabaya;sql;95.2
S0075;Budi Permata;Surabaya;statistika/probabilitas;91.4
S0075;Budi Permata;Surabaya;ui/ux design;93.6
S0075;Budi Permata;Surabaya;uml (unified modeling language);84.4
S0075;Budi Permata;Surabaya;usability testing;77.3
S0075;Budi Permata;Surabaya;use case diagram;63.2
S0075;Budi Permata;Surabaya;vulnerability assessment;64.8
S0075;Budi Permata;Surabaya;xml;79.8
S0076;Indra Firmansyah;Surabaya;agile;90.3
S0076;Indra Firmansyah;Surabaya;algorithm design;79.2
S0076;Indra Firmansyah;Surabaya;basic programming;79.2
S0076;Indra Firmansyah;Surabaya;basis data / database;96.4
S0076;Indra Firmansyah;Surabaya;business intelligence;85.8
S0076;Indra Firmansyah;Surabaya;cisco;93.2
S0076;Indra Firmansyah;Surabaya;cloud computing;76.3
S0076;Indra Firmansyah;Surabaya;clustering;80.8
S0076;Indra Firmansyah;Surabaya;cobit;81.9
S0076;Indra Firmansyah;Surabaya;crm (customer relationship management);62.4
S0076;Indra Firmansyah;Surabaya;css;83.9
S0076;Indra Firmansyah;Surabaya;data mining;96.5
S0076;Indra Firmansyah;Surabaya;data warehouse;94.6
S0076;Indra Firmansyah;Surabaya;design thinking;71.7
S0076;Indra Firmansyah;Surabaya;devops;77.4
S0076;Indra Firmansyah;Surabaya;erd (entity relationship diagram);70.2
S0076;Indra Firmansyah;Surabaya;erp (enterprise resource planning);88.3
S0076;Indra Firmansyah;Surabaya;figma;80.4
S0076;Indra Firmansyah;Surabaya;git;80.0
S0076;Indra Firmansyah;Surabaya;github;96.9
S0076;Indra Firmansyah;Surabaya;graphql;86.7
S0076;Indra Firmansyah;Surabaya;html;96.7
S0076;Indra Firmansyah;Surabaya;http;92.0
S0076;Indra Firmansyah;Surabaya;information systems;99.8
S0076;Indra Firmansyah;Surabaya;jaringan komputer;59.9
S0076;Indra Firmansyah;Surabaya;java;93.8
S0076;Indra Firmansyah;Surabaya;json;60.5
S0076;Indra Firmansyah;Surabaya;kanban;72.3
S0076;Indra Firmansyah;Surabaya;klasifikasi (data);98.4
S0076;Indra Firmansyah;Surabaya;kpi (key performance indicator);57.2
S0076;Indra Firmansyah;Surabaya;kriptografi;52.8
S0076;Indra Firmansyah;Surabaya;laravel;77.9
S0076;Indra Firmansyah;Surabaya;linux;96.3
S0076;Indra Firmansyah;Surabaya;machine learning;79.7
S0076;Indra Firmansyah;Surabaya;microservices;88.0
S0076;Indra Firmansyah;Surabaya;microsoft excel;67.0
S0076;Indra Firmansyah;Surabaya;mysql;86.4
S0076;Indra Firmansyah;Surabaya;nosql;51.4
S0076;Indra Firmansyah;Surabaya;oop (object oriented programming);92.4
S0076;Indra Firmansyah;Surabaya;osi layer;56.0
S0076;Indra Firmansyah;Surabaya;php;76.5
S0076;Indra Firmansyah;Surabaya;prototyping;82.8
S0076;Indra Firmansyah;Surabaya;python;76.7
S0076;Indra Firmansyah;Surabaya;rest api;79.2
S0076;Indra Firmansyah;Surabaya;sap;57.2
S0076;Indra Firmansyah;Surabaya;scm (supply chain management);85.4
S0076;Indra Firmansyah;Surabaya;sprint (agile);89.1
S0076;Indra Firmansyah;Surabaya;sql;95.0
S0076;Indra Firmansyah;Surabaya;statistika/probabilitas;97.5
S0076;Indra Firmansyah;Surabaya;ui/ux design;71.6
S0076;Indra Firmansyah;Surabaya;uml (unified modeling language);99.2
S0076;Indra Firmansyah;Surabaya;usability testing;77.3
S0076;Indra Firmansyah;Surabaya;use case diagram;54.5
S0076;Indra Firmansyah;Surabaya;vulnerability assessment;89.8
S0076;Indra Firmansyah;Surabaya;xml;68.7
S0077;Yusuf Permata;Surabaya;agile;74.7
S0077;Yusuf Permata;Surabaya;algorithm design;77.4
S0077;Yusuf Permata;Surabaya;basic programming;77.4
S0077;Yusuf Permata;Surabaya;basis data / database;89.5
S0077;Yusuf Permata;Surabaya;business intelligence;98.1
S0077;Yusuf Permata;Surabaya;cisco;66.2
S0077;Yusuf Permata;Surabaya;cloud computing;97.7
S0077;Yusuf Permata;Surabaya;clustering;59.9
S0077;Yusuf Permata;Surabaya;cobit;75.9
S0077;Yusuf Permata;Surabaya;crm (customer relationship management);83.1
S0077;Yusuf Permata;Surabaya;css;97.7
S0077;Yusuf Permata;Surabaya;data mining;72.1
S0077;Yusuf Permata;Surabaya;data warehouse;70.0
S0077;Yusuf Permata;Surabaya;devops;79.4
S0077;Yusuf Permata;Surabaya;docker;54.1
S0077;Yusuf Permata;Surabaya;erd (entity relationship diagram);53.6
S0077;Yusuf Permata;Surabaya;erp (enterprise resource planning);86.5
S0077;Yusuf Permata;Surabaya;figma;81.9
S0077;Yusuf Permata;Surabaya;firewall;54.9
S0077;Yusuf Permata;Surabaya;git;99.6
S0077;Yusuf Permata;Surabaya;github;86.8
S0077;Yusuf Permata;Surabaya;graphql;89.2
S0077;Yusuf Permata;Surabaya;html;77.7
S0077;Yusuf Permata;Surabaya;http;73.7
S0077;Yusuf Permata;Surabaya;information systems;99.7
S0077;Yusuf Permata;Surabaya;jaringan komputer;81.9
S0077;Yusuf Permata;Surabaya;java;71.9
S0077;Yusuf Permata;Surabaya;json;58.1
S0077;Yusuf Permata;Surabaya;kanban;99.2
S0077;Yusuf Permata;Surabaya;klasifikasi (data);78.8
S0077;Yusuf Permata;Surabaya;kriptografi;89.3
S0077;Yusuf Permata;Surabaya;laravel;77.5
S0077;Yusuf Permata;Surabaya;linux;94.6
S0077;Yusuf Permata;Surabaya;microservices;51.6
S0077;Yusuf Permata;Surabaya;oop (object oriented programming);89.0
S0077;Yusuf Permata;Surabaya;osi layer;63.7
S0077;Yusuf Permata;Surabaya;php;94.8
S0077;Yusuf Permata;Surabaya;prototyping;98.9
S0077;Yusuf Permata;Surabaya;python;64.1
S0077;Yusuf Permata;Surabaya;regresi;81.1
S0077;Yusuf Permata;Surabaya;rest api;81.8
S0077;Yusuf Permata;Surabaya;sap;52.2
S0077;Yusuf Permata;Surabaya;scm (supply chain management);90.3
S0077;Yusuf Permata;Surabaya;statistika/probabilitas;76.4
S0077;Yusuf Permata;Surabaya;ui/ux design;81.4
S0077;Yusuf Permata;Surabaya;uml (unified modeling language);93.9
S0077;Yusuf Permata;Surabaya;usability testing;93.6
S0077;Yusuf Permata;Surabaya;use case diagram;78.4
S0077;Yusuf Permata;Surabaya;vulnerability assessment;66.4
S0077;Yusuf Permata;Surabaya;xml;52.0
S0078;Kurnia Syahputra;Surabaya;agile;96.5
S0078;Kurnia Syahputra;Surabaya;algorithm design;84.8
S0078;Kurnia Syahputra;Surabaya;basic programming;84.8
S0078;Kurnia Syahputra;Surabaya;basis data / database;71.0
S0078;Kurnia Syahputra;Surabaya;business intelligence;80.2
S0078;Kurnia Syahputra;Surabaya;cisco;77.7
S0078;Kurnia Syahputra;Surabaya;cloud computing;79.6
S0078;Kurnia Syahputra;Surabaya;clustering;97.6
S0078;Kurnia Syahputra;Surabaya;cobit;83.0
S0078;Kurnia Syahputra;Surabaya;crm (customer relationship management);97.6
S0078;Kurnia Syahputra;Surabaya;css;85.9
S0078;Kurnia Syahputra;Surabaya;data mining;86.6
S0078;Kurnia Syahputra;Surabaya;data warehouse;87.2
S0078;Kurnia Syahputra;Surabaya;design thinking;72.8
S0078;Kurnia Syahputra;Surabaya;devops;82.6
S0078;Kurnia Syahputra;Surabaya;docker;86.8
S0078;Kurnia Syahputra;Surabaya;erp (enterprise resource planning);92.6
S0078;Kurnia Syahputra;Surabaya;figma;86.0
S0078;Kurnia Syahputra;Surabaya;git;87.8
S0078;Kurnia Syahputra;Surabaya;github;87.8
S0078;Kurnia Syahputra;Surabaya;graphql;76.3
S0078;Kurnia Syahputra;Surabaya;html;91.3
S0078;Kurnia Syahputra;Surabaya;http;96.5
S0078;Kurnia Syahputra;Surabaya;information systems;99.6
S0078;Kurnia Syahputra;Surabaya;jaringan komputer;92.9
S0078;Kurnia Syahputra;Surabaya;java;89.2
S0078;Kurnia Syahputra;Surabaya;json;95.7
S0078;Kurnia Syahputra;Surabaya;kanban;54.9
S0078;Kurnia Syahputra;Surabaya;klasifikasi (data);96.2
S0078;Kurnia Syahputra;Surabaya;kpi (key performance indicator);90.3
S0078;Kurnia Syahputra;Surabaya;kriptografi;62.1
S0078;Kurnia Syahputra;Surabaya;laravel;66.5
S0078;Kurnia Syahputra;Surabaya;linux;58.3
S0078;Kurnia Syahputra;Surabaya;machine learning;75.3
S0078;Kurnia Syahputra;Surabaya;microservices;63.9
S0078;Kurnia Syahputra;Surabaya;mysql;78.5
S0078;Kurnia Syahputra;Surabaya;nosql;67.0
S0078;Kurnia Syahputra;Surabaya;oop (object oriented programming);54.9
S0078;Kurnia Syahputra;Surabaya;osi layer;52.9
S0078;Kurnia Syahputra;Surabaya;php;95.1
S0078;Kurnia Syahputra;Surabaya;prototyping;98.3
S0078;Kurnia Syahputra;Surabaya;python;85.5
S0078;Kurnia Syahputra;Surabaya;regresi;76.1
S0078;Kurnia Syahputra;Surabaya;rest api;65.7
S0078;Kurnia Syahputra;Surabaya;sap;69.9
S0078;Kurnia Syahputra;Surabaya;scm (supply chain management);62.4
S0078;Kurnia Syahputra;Surabaya;sprint (agile);97.4
S0078;Kurnia Syahputra;Surabaya;sql;75.0
S0078;Kurnia Syahputra;Surabaya;statistika/probabilitas;90.2
S0078;Kurnia Syahputra;Surabaya;ui/ux design;60.3
S0078;Kurnia Syahputra;Surabaya;uml (unified modeling language);99.7
S0078;Kurnia Syahputra;Surabaya;usability testing;71.5
S0078;Kurnia Syahputra;Surabaya;use case diagram;85.4
S0078;Kurnia Syahputra;Surabaya;vulnerability assessment;97.0
S0078;Kurnia Syahputra;Surabaya;xml;73.1
S0079;Indra Utami;Surabaya;agile;86.9
S0079;Indra Utami;Surabaya;algorithm design;55.6
S0079;Indra Utami;Surabaya;basic programming;55.6
S0079;Indra Utami;Surabaya;basis data / database;90.2
S0079;Indra Utami;Surabaya;business intelligence;66.5
S0079;Indra Utami;Surabaya;cisco;74.0
S0079;Indra Utami;Surabaya;cloud computing;99.7
S0079;Indra Utami;Surabaya;cobit;69.2
S0079;Indra Utami;Surabaya;crm (customer relationship management);89.7
S0079;Indra Utami;Surabaya;css;69.5
S0079;Indra Utami;Surabaya;data mining;94.2
S0079;Indra Utami;Surabaya;data warehouse;81.6
S0079;Indra Utami;Surabaya;design thinking;64.0
S0079;Indra Utami;Surabaya;devops;99.0
S0079;Indra Utami;Surabaya;docker;65.7
S0079;Indra Utami;Surabaya;erd (entity relationship diagram);57.2
S0079;Indra Utami;Surabaya;erp (enterprise resource planning);98.7
S0079;Indra Utami;Surabaya;figma;84.4
S0079;Indra Utami;Surabaya;firewall;88.0
S0079;Indra Utami;Surabaya;git;69.4
S0079;Indra Utami;Surabaya;github;76.5
S0079;Indra Utami;Surabaya;graphql;98.2
S0079;Indra Utami;Surabaya;html;95.3
S0079;Indra Utami;Surabaya;http;76.8
S0079;Indra Utami;Surabaya;information systems;99.6
S0079;Indra Utami;Surabaya;jaringan komputer;93.1
S0079;Indra Utami;Surabaya;java;82.7
S0079;Indra Utami;Surabaya;kanban;64.6
S0079;Indra Utami;Surabaya;klasifikasi (data);62.1
S0079;Indra Utami;Surabaya;kpi (key performance indicator);50.3
S0079;Indra Utami;Surabaya;kriptografi;71.7
S0079;Indra Utami;Surabaya;laravel;84.5
S0079;Indra Utami;Surabaya;linux;98.8
S0079;Indra Utami;Surabaya;microservices;56.5
S0079;Indra Utami;Surabaya;microsoft excel;65.7
S0079;Indra Utami;Surabaya;mysql;58.4
S0079;Indra Utami;Surabaya;nosql;80.1
S0079;Indra Utami;Surabaya;oop (object oriented programming);58.0
S0079;Indra Utami;Surabaya;osi layer;96.8
S0079;Indra Utami;Surabaya;php;89.5
S0079;Indra Utami;Surabaya;prototyping;92.4
S0079;Indra Utami;Surabaya;python;98.5
S0079;Indra Utami;Surabaya;regresi;62.6
S0079;Indra Utami;Surabaya;rest api;98.6
S0079;Indra Utami;Surabaya;sap;95.3
S0079;Indra Utami;Surabaya;scm (supply chain management);99.7
S0079;Indra Utami;Surabaya;sprint (agile);72.9
S0079;Indra Utami;Surabaya;sql;96.3
S0079;Indra Utami;Surabaya;statistika/probabilitas;98.7
S0079;Indra Utami;Surabaya;ui/ux design;58.9
S0079;Indra Utami;Surabaya;uml (unified modeling language);87.5
S0079;Indra Utami;Surabaya;usability testing;82.4
S0079;Indra Utami;Surabaya;use case diagram;86.6
S0079;Indra Utami;Surabaya;vulnerability assessment;76.0
S0079;Indra Utami;Surabaya;xml;60.5
S0080;Jihan Wibowo;Surabaya;agile;94.2
S0080;Jihan Wibowo;Surabaya;algorithm design;85.8
S0080;Jihan Wibowo;Surabaya;basic programming;85.8
S0080;Jihan Wibowo;Surabaya;basis data / database;85.8
S0080;Jihan Wibowo;Surabaya;business intelligence;89.7
S0080;Jihan Wibowo;Surabaya;cloud computing;90.5
S0080;Jihan Wibowo;Surabaya;clustering;99.0
S0080;Jihan Wibowo;Surabaya;cobit;75.7
S0080;Jihan Wibowo;Surabaya;crm (customer relationship management);81.7
S0080;Jihan Wibowo;Surabaya;css;75.0
S0080;Jihan Wibowo;Surabaya;data mining;99.5
S0080;Jihan Wibowo;Surabaya;data warehouse;85.6
S0080;Jihan Wibowo;Surabaya;devops;65.4
S0080;Jihan Wibowo;Surabaya;docker;61.9
S0080;Jihan Wibowo;Surabaya;erd (entity relationship diagram);58.3
S0080;Jihan Wibowo;Surabaya;erp (enterprise resource planning);93.9
S0080;Jihan Wibowo;Surabaya;figma;92.0
S0080;Jihan Wibowo;Surabaya;firewall;83.6
S0080;Jihan Wibowo;Surabaya;git;82.5
S0080;Jihan Wibowo;Surabaya;github;88.5
S0080;Jihan Wibowo;Surabaya;graphql;69.7
S0080;Jihan Wibowo;Surabaya;html;79.5
S0080;Jihan Wibowo;Surabaya;http;97.9
S0080;Jihan Wibowo;Surabaya;information systems;99.9
S0080;Jihan Wibowo;Surabaya;jaringan komputer;64.8
S0080;Jihan Wibowo;Surabaya;java;62.5
S0080;Jihan Wibowo;Surabaya;json;70.0
S0080;Jihan Wibowo;Surabaya;kanban;51.6
S0080;Jihan Wibowo;Surabaya;klasifikasi (data);80.8
S0080;Jihan Wibowo;Surabaya;kriptografi;85.4
S0080;Jihan Wibowo;Surabaya;laravel;82.1
S0080;Jihan Wibowo;Surabaya;linux;89.6
S0080;Jihan Wibowo;Surabaya;machine learning;59.4
S0080;Jihan Wibowo;Surabaya;microservices;85.5
S0080;Jihan Wibowo;Surabaya;microsoft excel;56.9
S0080;Jihan Wibowo;Surabaya;nosql;60.8
S0080;Jihan Wibowo;Surabaya;oop (object oriented programming);87.7
S0080;Jihan Wibowo;Surabaya;osi layer;73.4
S0080;Jihan Wibowo;Surabaya;php;57.8
S0080;Jihan Wibowo;Surabaya;prototyping;97.5
S0080;Jihan Wibowo;Surabaya;python;83.0
S0080;Jihan Wibowo;Surabaya;regresi;66.3
S0080;Jihan Wibowo;Surabaya;rest api;73.1
S0080;Jihan Wibowo;Surabaya;sap;62.7
S0080;Jihan Wibowo;Surabaya;scm (supply chain management);90.8
S0080;Jihan Wibowo;Surabaya;sql;81.7
S0080;Jihan Wibowo;Surabaya;statistika/probabilitas;97.6
S0080;Jihan Wibowo;Surabaya;ui/ux design;78.6
S0080;Jihan Wibowo;Surabaya;uml (unified modeling language);77.2
S0080;Jihan Wibowo;Surabaya;usability testing;87.4
S0080;Jihan Wibowo;Surabaya;use case diagram;91.7
S0080;Jihan Wibowo;Surabaya;vulnerability assessment;60.2
S0080;Jihan Wibowo;Surabaya;xml;67.3
S0081;Qori Kusuma;Surabaya;agile;78.6
S0081;Qori Kusuma;Surabaya;algorithm design;64.5
S0081;Qori Kusuma;Surabaya;basic programming;64.5
S0081;Qori Kusuma;Surabaya;basis data / database;73.3
S0081;Qori Kusuma;Surabaya;business intelligence;92.5
S0081;Qori Kusuma;Surabaya;cloud computing;55.3
S0081;Qori Kusuma;Surabaya;clustering;62.6
S0081;Qori Kusuma;Surabaya;cobit;84.2
S0081;Qori Kusuma;Surabaya;crm (customer relationship management);94.0
S0081;Qori Kusuma;Surabaya;css;78.8
S0081;Qori Kusuma;Surabaya;data mining;99.5
S0081;Qori Kusuma;Surabaya;data warehouse;85.0
S0081;Qori Kusuma;Surabaya;design thinking;71.8
S0081;Qori Kusuma;Surabaya;devops;83.2
S0081;Qori Kusuma;Surabaya;erd (entity relationship diagram);87.3
S0081;Qori Kusuma;Surabaya;erp (enterprise resource planning);88.2
S0081;Qori Kusuma;Surabaya;figma;84.6
S0081;Qori Kusuma;Surabaya;firewall;61.0
S0081;Qori Kusuma;Surabaya;git;91.9
S0081;Qori Kusuma;Surabaya;github;94.5
S0081;Qori Kusuma;Surabaya;graphql;97.7
S0081;Qori Kusuma;Surabaya;http;78.2
S0081;Qori Kusuma;Surabaya;information systems;97.9
S0081;Qori Kusuma;Surabaya;jaringan komputer;96.0
S0081;Qori Kusuma;Surabaya;java;68.8
S0081;Qori Kusuma;Surabaya;json;70.9
S0081;Qori Kusuma;Surabaya;kanban;53.0
S0081;Qori Kusuma;Surabaya;klasifikasi (data);68.9
S0081;Qori Kusuma;Surabaya;kpi (key performance indicator);56.7
S0081;Qori Kusuma;Surabaya;kriptografi;87.2
S0081;Qori Kusuma;Surabaya;linux;94.0
S0081;Qori Kusuma;Surabaya;microservices;97.1
S0081;Qori Kusuma;Surabaya;microsoft excel;94.4
S0081;Qori Kusuma;Surabaya;nosql;95.5
S0081;Qori Kusuma;Surabaya;osi layer;84.4
S0081;Qori Kusuma;Surabaya;php;73.9
S0081;Qori Kusuma;Surabaya;prototyping;91.2
S0081;Qori Kusuma;Surabaya;python;91.4
S0081;Qori Kusuma;Surabaya;regresi;56.6
S0081;Qori Kusuma;Surabaya;rest api;52.7
S0081;Qori Kusuma;Surabaya;sap;87.7
S0081;Qori Kusuma;Surabaya;scm (supply chain management);97.1
S0081;Qori Kusuma;Surabaya;sprint (agile);54.0
S0081;Qori Kusuma;Surabaya;sql;98.6
S0081;Qori Kusuma;Surabaya;statistika/probabilitas;96.3
S0081;Qori Kusuma;Surabaya;ui/ux design;89.1
S0081;Qori Kusuma;Surabaya;uml (unified modeling language);86.2
S0081;Qori Kusuma;Surabaya;use case diagram;89.1
S0081;Qori Kusuma;Surabaya;xml;89.9
S0082;Wulan Syahputra;Surabaya;agile;89.0
S0082;Wulan Syahputra;Surabaya;algorithm design;94.2
S0082;Wulan Syahputra;Surabaya;basic programming;94.2
S0082;Wulan Syahputra;Surabaya;basis data / database;98.5
S0082;Wulan Syahputra;Surabaya;business intelligence;88.6
S0082;Wulan Syahputra;Surabaya;cisco;99.0
S0082;Wulan Syahputra;Surabaya;cloud computing;58.9
S0082;Wulan Syahputra;Surabaya;clustering;83.3
S0082;Wulan Syahputra;Surabaya;cobit;80.8
S0082;Wulan Syahputra;Surabaya;crm (customer relationship management);81.5
S0082;Wulan Syahputra;Surabaya;css;85.4
S0082;Wulan Syahputra;Surabaya;data mining;99.7
S0082;Wulan Syahputra;Surabaya;data warehouse;84.7
S0082;Wulan Syahputra;Surabaya;design thinking;68.7
S0082;Wulan Syahputra;Surabaya;devops;99.0
S0082;Wulan Syahputra;Surabaya;docker;66.0
S0082;Wulan Syahputra;Surabaya;erd (entity relationship diagram);75.7
S0082;Wulan Syahputra;Surabaya;erp (enterprise resource planning);97.1
S0082;Wulan Syahputra;Surabaya;figma;76.6
S0082;Wulan Syahputra;Surabaya;git;93.0
S0082;Wulan Syahputra;Surabaya;github;58.3
S0082;Wulan Syahputra;Surabaya;graphql;73.0
S0082;Wulan Syahputra;Surabaya;html;79.7
S0082;Wulan Syahputra;Surabaya;http;60.3
S0082;Wulan Syahputra;Surabaya;information systems;99.2
S0082;Wulan Syahputra;Surabaya;jaringan komputer;65.0
S0082;Wulan Syahputra;Surabaya;java;98.0
S0082;Wulan Syahputra;Surabaya;json;85.8
S0082;Wulan Syahputra;Surabaya;kanban;71.2
S0082;Wulan Syahputra;Surabaya;klasifikasi (data);93.7
S0082;Wulan Syahputra;Surabaya;kpi (key performance indicator);55.2
S0082;Wulan Syahputra;Surabaya;kriptografi;66.0
S0082;Wulan Syahputra;Surabaya;linux;93.0
S0082;Wulan Syahputra;Surabaya;machine learning;87.2
S0082;Wulan Syahputra;Surabaya;microservices;75.8
S0082;Wulan Syahputra;Surabaya;microsoft excel;84.8
S0082;Wulan Syahputra;Surabaya;nosql;81.8
S0082;Wulan Syahputra;Surabaya;php;97.5
S0082;Wulan Syahputra;Surabaya;prototyping;93.7
S0082;Wulan Syahputra;Surabaya;python;81.5
S0082;Wulan Syahputra;Surabaya;regresi;98.3
S0082;Wulan Syahputra;Surabaya;rest api;76.0
S0082;Wulan Syahputra;Surabaya;sap;59.2
S0082;Wulan Syahputra;Surabaya;scm (supply chain management);83.7
S0082;Wulan Syahputra;Surabaya;sprint (agile);77.9
S0082;Wulan Syahputra;Surabaya;sql;55.1
S0082;Wulan Syahputra;Surabaya;statistika/probabilitas;82.6
S0082;Wulan Syahputra;Surabaya;ui/ux design;94.5
S0082;Wulan Syahputra;Surabaya;uml (unified modeling language);92.7
S0082;Wulan Syahputra;Surabaya;usability testing;59.9
S0082;Wulan Syahputra;Surabaya;use case diagram;95.4
S0082;Wulan Syahputra;Surabaya;vulnerability assessment;78.6
S0082;Wulan Syahputra;Surabaya;xml;78.8
S0083;Made Saputra;Surabaya;agile;82.5
S0083;Made Saputra;Surabaya;algorithm design;83.9
S0083;Made Saputra;Surabaya;basic programming;83.9
S0083;Made Saputra;Surabaya;basis data / database;93.1
S0083;Made Saputra;Surabaya;business intelligence;50.7
S0083;Made Saputra;Surabaya;cisco;65.6
S0083;Made Saputra;Surabaya;cloud computing;95.2
S0083;Made Saputra;Surabaya;cobit;94.9
S0083;Made Saputra;Surabaya;crm (customer relationship management);99.2
S0083;Made Saputra;Surabaya;css;94.0
S0083;Made Saputra;Surabaya;data mining;99.8
S0083;Made Saputra;Surabaya;data warehouse;92.0
S0083;Made Saputra;Surabaya;devops;78.1
S0083;Made Saputra;Surabaya;docker;96.7
S0083;Made Saputra;Surabaya;erd (entity relationship diagram);86.4
S0083;Made Saputra;Surabaya;erp (enterprise resource planning);73.1
S0083;Made Saputra;Surabaya;figma;78.9
S0083;Made Saputra;Surabaya;git;78.5
S0083;Made Saputra;Surabaya;github;88.1
S0083;Made Saputra;Surabaya;graphql;51.5
S0083;Made Saputra;Surabaya;html;67.8
S0083;Made Saputra;Surabaya;http;84.2
S0083;Made Saputra;Surabaya;information systems;98.5
S0083;Made Saputra;Surabaya;jaringan komputer;88.8
S0083;Made Saputra;Surabaya;java;82.6
S0083;Made Saputra;Surabaya;json;68.1
S0083;Made Saputra;Surabaya;kanban;82.7
S0083;Made Saputra;Surabaya;klasifikasi (data);92.6
S0083;Made Saputra;Surabaya;kpi (key performance indicator);73.3
S0083;Made Saputra;Surabaya;kriptografi;89.4
S0083;Made Saputra;Surabaya;laravel;89.4
S0083;Made Saputra;Surabaya;linux;83.7
S0083;Made Saputra;Surabaya;microservices;78.5
S0083;Made Saputra;Surabaya;microsoft excel;91.5
S0083;Made Saputra;Surabaya;mysql;82.1
S0083;Made Saputra;Surabaya;oop (object oriented programming);95.3
S0083;Made Saputra;Surabaya;osi layer;91.6
S0083;Made Saputra;Surabaya;php;97.1
S0083;Made Saputra;Surabaya;prototyping;98.1
S0083;Made Saputra;Surabaya;python;64.7
S0083;Made Saputra;Surabaya;regresi;70.1
S0083;Made Saputra;Surabaya;rest api;60.3
S0083;Made Saputra;Surabaya;sap;95.8
S0083;Made Saputra;Surabaya;scm (supply chain management);98.2
S0083;Made Saputra;Surabaya;sprint (agile);50.1
S0083;Made Saputra;Surabaya;sql;54.3
S0083;Made Saputra;Surabaya;statistika/probabilitas;88.7
S0083;Made Saputra;Surabaya;ui/ux design;89.5
S0083;Made Saputra;Surabaya;uml (unified modeling language);88.6
S0083;Made Saputra;Surabaya;usability testing;91.0
S0083;Made Saputra;Surabaya;use case diagram;78.5
S0083;Made Saputra;Surabaya;vulnerability assessment;80.2
S0083;Made Saputra;Surabaya;xml;76.0
S0084;Hesti Syahputra;Surabaya;agile;80.7
S0084;Hesti Syahputra;Surabaya;algorithm design;97.8
S0084;Hesti Syahputra;Surabaya;basic programming;97.8
S0084;Hesti Syahputra;Surabaya;basis data / database;93.4
S0084;Hesti Syahputra;Surabaya;business intelligence;56.0
S0084;Hesti Syahputra;Surabaya;cisco;61.4
S0084;Hesti Syahputra;Surabaya;cloud computing;91.8
S0084;Hesti Syahputra;Surabaya;clustering;61.0
S0084;Hesti Syahputra;Surabaya;cobit;85.4
S0084;Hesti Syahputra;Surabaya;crm (customer relationship management);89.1
S0084;Hesti Syahputra;Surabaya;css;90.5
S0084;Hesti Syahputra;Surabaya;data mining;97.0
S0084;Hesti Syahputra;Surabaya;data warehouse;98.8
S0084;Hesti Syahputra;Surabaya;design thinking;88.2
S0084;Hesti Syahputra;Surabaya;devops;93.8
S0084;Hesti Syahputra;Surabaya;erd (entity relationship diagram);87.0
S0084;Hesti Syahputra;Surabaya;erp (enterprise resource planning);93.6
S0084;Hesti Syahputra;Surabaya;figma;87.0
S0084;Hesti Syahputra;Surabaya;firewall;77.6
S0084;Hesti Syahputra;Surabaya;git;89.0
S0084;Hesti Syahputra;Surabaya;github;64.3
S0084;Hesti Syahputra;Surabaya;graphql;65.4
S0084;Hesti Syahputra;Surabaya;html;87.2
S0084;Hesti Syahputra;Surabaya;http;75.3
S0084;Hesti Syahputra;Surabaya;information systems;99.1
S0084;Hesti Syahputra;Surabaya;jaringan komputer;91.5
S0084;Hesti Syahputra;Surabaya;java;79.8
S0084;Hesti Syahputra;Surabaya;json;76.0
S0084;Hesti Syahputra;Surabaya;kanban;91.6
S0084;Hesti Syahputra;Surabaya;klasifikasi (data);74.8
S0084;Hesti Syahputra;Surabaya;kpi (key performance indicator);90.9
S0084;Hesti Syahputra;Surabaya;laravel;57.7
S0084;Hesti Syahputra;Surabaya;linux;99.3
S0084;Hesti Syahputra;Surabaya;machine learning;90.4
S0084;Hesti Syahputra;Surabaya;mysql;74.9
S0084;Hesti Syahputra;Surabaya;nosql;66.8
S0084;Hesti Syahputra;Surabaya;oop (object oriented programming);86.8
S0084;Hesti Syahputra;Surabaya;osi layer;93.0
S0084;Hesti Syahputra;Surabaya;php;99.6
S0084;Hesti Syahputra;Surabaya;prototyping;98.6
S0084;Hesti Syahputra;Surabaya;python;72.0
S0084;Hesti Syahputra;Surabaya;rest api;82.8
S0084;Hesti Syahputra;Surabaya;sap;98.7
S0084;Hesti Syahputra;Surabaya;scm (supply chain management);94.3
S0084;Hesti Syahputra;Surabaya;sprint (agile);80.1
S0084;Hesti Syahputra;Surabaya;sql;57.3
S0084;Hesti Syahputra;Surabaya;statistika/probabilitas;78.1
S0084;Hesti Syahputra;Surabaya;ui/ux design;83.3
S0084;Hesti Syahputra;Surabaya;uml (unified modeling language);63.7
S0084;Hesti Syahputra;Surabaya;usability testing;71.6
S0084;Hesti Syahputra;Surabaya;use case diagram;68.6
S0084;Hesti Syahputra;Surabaya;vulnerability assessment;76.7
S0084;Hesti Syahputra;Surabaya;xml;77.6
S0085;Nadia Kusuma;Surabaya;agile;64.7
S0085;Nadia Kusuma;Surabaya;algorithm design;81.3
S0085;Nadia Kusuma;Surabaya;basic programming;81.3
S0085;Nadia Kusuma;Surabaya;basis data / database;79.1
S0085;Nadia Kusuma;Surabaya;business intelligence;99.3
S0085;Nadia Kusuma;Surabaya;cisco;53.6
S0085;Nadia Kusuma;Surabaya;cloud computing;62.2
S0085;Nadia Kusuma;Surabaya;cobit;92.4
S0085;Nadia Kusuma;Surabaya;crm (customer relationship management);76.0
S0085;Nadia Kusuma;Surabaya;css;63.5
S0085;Nadia Kusuma;Surabaya;data mining;87.6
S0085;Nadia Kusuma;Surabaya;data warehouse;89.0
S0085;Nadia Kusuma;Surabaya;design thinking;76.1
S0085;Nadia Kusuma;Surabaya;devops;97.8
S0085;Nadia Kusuma;Surabaya;docker;64.4
S0085;Nadia Kusuma;Surabaya;erp (enterprise resource planning);72.4
S0085;Nadia Kusuma;Surabaya;figma;82.9
S0085;Nadia Kusuma;Surabaya;git;80.4
S0085;Nadia Kusuma;Surabaya;github;92.4
S0085;Nadia Kusuma;Surabaya;graphql;74.0
S0085;Nadia Kusuma;Surabaya;html;98.1
S0085;Nadia Kusuma;Surabaya;http;64.8
S0085;Nadia Kusuma;Surabaya;information systems;99.9
S0085;Nadia Kusuma;Surabaya;jaringan komputer;95.5
S0085;Nadia Kusuma;Surabaya;java;78.3
S0085;Nadia Kusuma;Surabaya;json;77.6
S0085;Nadia Kusuma;Surabaya;kanban;78.5
S0085;Nadia Kusuma;Surabaya;klasifikasi (data);84.8
S0085;Nadia Kusuma;Surabaya;kpi (key performance indicator);88.6
S0085;Nadia Kusuma;Surabaya;linux;80.6
S0085;Nadia Kusuma;Surabaya;machine learning;83.6
S0085;Nadia Kusuma;Surabaya;microservices;87.0
S0085;Nadia Kusuma;Surabaya;microsoft excel;81.4
S0085;Nadia Kusuma;Surabaya;mysql;55.0
S0085;Nadia Kusuma;Surabaya;nosql;88.2
S0085;Nadia Kusuma;Surabaya;oop (object oriented programming);89.8
S0085;Nadia Kusuma;Surabaya;osi layer;84.4
S0085;Nadia Kusuma;Surabaya;php;91.3
S0085;Nadia Kusuma;Surabaya;prototyping;89.4
S0085;Nadia Kusuma;Surabaya;python;71.0
S0085;Nadia Kusuma;Surabaya;regresi;88.3
S0085;Nadia Kusuma;Surabaya;rest api;68.6
S0085;Nadia Kusuma;Surabaya;scm (supply chain management);87.6
S0085;Nadia Kusuma;Surabaya;sql;94.9
S0085;Nadia Kusuma;Surabaya;statistika/probabilitas;88.7
S0085;Nadia Kusuma;Surabaya;ui/ux design;83.4
S0085;Nadia Kusuma;Surabaya;uml (unified modeling language);84.0
S0085;Nadia Kusuma;Surabaya;usability testing;84.8
S0085;Nadia Kusuma;Surabaya;use case diagram;60.2
S0085;Nadia Kusuma;Surabaya;vulnerability assessment;65.9
S0086;Budi Hidayat;Surabaya;agile;76.8
S0086;Budi Hidayat;Surabaya;algorithm design;62.4
S0086;Budi Hidayat;Surabaya;basic programming;62.4
S0086;Budi Hidayat;Surabaya;basis data / database;80.5
S0086;Budi Hidayat;Surabaya;business intelligence;87.1
S0086;Budi Hidayat;Surabaya;cisco;94.2
S0086;Budi Hidayat;Surabaya;cloud computing;91.1
S0086;Budi Hidayat;Surabaya;clustering;57.9
S0086;Budi Hidayat;Surabaya;cobit;86.7
S0086;Budi Hidayat;Surabaya;crm (customer relationship management);100.0
S0086;Budi Hidayat;Surabaya;data mining;90.3
S0086;Budi Hidayat;Surabaya;data warehouse;87.3
S0086;Budi Hidayat;Surabaya;devops;93.7
S0086;Budi Hidayat;Surabaya;docker;67.2
S0086;Budi Hidayat;Surabaya;erd (entity relationship diagram);96.1
S0086;Budi Hidayat;Surabaya;erp (enterprise resource planning);89.2
S0086;Budi Hidayat;Surabaya;figma;72.2
S0086;Budi Hidayat;Surabaya;firewall;72.2
S0086;Budi Hidayat;Surabaya;git;59.0
S0086;Budi Hidayat;Surabaya;github;88.0
S0086;Budi Hidayat;Surabaya;graphql;56.8
S0086;Budi Hidayat;Surabaya;html;74.3
S0086;Budi Hidayat;Surabaya;http;98.2
S0086;Budi Hidayat;Surabaya;information systems;99.8
S0086;Budi Hidayat;Surabaya;jaringan komputer;96.9
S0086;Budi Hidayat;Surabaya;java;81.0
S0086;Budi Hidayat;Surabaya;json;67.0
S0086;Budi Hidayat;Surabaya;kanban;67.6
S0086;Budi Hidayat;Surabaya;klasifikasi (data);87.8
S0086;Budi Hidayat;Surabaya;kpi (key performance indicator);51.3
S0086;Budi Hidayat;Surabaya;kriptografi;98.8
S0086;Budi Hidayat;Surabaya;laravel;58.1
S0086;Budi Hidayat;Surabaya;linux;63.4
S0086;Budi Hidayat;Surabaya;machine learning;88.7
S0086;Budi Hidayat;Surabaya;microservices;75.9
S0086;Budi Hidayat;Surabaya;microsoft excel;84.5
S0086;Budi Hidayat;Surabaya;mysql;74.6
S0086;Budi Hidayat;Surabaya;nosql;83.1
S0086;Budi Hidayat;Surabaya;oop (object oriented programming);74.3
S0086;Budi Hidayat;Surabaya;osi layer;76.8
S0086;Budi Hidayat;Surabaya;php;93.0
S0086;Budi Hidayat;Surabaya;prototyping;85.7
S0086;Budi Hidayat;Surabaya;python;97.7
S0086;Budi Hidayat;Surabaya;regresi;67.4
S0086;Budi Hidayat;Surabaya;sap;68.3
S0086;Budi Hidayat;Surabaya;scm (supply chain management);99.3
S0086;Budi Hidayat;Surabaya;sql;77.4
S0086;Budi Hidayat;Surabaya;statistika/probabilitas;91.7
S0086;Budi Hidayat;Surabaya;ui/ux design;79.0
S0086;Budi Hidayat;Surabaya;uml (unified modeling language);94.0
S0086;Budi Hidayat;Surabaya;use case diagram;98.0
S0086;Budi Hidayat;Surabaya;vulnerability assessment;74.5
S0086;Budi Hidayat;Surabaya;xml;82.1
S0087;Nadia Wijaya;Surabaya;agile;96.8
S0087;Nadia Wijaya;Surabaya;algorithm design;83.6
S0087;Nadia Wijaya;Surabaya;basic programming;83.6
S0087;Nadia Wijaya;Surabaya;basis data / database;99.8
S0087;Nadia Wijaya;Surabaya;business intelligence;80.9
S0087;Nadia Wijaya;Surabaya;cisco;84.6
S0087;Nadia Wijaya;Surabaya;cloud computing;94.3
S0087;Nadia Wijaya;Surabaya;clustering;99.7
S0087;Nadia Wijaya;Surabaya;cobit;62.1
S0087;Nadia Wijaya;Surabaya;crm (customer relationship management);51.6
S0087;Nadia Wijaya;Surabaya;css;71.8
S0087;Nadia Wijaya;Surabaya;data mining;89.2
S0087;Nadia Wijaya;Surabaya;data warehouse;91.5
S0087;Nadia Wijaya;Surabaya;devops;84.9
S0087;Nadia Wijaya;Surabaya;docker;99.7
S0087;Nadia Wijaya;Surabaya;erd (entity relationship diagram);67.4
S0087;Nadia Wijaya;Surabaya;erp (enterprise resource planning);98.4
S0087;Nadia Wijaya;Surabaya;figma;86.2
S0087;Nadia Wijaya;Surabaya;firewall;61.6
S0087;Nadia Wijaya;Surabaya;git;62.0
S0087;Nadia Wijaya;Surabaya;github;97.6
S0087;Nadia Wijaya;Surabaya;html;58.4
S0087;Nadia Wijaya;Surabaya;http;92.6
S0087;Nadia Wijaya;Surabaya;information systems;99.3
S0087;Nadia Wijaya;Surabaya;jaringan komputer;82.4
S0087;Nadia Wijaya;Surabaya;java;78.4
S0087;Nadia Wijaya;Surabaya;json;99.1
S0087;Nadia Wijaya;Surabaya;kanban;67.6
S0087;Nadia Wijaya;Surabaya;klasifikasi (data);99.8
S0087;Nadia Wijaya;Surabaya;kpi (key performance indicator);74.9
S0087;Nadia Wijaya;Surabaya;kriptografi;88.3
S0087;Nadia Wijaya;Surabaya;linux;99.8
S0087;Nadia Wijaya;Surabaya;machine learning;89.5
S0087;Nadia Wijaya;Surabaya;microservices;90.1
S0087;Nadia Wijaya;Surabaya;microsoft excel;97.8
S0087;Nadia Wijaya;Surabaya;mysql;51.5
S0087;Nadia Wijaya;Surabaya;nosql;73.8
S0087;Nadia Wijaya;Surabaya;osi layer;87.2
S0087;Nadia Wijaya;Surabaya;php;93.9
S0087;Nadia Wijaya;Surabaya;prototyping;89.9
S0087;Nadia Wijaya;Surabaya;python;60.6
S0087;Nadia Wijaya;Surabaya;rest api;82.3
S0087;Nadia Wijaya;Surabaya;sap;63.7
S0087;Nadia Wijaya;Surabaya;scm (supply chain management);88.8
S0087;Nadia Wijaya;Surabaya;sprint (agile);58.0
S0087;Nadia Wijaya;Surabaya;sql;80.9
S0087;Nadia Wijaya;Surabaya;statistika/probabilitas;85.8
S0087;Nadia Wijaya;Surabaya;ui/ux design;56.7
S0087;Nadia Wijaya;Surabaya;uml (unified modeling language);85.6
S0087;Nadia Wijaya;Surabaya;usability testing;77.6
S0087;Nadia Wijaya;Surabaya;use case diagram;84.9
S0087;Nadia Wijaya;Surabaya;vulnerability assessment;74.1
S0087;Nadia Wijaya;Surabaya;xml;69.7
S0088;Miko Nugroho;Surabaya;agile;88.1
S0088;Miko Nugroho;Surabaya;algorithm design;90.8
S0088;Miko Nugroho;Surabaya;basic programming;90.8
S0088;Miko Nugroho;Surabaya;basis data / database;95.6
S0088;Miko Nugroho;Surabaya;business intelligence;67.3
S0088;Miko Nugroho;Surabaya;cisco;97.1
S0088;Miko Nugroho;Surabaya;cloud computing;64.4
S0088;Miko Nugroho;Surabaya;clustering;69.5
S0088;Miko Nugroho;Surabaya;cobit;95.2
S0088;Miko Nugroho;Surabaya;crm (customer relationship management);91.9
S0088;Miko Nugroho;Surabaya;css;56.2
S0088;Miko Nugroho;Surabaya;data mining;96.9
S0088;Miko Nugroho;Surabaya;data warehouse;79.0
S0088;Miko Nugroho;Surabaya;design thinking;81.0
S0088;Miko Nugroho;Surabaya;devops;95.2
S0088;Miko Nugroho;Surabaya;docker;96.2
S0088;Miko Nugroho;Surabaya;erd (entity relationship diagram);91.9
S0088;Miko Nugroho;Surabaya;erp (enterprise resource planning);71.2
S0088;Miko Nugroho;Surabaya;figma;78.8
S0088;Miko Nugroho;Surabaya;firewall;58.6
S0088;Miko Nugroho;Surabaya;github;65.0
S0088;Miko Nugroho;Surabaya;graphql;65.8
S0088;Miko Nugroho;Surabaya;html;64.0
S0088;Miko Nugroho;Surabaya;http;73.9
S0088;Miko Nugroho;Surabaya;information systems;99.4
S0088;Miko Nugroho;Surabaya;jaringan komputer;89.8
S0088;Miko Nugroho;Surabaya;java;95.1
S0088;Miko Nugroho;Surabaya;json;58.0
S0088;Miko Nugroho;Surabaya;kanban;83.7
S0088;Miko Nugroho;Surabaya;klasifikasi (data);57.4
S0088;Miko Nugroho;Surabaya;kpi (key performance indicator);80.2
S0088;Miko Nugroho;Surabaya;kriptografi;51.1
S0088;Miko Nugroho;Surabaya;laravel;75.8
S0088;Miko Nugroho;Surabaya;linux;98.2
S0088;Miko Nugroho;Surabaya;machine learning;53.6
S0088;Miko Nugroho;Surabaya;microservices;98.3
S0088;Miko Nugroho;Surabaya;microsoft excel;79.1
S0088;Miko Nugroho;Surabaya;mysql;63.1
S0088;Miko Nugroho;Surabaya;nosql;88.3
S0088;Miko Nugroho;Surabaya;oop (object oriented programming);92.7
S0088;Miko Nugroho;Surabaya;osi layer;55.5
S0088;Miko Nugroho;Surabaya;php;93.8
S0088;Miko Nugroho;Surabaya;prototyping;89.0
S0088;Miko Nugroho;Surabaya;python;93.3
S0088;Miko Nugroho;Surabaya;regresi;73.8
S0088;Miko Nugroho;Surabaya;rest api;69.3
S0088;Miko Nugroho;Surabaya;sap;76.4
S0088;Miko Nugroho;Surabaya;scm (supply chain management);86.0
S0088;Miko Nugroho;Surabaya;sprint (agile);57.6
S0088;Miko Nugroho;Surabaya;sql;54.0
S0088;Miko Nugroho;Surabaya;statistika/probabilitas;90.8
S0088;Miko Nugroho;Surabaya;ui/ux design;71.2
S0088;Miko Nugroho;Surabaya;uml (unified modeling language);98.0
S0088;Miko Nugroho;Surabaya;usability testing;99.0
S0088;Miko Nugroho;Surabaya;use case diagram;93.4
S0088;Miko Nugroho;Surabaya;vulnerability assessment;79.2
S0088;Miko Nugroho;Surabaya;xml;93.7
S0089;Sari Pratama;Surabaya;agile;80.7
S0089;Sari Pratama;Surabaya;algorithm design;58.1
S0089;Sari Pratama;Surabaya;basic programming;58.1
S0089;Sari Pratama;Surabaya;basis data / database;95.7
S0089;Sari Pratama;Surabaya;business intelligence;93.3
S0089;Sari Pratama;Surabaya;cisco;82.7
S0089;Sari Pratama;Surabaya;cloud computing;71.2
S0089;Sari Pratama;Surabaya;clustering;91.7
S0089;Sari Pratama;Surabaya;cobit;82.4
S0089;Sari Pratama;Surabaya;crm (customer relationship management);96.8
S0089;Sari Pratama;Surabaya;data mining;81.2
S0089;Sari Pratama;Surabaya;data warehouse;97.9
S0089;Sari Pratama;Surabaya;design thinking;66.5
S0089;Sari Pratama;Surabaya;devops;70.1
S0089;Sari Pratama;Surabaya;erd (entity relationship diagram);83.0
S0089;Sari Pratama;Surabaya;erp (enterprise resource planning);90.2
S0089;Sari Pratama;Surabaya;figma;95.2
S0089;Sari Pratama;Surabaya;firewall;94.8
S0089;Sari Pratama;Surabaya;git;86.4
S0089;Sari Pratama;Surabaya;github;82.1
S0089;Sari Pratama;Surabaya;graphql;86.1
S0089;Sari Pratama;Surabaya;html;80.4
S0089;Sari Pratama;Surabaya;http;71.4
S0089;Sari Pratama;Surabaya;information systems;99.7
S0089;Sari Pratama;Surabaya;jaringan komputer;78.3
S0089;Sari Pratama;Surabaya;java;98.2
S0089;Sari Pratama;Surabaya;json;75.4
S0089;Sari Pratama;Surabaya;kanban;71.6
S0089;Sari Pratama;Surabaya;klasifikasi (data);94.7
S0089;Sari Pratama;Surabaya;kpi (key performance indicator);65.7
S0089;Sari Pratama;Surabaya;kriptografi;72.5
S0089;Sari Pratama;Surabaya;laravel;92.5
S0089;Sari Pratama;Surabaya;linux;95.2
S0089;Sari Pratama;Surabaya;microservices;72.6
S0089;Sari Pratama;Surabaya;microsoft excel;60.8
S0089;Sari Pratama;Surabaya;mysql;90.0
S0089;Sari Pratama;Surabaya;nosql;63.1
S0089;Sari Pratama;Surabaya;oop (object oriented programming);97.3
S0089;Sari Pratama;Surabaya;osi layer;73.7
S0089;Sari Pratama;Surabaya;php;85.9
S0089;Sari Pratama;Surabaya;prototyping;99.8
S0089;Sari Pratama;Surabaya;python;61.7
S0089;Sari Pratama;Surabaya;regresi;98.2
S0089;Sari Pratama;Surabaya;rest api;59.2
S0089;Sari Pratama;Surabaya;sap;92.3
S0089;Sari Pratama;Surabaya;scm (supply chain management);97.3
S0089;Sari Pratama;Surabaya;sql;64.9
S0089;Sari Pratama;Surabaya;statistika/probabilitas;83.2
S0089;Sari Pratama;Surabaya;ui/ux design;61.9
S0089;Sari Pratama;Surabaya;uml (unified modeling language);95.5
S0089;Sari Pratama;Surabaya;usability testing;74.5
S0089;Sari Pratama;Surabaya;use case diagram;83.2
S0089;Sari Pratama;Surabaya;vulnerability assessment;76.0
S0089;Sari Pratama;Surabaya;xml;61.1
S0090;Laila Rahman;Surabaya;agile;78.1
S0090;Laila Rahman;Surabaya;algorithm design;98.0
S0090;Laila Rahman;Surabaya;basic programming;98.0
S0090;Laila Rahman;Surabaya;basis data / database;93.1
S0090;Laila Rahman;Surabaya;business intelligence;87.9
S0090;Laila Rahman;Surabaya;cisco;98.3
S0090;Laila Rahman;Surabaya;cloud computing;73.5
S0090;Laila Rahman;Surabaya;clustering;96.6
S0090;Laila Rahman;Surabaya;cobit;88.8
S0090;Laila Rahman;Surabaya;crm (customer relationship management);63.0
S0090;Laila Rahman;Surabaya;data mining;96.1
S0090;Laila Rahman;Surabaya;data warehouse;90.4
S0090;Laila Rahman;Surabaya;design thinking;71.6
S0090;Laila Rahman;Surabaya;devops;80.4
S0090;Laila Rahman;Surabaya;docker;87.0
S0090;Laila Rahman;Surabaya;erp (enterprise resource planning);67.4
S0090;Laila Rahman;Surabaya;figma;85.1
S0090;Laila Rahman;Surabaya;git;86.6
S0090;Laila Rahman;Surabaya;github;92.0
S0090;Laila Rahman;Surabaya;html;69.1
S0090;Laila Rahman;Surabaya;http;84.7
S0090;Laila Rahman;Surabaya;information systems;98.8
S0090;Laila Rahman;Surabaya;jaringan komputer;80.9
S0090;Laila Rahman;Surabaya;java;71.3
S0090;Laila Rahman;Surabaya;json;55.2
S0090;Laila Rahman;Surabaya;kanban;72.0
S0090;Laila Rahman;Surabaya;klasifikasi (data);57.6
S0090;Laila Rahman;Surabaya;kpi (key performance indicator);89.8
S0090;Laila Rahman;Surabaya;kriptografi;51.5
S0090;Laila Rahman;Surabaya;linux;83.9
S0090;Laila Rahman;Surabaya;machine learning;98.9
S0090;Laila Rahman;Surabaya;microservices;72.8
S0090;Laila Rahman;Surabaya;microsoft excel;52.0
S0090;Laila Rahman;Surabaya;nosql;74.8
S0090;Laila Rahman;Surabaya;oop (object oriented programming);76.8
S0090;Laila Rahman;Surabaya;osi layer;93.2
S0090;Laila Rahman;Surabaya;php;93.5
S0090;Laila Rahman;Surabaya;prototyping;91.5
S0090;Laila Rahman;Surabaya;python;91.2
S0090;Laila Rahman;Surabaya;regresi;95.4
S0090;Laila Rahman;Surabaya;rest api;64.4
S0090;Laila Rahman;Surabaya;sap;77.4
S0090;Laila Rahman;Surabaya;scm (supply chain management);69.4
S0090;Laila Rahman;Surabaya;sprint (agile);84.0
S0090;Laila Rahman;Surabaya;sql;58.9
S0090;Laila Rahman;Surabaya;statistika/probabilitas;94.6
S0090;Laila Rahman;Surabaya;ui/ux design;83.5
S0090;Laila Rahman;Surabaya;uml (unified modeling language);98.0
S0090;Laila Rahman;Surabaya;usability testing;73.7
S0090;Laila Rahman;Surabaya;use case diagram;90.0
S0090;Laila Rahman;Surabaya;vulnerability assessment;80.5
S0090;Laila Rahman;Surabaya;xml;72.1
S0091;Bella Rahman;Surabaya;agile;70.6
S0091;Bella Rahman;Surabaya;algorithm design;91.9
S0091;Bella Rahman;Surabaya;basic programming;91.9
S0091;Bella Rahman;Surabaya;basis data / database;93.3
S0091;Bella Rahman;Surabaya;business intelligence;77.4
S0091;Bella Rahman;Surabaya;cisco;76.1
S0091;Bella Rahman;Surabaya;cloud computing;83.9
S0091;Bella Rahman;Surabaya;clustering;72.5
S0091;Bella Rahman;Surabaya;cobit;87.2
S0091;Bella Rahman;Surabaya;crm (customer relationship management);93.2
S0091;Bella Rahman;Surabaya;data mining;80.8
S0091;Bella Rahman;Surabaya;data warehouse;62.6
S0091;Bella Rahman;Surabaya;devops;57.7
S0091;Bella Rahman;Surabaya;docker;77.6
S0091;Bella Rahman;Surabaya;erp (enterprise resource planning);68.9
S0091;Bella Rahman;Surabaya;figma;93.3
S0091;Bella Rahman;Surabaya;git;87.6
S0091;Bella Rahman;Surabaya;github;85.5
S0091;Bella Rahman;Surabaya;graphql;56.1
S0091;Bella Rahman;Surabaya;http;92.7
S0091;Bella Rahman;Surabaya;information systems;99.4
S0091;Bella Rahman;Surabaya;jaringan komputer;57.7
S0091;Bella Rahman;Surabaya;java;81.2
S0091;Bella Rahman;Surabaya;json;58.3
S0091;Bella Rahman;Surabaya;kanban;68.4
S0091;Bella Rahman;Surabaya;klasifikasi (data);98.2
S0091;Bella Rahman;Surabaya;kpi (key performance indicator);87.4
S0091;Bella Rahman;Surabaya;kriptografi;78.8
S0091;Bella Rahman;Surabaya;laravel;92.7
S0091;Bella Rahman;Surabaya;linux;75.6
S0091;Bella Rahman;Surabaya;machine learning;73.6
S0091;Bella Rahman;Surabaya;microservices;98.6
S0091;Bella Rahman;Surabaya;microsoft excel;80.7
S0091;Bella Rahman;Surabaya;mysql;88.1
S0091;Bella Rahman;Surabaya;nosql;97.6
S0091;Bella Rahman;Surabaya;oop (object oriented programming);74.1
S0091;Bella Rahman;Surabaya;osi layer;99.4
S0091;Bella Rahman;Surabaya;php;95.1
S0091;Bella Rahman;Surabaya;prototyping;98.8
S0091;Bella Rahman;Surabaya;python;57.9
S0091;Bella Rahman;Surabaya;regresi;64.0
S0091;Bella Rahman;Surabaya;rest api;62.6
S0091;Bella Rahman;Surabaya;scm (supply chain management);98.8
S0091;Bella Rahman;Surabaya;sprint (agile);94.2
S0091;Bella Rahman;Surabaya;sql;67.5
S0091;Bella Rahman;Surabaya;statistika/probabilitas;97.6
S0091;Bella Rahman;Surabaya;ui/ux design;51.4
S0091;Bella Rahman;Surabaya;uml (unified modeling language);97.8
S0091;Bella Rahman;Surabaya;usability testing;69.5
S0091;Bella Rahman;Surabaya;use case diagram;73.9
S0091;Bella Rahman;Surabaya;vulnerability assessment;93.0
S0092;Rian Puspita;Surabaya;agile;72.7
S0092;Rian Puspita;Surabaya;algorithm design;96.7
S0092;Rian Puspita;Surabaya;basic programming;96.7
S0092;Rian Puspita;Surabaya;basis data / database;87.3
S0092;Rian Puspita;Surabaya;business intelligence;75.9
S0092;Rian Puspita;Surabaya;cisco;81.6
S0092;Rian Puspita;Surabaya;cloud computing;63.0
S0092;Rian Puspita;Surabaya;cobit;89.4
S0092;Rian Puspita;Surabaya;crm (customer relationship management);87.6
S0092;Rian Puspita;Surabaya;css;91.2
S0092;Rian Puspita;Surabaya;data mining;93.8
S0092;Rian Puspita;Surabaya;data warehouse;93.3
S0092;Rian Puspita;Surabaya;design thinking;99.1
S0092;Rian Puspita;Surabaya;devops;72.9
S0092;Rian Puspita;Surabaya;docker;93.7
S0092;Rian Puspita;Surabaya;erd (entity relationship diagram);74.0
S0092;Rian Puspita;Surabaya;erp (enterprise resource planning);82.0
S0092;Rian Puspita;Surabaya;figma;78.5
S0092;Rian Puspita;Surabaya;firewall;88.9
S0092;Rian Puspita;Surabaya;git;92.4
S0092;Rian Puspita;Surabaya;github;85.5
S0092;Rian Puspita;Surabaya;graphql;56.4
S0092;Rian Puspita;Surabaya;http;87.2
S0092;Rian Puspita;Surabaya;information systems;98.3
S0092;Rian Puspita;Surabaya;jaringan komputer;83.5
S0092;Rian Puspita;Surabaya;java;74.2
S0092;Rian Puspita;Surabaya;json;85.1
S0092;Rian Puspita;Surabaya;kanban;62.9
S0092;Rian Puspita;Surabaya;klasifikasi (data);83.6
S0092;Rian Puspita;Surabaya;kpi (key performance indicator);78.9
S0092;Rian Puspita;Surabaya;kriptografi;57.2
S0092;Rian Puspita;Surabaya;linux;85.5
S0092;Rian Puspita;Surabaya;machine learning;80.1
S0092;Rian Puspita;Surabaya;microservices;56.5
S0092;Rian Puspita;Surabaya;microsoft excel;75.2
S0092;Rian Puspita;Surabaya;nosql;51.0
S0092;Rian Puspita;Surabaya;oop (object oriented programming);54.7
S0092;Rian Puspita;Surabaya;osi layer;85.2
S0092;Rian Puspita;Surabaya;php;89.9
S0092;Rian Puspita;Surabaya;prototyping;99.1
S0092;Rian Puspita;Surabaya;python;75.9
S0092;Rian Puspita;Surabaya;regresi;54.6
S0092;Rian Puspita;Surabaya;rest api;64.9
S0092;Rian Puspita;Surabaya;sap;65.4
S0092;Rian Puspita;Surabaya;scm (supply chain management);97.7
S0092;Rian Puspita;Surabaya;sql;82.1
S0092;Rian Puspita;Surabaya;statistika/probabilitas;84.2
S0092;Rian Puspita;Surabaya;ui/ux design;72.9
S0092;Rian Puspita;Surabaya;uml (unified modeling language);61.2
S0092;Rian Puspita;Surabaya;usability testing;73.4
S0092;Rian Puspita;Surabaya;use case diagram;61.5
S0092;Rian Puspita;Surabaya;vulnerability assessment;87.6
S0092;Rian Puspita;Surabaya;xml;62.9
S0093;Made Wijaya;Surabaya;agile;74.9
S0093;Made Wijaya;Surabaya;algorithm design;91.1
S0093;Made Wijaya;Surabaya;basic programming;91.1
S0093;Made Wijaya;Surabaya;basis data / database;79.9
S0093;Made Wijaya;Surabaya;business intelligence;99.9
S0093;Made Wijaya;Surabaya;cisco;74.3
S0093;Made Wijaya;Surabaya;cloud computing;79.1
S0093;Made Wijaya;Surabaya;clustering;90.9
S0093;Made Wijaya;Surabaya;cobit;91.1
S0093;Made Wijaya;Surabaya;crm (customer relationship management);56.7
S0093;Made Wijaya;Surabaya;data mining;72.9
S0093;Made Wijaya;Surabaya;data warehouse;90.5
S0093;Made Wijaya;Surabaya;devops;98.2
S0093;Made Wijaya;Surabaya;docker;60.7
S0093;Made Wijaya;Surabaya;erd (entity relationship diagram);68.5
S0093;Made Wijaya;Surabaya;erp (enterprise resource planning);72.2
S0093;Made Wijaya;Surabaya;figma;86.5
S0093;Made Wijaya;Surabaya;git;97.0
S0093;Made Wijaya;Surabaya;github;99.2
S0093;Made Wijaya;Surabaya;graphql;78.0
S0093;Made Wijaya;Surabaya;html;74.6
S0093;Made Wijaya;Surabaya;http;93.3
S0093;Made Wijaya;Surabaya;information systems;99.8
S0093;Made Wijaya;Surabaya;jaringan komputer;90.3
S0093;Made Wijaya;Surabaya;java;85.8
S0093;Made Wijaya;Surabaya;json;61.1
S0093;Made Wijaya;Surabaya;kanban;78.0
S0093;Made Wijaya;Surabaya;klasifikasi (data);89.3
S0093;Made Wijaya;Surabaya;kpi (key performance indicator);51.7
S0093;Made Wijaya;Surabaya;kriptografi;74.5
S0093;Made Wijaya;Surabaya;laravel;83.0
S0093;Made Wijaya;Surabaya;linux;78.4
S0093;Made Wijaya;Surabaya;microservices;80.6
S0093;Made Wijaya;Surabaya;microsoft excel;63.3
S0093;Made Wijaya;Surabaya;mysql;76.1
S0093;Made Wijaya;Surabaya;nosql;68.1
S0093;Made Wijaya;Surabaya;oop (object oriented programming);61.0
S0093;Made Wijaya;Surabaya;php;94.9
S0093;Made Wijaya;Surabaya;prototyping;92.4
S0093;Made Wijaya;Surabaya;python;96.1
S0093;Made Wijaya;Surabaya;regresi;74.3
S0093;Made Wijaya;Surabaya;rest api;67.9
S0093;Made Wijaya;Surabaya;sap;53.8
S0093;Made Wijaya;Surabaya;scm (supply chain management);94.4
S0093;Made Wijaya;Surabaya;sql;87.4
S0093;Made Wijaya;Surabaya;statistika/probabilitas;94.8
S0093;Made Wijaya;Surabaya;ui/ux design;85.4
S0093;Made Wijaya;Surabaya;uml (unified modeling language);91.2
S0093;Made Wijaya;Surabaya;usability testing;69.7
S0093;Made Wijaya;Surabaya;use case diagram;89.7
S0093;Made Wijaya;Surabaya;vulnerability assessment;83.4
S0094;Farhan Hidayat;Surabaya;agile;90.1
S0094;Farhan Hidayat;Surabaya;algorithm design;79.4
S0094;Farhan Hidayat;Surabaya;basic programming;79.4
S0094;Farhan Hidayat;Surabaya;basis data / database;98.0
S0094;Farhan Hidayat;Surabaya;business intelligence;76.0
S0094;Farhan Hidayat;Surabaya;cisco;54.2
S0094;Farhan Hidayat;Surabaya;cloud computing;52.6
S0094;Farhan Hidayat;Surabaya;clustering;82.4
S0094;Farhan Hidayat;Surabaya;cobit;72.1
S0094;Farhan Hidayat;Surabaya;crm (customer relationship management);99.5
S0094;Farhan Hidayat;Surabaya;css;71.5
S0094;Farhan Hidayat;Surabaya;data mining;81.4
S0094;Farhan Hidayat;Surabaya;data warehouse;87.7
S0094;Farhan Hidayat;Surabaya;docker;80.9
S0094;Farhan Hidayat;Surabaya;erd (entity relationship diagram);83.5
S0094;Farhan Hidayat;Surabaya;erp (enterprise resource planning);95.8
S0094;Farhan Hidayat;Surabaya;figma;72.2
S0094;Farhan Hidayat;Surabaya;firewall;86.7
S0094;Farhan Hidayat;Surabaya;git;98.0
S0094;Farhan Hidayat;Surabaya;github;88.7
S0094;Farhan Hidayat;Surabaya;graphql;94.2
S0094;Farhan Hidayat;Surabaya;html;92.5
S0094;Farhan Hidayat;Surabaya;http;96.7
S0094;Farhan Hidayat;Surabaya;information systems;98.8
S0094;Farhan Hidayat;Surabaya;jaringan komputer;90.6
S0094;Farhan Hidayat;Surabaya;java;100.0
S0094;Farhan Hidayat;Surabaya;kanban;65.8
S0094;Farhan Hidayat;Surabaya;klasifikasi (data);67.3
S0094;Farhan Hidayat;Surabaya;kpi (key performance indicator);74.8
S0094;Farhan Hidayat;Surabaya;kriptografi;84.0
S0094;Farhan Hidayat;Surabaya;laravel;78.6
S0094;Farhan Hidayat;Surabaya;linux;66.2
S0094;Farhan Hidayat;Surabaya;machine learning;92.9
S0094;Farhan Hidayat;Surabaya;microservices;70.0
S0094;Farhan Hidayat;Surabaya;microsoft excel;69.7
S0094;Farhan Hidayat;Surabaya;mysql;61.8
S0094;Farhan Hidayat;Surabaya;nosql;85.4
S0094;Farhan Hidayat;Surabaya;oop (object oriented programming);66.1
S0094;Farhan Hidayat;Surabaya;osi layer;92.7
S0094;Farhan Hidayat;Surabaya;php;81.5
S0094;Farhan Hidayat;Surabaya;prototyping;90.1
S0094;Farhan Hidayat;Surabaya;python;98.6
S0094;Farhan Hidayat;Surabaya;regresi;78.4
S0094;Farhan Hidayat;Surabaya;sap;59.1
S0094;Farhan Hidayat;Surabaya;scm (supply chain management);99.5
S0094;Farhan Hidayat;Surabaya;sprint (agile);93.3
S0094;Farhan Hidayat;Surabaya;sql;85.9
S0094;Farhan Hidayat;Surabaya;statistika/probabilitas;91.2
S0094;Farhan Hidayat;Surabaya;ui/ux design;85.0
S0094;Farhan Hidayat;Surabaya;uml (unified modeling language);90.6
S0094;Farhan Hidayat;Surabaya;usability testing;98.8
S0094;Farhan Hidayat;Surabaya;use case diagram;75.2
S0094;Farhan Hidayat;Surabaya;vulnerability assessment;89.4
S0095;Oki Pratama;Surabaya;agile;86.2
S0095;Oki Pratama;Surabaya;basis data / database;90.1
S0095;Oki Pratama;Surabaya;business intelligence;90.5
S0095;Oki Pratama;Surabaya;cisco;53.0
S0095;Oki Pratama;Surabaya;cloud computing;68.7
S0095;Oki Pratama;Surabaya;clustering;69.3
S0095;Oki Pratama;Surabaya;cobit;62.2
S0095;Oki Pratama;Surabaya;crm (customer relationship management);92.9
S0095;Oki Pratama;Surabaya;css;59.9
S0095;Oki Pratama;Surabaya;data mining;89.7
S0095;Oki Pratama;Surabaya;data warehouse;89.3
S0095;Oki Pratama;Surabaya;design thinking;84.9
S0095;Oki Pratama;Surabaya;devops;84.8
S0095;Oki Pratama;Surabaya;docker;61.2
S0095;Oki Pratama;Surabaya;erd (entity relationship diagram);92.6
S0095;Oki Pratama;Surabaya;erp (enterprise resource planning);92.0
S0095;Oki Pratama;Surabaya;figma;64.1
S0095;Oki Pratama;Surabaya;firewall;91.8
S0095;Oki Pratama;Surabaya;github;97.9
S0095;Oki Pratama;Surabaya;graphql;72.4
S0095;Oki Pratama;Surabaya;html;95.4
S0095;Oki Pratama;Surabaya;http;57.7
S0095;Oki Pratama;Surabaya;information systems;98.8
S0095;Oki Pratama;Surabaya;jaringan komputer;85.7
S0095;Oki Pratama;Surabaya;java;85.4
S0095;Oki Pratama;Surabaya;json;87.8
S0095;Oki Pratama;Surabaya;kanban;92.6
S0095;Oki Pratama;Surabaya;klasifikasi (data);90.6
S0095;Oki Pratama;Surabaya;kpi (key performance indicator);73.1
S0095;Oki Pratama;Surabaya;kriptografi;85.3
S0095;Oki Pratama;Surabaya;laravel;97.2
S0095;Oki Pratama;Surabaya;linux;75.8
S0095;Oki Pratama;Surabaya;machine learning;84.2
S0095;Oki Pratama;Surabaya;microservices;82.0
S0095;Oki Pratama;Surabaya;microsoft excel;58.0
S0095;Oki Pratama;Surabaya;mysql;85.4
S0095;Oki Pratama;Surabaya;nosql;96.9
S0095;Oki Pratama;Surabaya;oop (object oriented programming);64.7
S0095;Oki Pratama;Surabaya;osi layer;60.7
S0095;Oki Pratama;Surabaya;php;58.6
S0095;Oki Pratama;Surabaya;prototyping;73.5
S0095;Oki Pratama;Surabaya;python;60.8
S0095;Oki Pratama;Surabaya;regresi;62.8
S0095;Oki Pratama;Surabaya;rest api;55.8
S0095;Oki Pratama;Surabaya;sap;93.9
S0095;Oki Pratama;Surabaya;scm (supply chain management);86.6
S0095;Oki Pratama;Surabaya;sprint (agile);74.5
S0095;Oki Pratama;Surabaya;sql;98.2
S0095;Oki Pratama;Surabaya;statistika/probabilitas;77.1
S0095;Oki Pratama;Surabaya;ui/ux design;99.5
S0095;Oki Pratama;Surabaya;uml (unified modeling language);65.3
S0095;Oki Pratama;Surabaya;usability testing;87.1
S0095;Oki Pratama;Surabaya;use case diagram;79.8
S0095;Oki Pratama;Surabaya;vulnerability assessment;73.3
S0095;Oki Pratama;Surabaya;xml;65.1
S0096;Citra Nugroho;Surabaya;agile;90.2
S0096;Citra Nugroho;Surabaya;algorithm design;88.1
S0096;Citra Nugroho;Surabaya;basic programming;88.1
S0096;Citra Nugroho;Surabaya;basis data / database;97.1
S0096;Citra Nugroho;Surabaya;business intelligence;93.2
S0096;Citra Nugroho;Surabaya;cisco;79.7
S0096;Citra Nugroho;Surabaya;cloud computing;94.7
S0096;Citra Nugroho;Surabaya;clustering;60.4
S0096;Citra Nugroho;Surabaya;cobit;85.4
S0096;Citra Nugroho;Surabaya;crm (customer relationship management);51.1
S0096;Citra Nugroho;Surabaya;css;61.4
S0096;Citra Nugroho;Surabaya;data mining;88.0
S0096;Citra Nugroho;Surabaya;data warehouse;64.6
S0096;Citra Nugroho;Surabaya;design thinking;55.2
S0096;Citra Nugroho;Surabaya;devops;62.8
S0096;Citra Nugroho;Surabaya;docker;82.7
S0096;Citra Nugroho;Surabaya;erd (entity relationship diagram);94.4
S0096;Citra Nugroho;Surabaya;erp (enterprise resource planning);91.6
S0096;Citra Nugroho;Surabaya;figma;96.2
S0096;Citra Nugroho;Surabaya;git;77.5
S0096;Citra Nugroho;Surabaya;github;87.7
S0096;Citra Nugroho;Surabaya;graphql;50.2
S0096;Citra Nugroho;Surabaya;html;70.0
S0096;Citra Nugroho;Surabaya;http;56.3
S0096;Citra Nugroho;Surabaya;information systems;99.5
S0096;Citra Nugroho;Surabaya;jaringan komputer;99.8
S0096;Citra Nugroho;Surabaya;java;95.2
S0096;Citra Nugroho;Surabaya;json;74.5
S0096;Citra Nugroho;Surabaya;klasifikasi (data);97.6
S0096;Citra Nugroho;Surabaya;kpi (key performance indicator);78.2
S0096;Citra Nugroho;Surabaya;linux;81.8
S0096;Citra Nugroho;Surabaya;machine learning;72.6
S0096;Citra Nugroho;Surabaya;microservices;91.5
S0096;Citra Nugroho;Surabaya;microsoft excel;54.0
S0096;Citra Nugroho;Surabaya;mysql;66.1
S0096;Citra Nugroho;Surabaya;nosql;57.4
S0096;Citra Nugroho;Surabaya;oop (object oriented programming);73.9
S0096;Citra Nugroho;Surabaya;osi layer;60.8
S0096;Citra Nugroho;Surabaya;php;97.8
S0096;Citra Nugroho;Surabaya;prototyping;90.3
S0096;Citra Nugroho;Surabaya;python;68.9
S0096;Citra Nugroho;Surabaya;regresi;66.6
S0096;Citra Nugroho;Surabaya;rest api;92.8
S0096;Citra Nugroho;Surabaya;sap;80.5
S0096;Citra Nugroho;Surabaya;scm (supply chain management);93.5
S0096;Citra Nugroho;Surabaya;sprint (agile);71.1
S0096;Citra Nugroho;Surabaya;sql;93.4
S0096;Citra Nugroho;Surabaya;statistika/probabilitas;82.1
S0096;Citra Nugroho;Surabaya;ui/ux design;72.0
S0096;Citra Nugroho;Surabaya;uml (unified modeling language);86.6
S0096;Citra Nugroho;Surabaya;usability testing;91.9
S0096;Citra Nugroho;Surabaya;use case diagram;67.4
S0096;Citra Nugroho;Surabaya;vulnerability assessment;59.5
S0096;Citra Nugroho;Surabaya;xml;98.0
S0097;Laila Anggraini;Surabaya;agile;65.1
S0097;Laila Anggraini;Surabaya;algorithm design;91.5
S0097;Laila Anggraini;Surabaya;basic programming;91.5
S0097;Laila Anggraini;Surabaya;basis data / database;98.6
S0097;Laila Anggraini;Surabaya;business intelligence;96.0
S0097;Laila Anggraini;Surabaya;cisco;61.2
S0097;Laila Anggraini;Surabaya;cloud computing;86.2
S0097;Laila Anggraini;Surabaya;cobit;93.8
S0097;Laila Anggraini;Surabaya;crm (customer relationship management);67.0
S0097;Laila Anggraini;Surabaya;data mining;95.1
S0097;Laila Anggraini;Surabaya;data warehouse;94.2
S0097;Laila Anggraini;Surabaya;design thinking;80.4
S0097;Laila Anggraini;Surabaya;devops;72.2
S0097;Laila Anggraini;Surabaya;docker;51.0
S0097;Laila Anggraini;Surabaya;erd (entity relationship diagram);64.4
S0097;Laila Anggraini;Surabaya;erp (enterprise resource planning);84.2
S0097;Laila Anggraini;Surabaya;figma;97.8
S0097;Laila Anggraini;Surabaya;firewall;56.0
S0097;Laila Anggraini;Surabaya;git;93.3
S0097;Laila Anggraini;Surabaya;github;100.0
S0097;Laila Anggraini;Surabaya;graphql;71.6
S0097;Laila Anggraini;Surabaya;html;78.1
S0097;Laila Anggraini;Surabaya;http;64.9
S0097;Laila Anggraini;Surabaya;information systems;99.7
S0097;Laila Anggraini;Surabaya;jaringan komputer;90.1
S0097;Laila Anggraini;Surabaya;java;76.1
S0097;Laila Anggraini;Surabaya;json;79.2
S0097;Laila Anggraini;Surabaya;kanban;75.8
S0097;Laila Anggraini;Surabaya;klasifikasi (data);98.4
S0097;Laila Anggraini;Surabaya;kpi (key performance indicator);85.0
S0097;Laila Anggraini;Surabaya;kriptografi;52.4
S0097;Laila Anggraini;Surabaya;linux;95.7
S0097;Laila Anggraini;Surabaya;microservices;93.3
S0097;Laila Anggraini;Surabaya;microsoft excel;70.5
S0097;Laila Anggraini;Surabaya;mysql;73.5
S0097;Laila Anggraini;Surabaya;nosql;91.5
S0097;Laila Anggraini;Surabaya;oop (object oriented programming);93.6
S0097;Laila Anggraini;Surabaya;osi layer;82.5
S0097;Laila Anggraini;Surabaya;php;63.1
S0097;Laila Anggraini;Surabaya;prototyping;97.5
S0097;Laila Anggraini;Surabaya;python;65.5
S0097;Laila Anggraini;Surabaya;rest api;71.6
S0097;Laila Anggraini;Surabaya;sap;97.4
S0097;Laila Anggraini;Surabaya;scm (supply chain management);95.9
S0097;Laila Anggraini;Surabaya;sprint (agile);59.1
S0097;Laila Anggraini;Surabaya;sql;81.0
S0097;Laila Anggraini;Surabaya;statistika/probabilitas;99.2
S0097;Laila Anggraini;Surabaya;ui/ux design;92.9
S0097;Laila Anggraini;Surabaya;uml (unified modeling language);99.8
S0097;Laila Anggraini;Surabaya;usability testing;97.2
S0097;Laila Anggraini;Surabaya;use case diagram;73.2
S0097;Laila Anggraini;Surabaya;vulnerability assessment;87.8
S0097;Laila Anggraini;Surabaya;xml;52.8
S0098;Putri Saputra;Surabaya;agile;89.5
S0098;Putri Saputra;Surabaya;algorithm design;77.4
S0098;Putri Saputra;Surabaya;basic programming;77.4
S0098;Putri Saputra;Surabaya;basis data / database;75.9
S0098;Putri Saputra;Surabaya;business intelligence;78.9
S0098;Putri Saputra;Surabaya;cisco;51.6
S0098;Putri Saputra;Surabaya;cloud computing;95.9
S0098;Putri Saputra;Surabaya;clustering;94.3
S0098;Putri Saputra;Surabaya;cobit;96.3
S0098;Putri Saputra;Surabaya;crm (customer relationship management);94.9
S0098;Putri Saputra;Surabaya;css;53.4
S0098;Putri Saputra;Surabaya;data mining;92.7
S0098;Putri Saputra;Surabaya;data warehouse;93.8
S0098;Putri Saputra;Surabaya;design thinking;93.6
S0098;Putri Saputra;Surabaya;devops;71.6
S0098;Putri Saputra;Surabaya;docker;72.5
S0098;Putri Saputra;Surabaya;erp (enterprise resource planning);67.1
S0098;Putri Saputra;Surabaya;firewall;52.7
S0098;Putri Saputra;Surabaya;git;90.7
S0098;Putri Saputra;Surabaya;github;90.2
S0098;Putri Saputra;Surabaya;graphql;99.5
S0098;Putri Saputra;Surabaya;html;64.2
S0098;Putri Saputra;Surabaya;http;57.2
S0098;Putri Saputra;Surabaya;information systems;98.9
S0098;Putri Saputra;Surabaya;jaringan komputer;71.1
S0098;Putri Saputra;Surabaya;java;81.4
S0098;Putri Saputra;Surabaya;json;79.4
S0098;Putri Saputra;Surabaya;kanban;60.1
S0098;Putri Saputra;Surabaya;klasifikasi (data);88.7
S0098;Putri Saputra;Surabaya;kpi (key performance indicator);84.6
S0098;Putri Saputra;Surabaya;kriptografi;56.5
S0098;Putri Saputra;Surabaya;laravel;98.4
S0098;Putri Saputra;Surabaya;linux;83.0
S0098;Putri Saputra;Surabaya;microservices;93.4
S0098;Putri Saputra;Surabaya;microsoft excel;53.0
S0098;Putri Saputra;Surabaya;mysql;93.8
S0098;Putri Saputra;Surabaya;nosql;90.0
S0098;Putri Saputra;Surabaya;oop (object oriented programming);64.8
S0098;Putri Saputra;Surabaya;osi layer;94.9
S0098;Putri Saputra;Surabaya;php;89.9
S0098;Putri Saputra;Surabaya;prototyping;89.1
S0098;Putri Saputra;Surabaya;python;97.7
S0098;Putri Saputra;Surabaya;regresi;61.0
S0098;Putri Saputra;Surabaya;rest api;57.3
S0098;Putri Saputra;Surabaya;scm (supply chain management);74.0
S0098;Putri Saputra;Surabaya;sprint (agile);81.5
S0098;Putri Saputra;Surabaya;sql;97.7
S0098;Putri Saputra;Surabaya;statistika/probabilitas;85.2
S0098;Putri Saputra;Surabaya;ui/ux design;81.3
S0098;Putri Saputra;Surabaya;uml (unified modeling language);98.4
S0098;Putri Saputra;Surabaya;usability testing;84.2
S0098;Putri Saputra;Surabaya;use case diagram;68.3
S0098;Putri Saputra;Surabaya;vulnerability assessment;88.7
S0098;Putri Saputra;Surabaya;xml;54.6
S0099;Eka Permata;Surabaya;agile;97.6
S0099;Eka Permata;Surabaya;algorithm design;53.8
S0099;Eka Permata;Surabaya;basic programming;53.8
S0099;Eka Permata;Surabaya;basis data / database;95.8
S0099;Eka Permata;Surabaya;cisco;77.0
S0099;Eka Permata;Surabaya;cloud computing;57.0
S0099;Eka Permata;Surabaya;clustering;67.9
S0099;Eka Permata;Surabaya;cobit;90.3
S0099;Eka Permata;Surabaya;crm (customer relationship management);80.8
S0099;Eka Permata;Surabaya;css;93.6
S0099;Eka Permata;Surabaya;data mining;78.7
S0099;Eka Permata;Surabaya;data warehouse;75.4
S0099;Eka Permata;Surabaya;design thinking;66.4
S0099;Eka Permata;Surabaya;devops;73.7
S0099;Eka Permata;Surabaya;docker;84.3
S0099;Eka Permata;Surabaya;erd (entity relationship diagram);66.8
S0099;Eka Permata;Surabaya;erp (enterprise resource planning);69.8
S0099;Eka Permata;Surabaya;figma;65.6
S0099;Eka Permata;Surabaya;firewall;53.4
S0099;Eka Permata;Surabaya;git;71.5
S0099;Eka Permata;Surabaya;github;99.3
S0099;Eka Permata;Surabaya;graphql;90.7
S0099;Eka Permata;Surabaya;html;97.1
S0099;Eka Permata;Surabaya;http;95.7
S0099;Eka Permata;Surabaya;information systems;99.3
S0099;Eka Permata;Surabaya;jaringan komputer;88.0
S0099;Eka Permata;Surabaya;java;66.1
S0099;Eka Permata;Surabaya;json;81.7
S0099;Eka Permata;Surabaya;kanban;86.7
S0099;Eka Permata;Surabaya;klasifikasi (data);97.9
S0099;Eka Permata;Surabaya;kpi (key performance indicator);57.8
S0099;Eka Permata;Surabaya;kriptografi;62.4
S0099;Eka Permata;Surabaya;laravel;63.8
S0099;Eka Permata;Surabaya;linux;93.6
S0099;Eka Permata;Surabaya;machine learning;91.9
S0099;Eka Permata;Surabaya;microservices;97.5
S0099;Eka Permata;Surabaya;microsoft excel;50.4
S0099;Eka Permata;Surabaya;mysql;97.5
S0099;Eka Permata;Surabaya;nosql;76.1
S0099;Eka Permata;Surabaya;osi layer;50.7
S0099;Eka Permata;Surabaya;php;61.1
S0099;Eka Permata;Surabaya;prototyping;96.5
S0099;Eka Permata;Surabaya;python;64.6
S0099;Eka Permata;Surabaya;regresi;53.0
S0099;Eka Permata;Surabaya;rest api;89.8
S0099;Eka Permata;Surabaya;sap;85.1
S0099;Eka Permata;Surabaya;scm (supply chain management);96.7
S0099;Eka Permata;Surabaya;sprint (agile);97.5
S0099;Eka Permata;Surabaya;sql;74.6
S0099;Eka Permata;Surabaya;statistika/probabilitas;97.4
S0099;Eka Permata;Surabaya;ui/ux design;73.4
S0099;Eka Permata;Surabaya;uml (unified modeling language);57.4
S0099;Eka Permata;Surabaya;usability testing;90.5
S0099;Eka Permata;Surabaya;use case diagram;99.7
S0099;Eka Permata;Surabaya;vulnerability assessment;98.4
S0099;Eka Permata;Surabaya;xml;56.4
S0100;Umar Rahman;Surabaya;agile;89.1
S0100;Umar Rahman;Surabaya;algorithm design;66.5
S0100;Umar Rahman;Surabaya;basic programming;66.5
S0100;Umar Rahman;Surabaya;basis data / database;75.2
S0100;Umar Rahman;Surabaya;business intelligence;68.0
S0100;Umar Rahman;Surabaya;cisco;99.2
S0100;Umar Rahman;Surabaya;cloud computing;96.7
S0100;Umar Rahman;Surabaya;clustering;56.1
S0100;Umar Rahman;Surabaya;cobit;69.1
S0100;Umar Rahman;Surabaya;crm (customer relationship management);72.5
S0100;Umar Rahman;Surabaya;css;57.1
S0100;Umar Rahman;Surabaya;data mining;87.2
S0100;Umar Rahman;Surabaya;data warehouse;89.0
S0100;Umar Rahman;Surabaya;design thinking;83.0
S0100;Umar Rahman;Surabaya;docker;86.0
S0100;Umar Rahman;Surabaya;erd (entity relationship diagram);74.9
S0100;Umar Rahman;Surabaya;erp (enterprise resource planning);96.5
S0100;Umar Rahman;Surabaya;figma;61.8
S0100;Umar Rahman;Surabaya;firewall;77.9
S0100;Umar Rahman;Surabaya;git;54.8
S0100;Umar Rahman;Surabaya;github;84.0
S0100;Umar Rahman;Surabaya;graphql;67.7
S0100;Umar Rahman;Surabaya;html;53.2
S0100;Umar Rahman;Surabaya;http;69.3
S0100;Umar Rahman;Surabaya;information systems;97.1
S0100;Umar Rahman;Surabaya;jaringan komputer;98.3
S0100;Umar Rahman;Surabaya;java;92.8
S0100;Umar Rahman;Surabaya;json;85.8
S0100;Umar Rahman;Surabaya;klasifikasi (data);99.9
S0100;Umar Rahman;Surabaya;kriptografi;98.8
S0100;Umar Rahman;Surabaya;laravel;66.0
S0100;Umar Rahman;Surabaya;linux;78.9
S0100;Umar Rahman;Surabaya;microservices;91.0
S0100;Umar Rahman;Surabaya;microsoft excel;84.7
S0100;Umar Rahman;Surabaya;nosql;59.7
S0100;Umar Rahman;Surabaya;oop (object oriented programming);57.5
S0100;Umar Rahman;Surabaya;osi layer;81.5
S0100;Umar Rahman;Surabaya;php;82.4
S0100;Umar Rahman;Surabaya;prototyping;97.7
S0100;Umar Rahman;Surabaya;python;95.1
S0100;Umar Rahman;Surabaya;rest api;58.8
S0100;Umar Rahman;Surabaya;sap;76.1
S0100;Umar Rahman;Surabaya;scm (supply chain management);84.0
S0100;Umar Rahman;Surabaya;sprint (agile);58.1
S0100;Umar Rahman;Surabaya;sql;89.0
S0100;Umar Rahman;Surabaya;statistika/probabilitas;99.4
S0100;Umar Rahman;Surabaya;ui/ux design;58.1
S0100;Umar Rahman;Surabaya;uml (unified modeling language);86.2
S0100;Umar Rahman;Surabaya;usability testing;99.9
S0100;Umar Rahman;Surabaya;use case diagram;87.7
S0100;Umar Rahman;Surabaya;vulnerability assessment;93.6
S0100;Umar Rahman;Surabaya;xml;65.8
